trust,period_end,shape_source,series,actual,predicted,residual,mix_as_of,mix_extrapolated,level_year,level_year_clamped
amex,2021-01-31,fico_odds,ccip,0.017995,0.010148592199329075,0.007846407800670925,,True,2021,False
amex,2021-01-31,fico_fed2007,ccip,0.017995,0.00949361012913773,0.008501389870862271,,True,2021,False
amex,2021-01-31,acms2018,ccip,0.017995,0.02134560187468733,-0.0033506018746873277,,True,2021,False
amex,2021-01-31,acms2018_dpd90,ccip,0.017995,0.019481562302846523,-0.0014865623028465225,,True,2021,False
amex,2021-05-31,fico_odds,ccip,0.015484,0.010148592199329075,0.005335407800670924,,True,2021,False
amex,2021-05-31,fico_fed2007,ccip,0.015484,0.00949361012913773,0.00599038987086227,,True,2021,False
amex,2021-05-31,acms2018,ccip,0.015484,0.02134560187468733,-0.005861601874687329,,True,2021,False
amex,2021-05-31,acms2018_dpd90,ccip,0.015484,0.019481562302846523,-0.0039975623028465235,,True,2021,False
amex,2021-08-31,fico_odds,ccip,0.01194,0.010148592199329075,0.0017914078006709237,,True,2021,False
amex,2021-08-31,fico_fed2007,ccip,0.01194,0.00949361012913773,0.0024463898708622697,,True,2021,False
amex,2021-08-31,acms2018,ccip,0.01194,0.02134560187468733,-0.009405601874687329,,True,2021,False
amex,2021-08-31,acms2018_dpd90,ccip,0.01194,0.019481562302846523,-0.007541562302846524,,True,2021,False
amex,2021-10-31,fico_odds,ccip,0.01216,0.010148592199329075,0.002011407800670925,,True,2021,False
amex,2021-10-31,fico_fed2007,ccip,0.01216,0.00949361012913773,0.002666389870862271,,True,2021,False
amex,2021-10-31,acms2018,ccip,0.01216,0.02134560187468733,-0.009185601874687328,,True,2021,False
amex,2021-10-31,acms2018_dpd90,ccip,0.01216,0.019481562302846523,-0.007321562302846522,,True,2021,False
amex,2022-04-30,fico_odds,ccip,0.013388,0.010342837844449749,0.003045162155550252,,True,2022,False
amex,2022-04-30,fico_fed2007,ccip,0.013388,0.009743436431283661,0.0036445635687163396,,True,2022,False
amex,2022-04-30,acms2018,ccip,0.013388,0.021093417878712578,-0.0077054178787125775,,True,2022,False
amex,2022-04-30,acms2018_dpd90,ccip,0.013388,0.0192741237527244,-0.0058861237527244,,True,2022,False
amex,2022-05-31,fico_odds,ccip,0.012463,0.010342837844449749,0.0021201621555502516,,True,2022,False
amex,2022-05-31,fico_fed2007,ccip,0.012463,0.009743436431283661,0.002719563568716339,,True,2022,False
amex,2022-05-31,acms2018,ccip,0.012463,0.021093417878712578,-0.008630417878712578,,True,2022,False
amex,2022-05-31,acms2018_dpd90,ccip,0.012463,0.0192741237527244,-0.006811123752724401,,True,2022,False
amex,2022-06-30,fico_odds,ccip,0.011564,0.010342837844449749,0.001221162155550251,,True,2022,False
amex,2022-06-30,fico_fed2007,ccip,0.011564,0.009743436431283661,0.0018205635687163386,,True,2022,False
amex,2022-06-30,acms2018,ccip,0.011564,0.021093417878712578,-0.009529417878712578,,True,2022,False
amex,2022-06-30,acms2018_dpd90,ccip,0.011564,0.0192741237527244,-0.007710123752724401,,True,2022,False
amex,2022-07-31,fico_odds,ccip,0.011547,0.010342837844449749,0.0012041621555502514,,True,2022,False
amex,2022-07-31,fico_fed2007,ccip,0.011547,0.009743436431283661,0.001803563568716339,,True,2022,False
amex,2022-07-31,acms2018,ccip,0.011547,0.021093417878712578,-0.009546417878712578,,True,2022,False
amex,2022-07-31,acms2018_dpd90,ccip,0.011547,0.0192741237527244,-0.007727123752724401,,True,2022,False
amex,2024-03-31,fico_odds,ccip,0.019183,0.020254726269117743,-0.001071726269117744,,True,2024,False
amex,2024-03-31,fico_fed2007,ccip,0.019183,0.019035449422041283,0.00014755057795871537,,True,2024,False
amex,2024-03-31,acms2018,ccip,0.019183,0.0425320632563455,-0.023349063256345504,,True,2024,False
amex,2024-03-31,acms2018_dpd90,ccip,0.019183,0.03868760244179635,-0.019504602441796352,,True,2024,False
amex,2024-04-30,fico_odds,ccip,0.021986,0.020254726269117743,0.001731273730882256,,True,2024,False
amex,2024-04-30,fico_fed2007,ccip,0.021986,0.019035449422041283,0.0029505505779587153,,True,2024,False
amex,2024-04-30,acms2018,ccip,0.021986,0.0425320632563455,-0.020546063256345504,,True,2024,False
amex,2024-04-30,acms2018_dpd90,ccip,0.021986,0.03868760244179635,-0.016701602441796352,,True,2024,False
amex,2024-12-31,fico_odds,ccip,0.018217,0.020254726269117743,-0.002037726269117742,,True,2024,False
amex,2024-12-31,fico_fed2007,ccip,0.018217,0.019035449422041283,-0.0008184494220412827,,True,2024,False
amex,2024-12-31,acms2018,ccip,0.018217,0.0425320632563455,-0.0243150632563455,,True,2024,False
amex,2024-12-31,acms2018_dpd90,ccip,0.018217,0.03868760244179635,-0.02047060244179635,,True,2024,False
amex,2025-03-31,fico_odds,ccip,0.021899,0.020254726269117743,0.0016442737308822557,,True,2024,True
amex,2025-03-31,fico_fed2007,ccip,0.021899,0.019035449422041283,0.002863550577958715,,True,2024,True
amex,2025-03-31,acms2018,ccip,0.021899,0.0425320632563455,-0.020633063256345504,,True,2024,True
amex,2025-03-31,acms2018_dpd90,ccip,0.021899,0.03868760244179635,-0.016788602441796353,,True,2024,True
amex,2025-04-30,fico_odds,ccip,0.01979,0.020254726269117743,-0.0004647262691177441,,True,2024,True
amex,2025-04-30,fico_fed2007,ccip,0.01979,0.019035449422041283,0.0007545505779587153,,True,2024,True
amex,2025-04-30,acms2018,ccip,0.01979,0.0425320632563455,-0.022742063256345504,,True,2024,True
amex,2025-04-30,acms2018_dpd90,ccip,0.01979,0.03868760244179635,-0.018897602441796352,,True,2024,True
amex,2025-07-31,fico_odds,ccip,0.018254,0.020254726269117743,-0.0020007262691177433,2025-05-31,False,2024,True
amex,2025-07-31,fico_fed2007,ccip,0.018254,0.019035449422041283,-0.0007814494220412839,2025-05-31,False,2024,True
amex,2025-07-31,acms2018,ccip,0.018254,0.0425320632563455,-0.024278063256345503,2025-05-31,False,2024,True
amex,2025-07-31,acms2018_dpd90,ccip,0.018254,0.03868760244179635,-0.02043360244179635,2025-05-31,False,2024,True
amex,2025-08-31,fico_odds,ccip,0.019577,0.020254726269117743,-0.000677726269117742,2025-05-31,False,2024,True
amex,2025-08-31,fico_fed2007,ccip,0.019577,0.019035449422041283,0.0005415505779587174,2025-05-31,False,2024,True
amex,2025-08-31,acms2018,ccip,0.019577,0.0425320632563455,-0.0229550632563455,2025-05-31,False,2024,True
amex,2025-08-31,acms2018_dpd90,ccip,0.019577,0.03868760244179635,-0.01911060244179635,2025-05-31,False,2024,True
amex,2025-11-30,fico_odds,ccip,0.018637,0.020254726269117743,-0.0016177262691177419,2025-05-31,False,2024,True
amex,2025-11-30,fico_fed2007,ccip,0.018637,0.019035449422041283,-0.0003984494220412825,2025-05-31,False,2024,True
amex,2025-11-30,acms2018,ccip,0.018637,0.0425320632563455,-0.0238950632563455,2025-05-31,False,2024,True
amex,2025-11-30,acms2018_dpd90,ccip,0.018637,0.03868760244179635,-0.02005060244179635,2025-05-31,False,2024,True
amex,2026-02-28,fico_odds,ccip,0.020228,0.020254726269117743,-2.67262691177432e-05,2025-05-31,False,2024,True
amex,2026-02-28,fico_fed2007,ccip,0.020228,0.019035449422041283,0.0011925505779587162,2025-05-31,False,2024,True
amex,2026-02-28,acms2018,ccip,0.020228,0.0425320632563455,-0.022304063256345503,2025-05-31,False,2024,True
amex,2026-02-28,acms2018_dpd90,ccip,0.020228,0.03868760244179635,-0.01845960244179635,2025-05-31,False,2024,True
amex,2026-03-31,fico_odds,ccip,0.019906,0.020254726269117743,-0.00034872626911774257,2025-05-31,False,2024,True
amex,2026-03-31,fico_fed2007,ccip,0.019906,0.019035449422041283,0.0008705505779587168,2025-05-31,False,2024,True
amex,2026-03-31,acms2018,ccip,0.019906,0.0425320632563455,-0.022626063256345502,2025-05-31,False,2024,True
amex,2026-03-31,acms2018_dpd90,ccip,0.019906,0.03868760244179635,-0.01878160244179635,2025-05-31,False,2024,True
amex,2026-04-30,fico_odds,ccip,0.021299,0.020254726269117743,0.0010442737308822558,2025-05-31,False,2024,True
amex,2026-04-30,fico_fed2007,ccip,0.021299,0.019035449422041283,0.002263550577958715,2025-05-31,False,2024,True
amex,2026-04-30,acms2018,ccip,0.021299,0.0425320632563455,-0.021233063256345504,2025-05-31,False,2024,True
amex,2026-04-30,acms2018_dpd90,ccip,0.021299,0.03868760244179635,-0.017388602441796353,2025-05-31,False,2024,True
amex,2026-05-31,fico_odds,ccip,0.019555,0.020254726269117743,-0.0006997262691177432,2025-05-31,False,2024,True
amex,2026-05-31,fico_fed2007,ccip,0.019555,0.019035449422041283,0.0005195505779587162,2025-05-31,False,2024,True
amex,2026-05-31,acms2018,ccip,0.019555,0.0425320632563455,-0.022977063256345503,2025-05-31,False,2024,True
amex,2026-05-31,acms2018_dpd90,ccip,0.019555,0.03868760244179635,-0.01913260244179635,2025-05-31,False,2024,True
amex,2026-06-30,fico_odds,ccip,0.017827,0.020254726269117743,-0.0024277262691177436,2025-05-31,False,2024,True
amex,2026-06-30,fico_fed2007,ccip,0.017827,0.019035449422041283,-0.0012084494220412842,2025-05-31,False,2024,True
amex,2026-06-30,acms2018,ccip,0.017827,0.0425320632563455,-0.024705063256345503,2025-05-31,False,2024,True
amex,2026-06-30,acms2018_dpd90,ccip,0.017827,0.03868760244179635,-0.020860602441796352,2025-05-31,False,2024,True
amex,2026-07-31,fico_odds,ccip,0.01864,0.020254726269117743,-0.0016147262691177423,2025-05-31,False,2024,True
amex,2026-07-31,fico_fed2007,ccip,0.01864,0.019035449422041283,-0.00039544942204128297,2025-05-31,False,2024,True
amex,2026-07-31,acms2018,ccip,0.01864,0.0425320632563455,-0.023892063256345502,2025-05-31,False,2024,True
amex,2026-07-31,acms2018_dpd90,ccip,0.01864,0.03868760244179635,-0.02004760244179635,2025-05-31,False,2024,True
bofa,2023-08-31,fico_odds,ccip,0.026,0.017399690120409258,0.008600309879590741,,True,2023,False
bofa,2023-08-31,fico_fed2007,ccip,0.026,0.016230408854841925,0.009769591145158074,,True,2023,False
bofa,2023-08-31,acms2018,ccip,0.026,0.03294273701506839,-0.006942737015068392,,True,2023,False
bofa,2023-08-31,acms2018_dpd90,ccip,0.026,0.03041271867396087,-0.004412718673960873,,True,2023,False
bofa,2023-09-30,fico_odds,ccip,0.0253,0.017399690120409258,0.007900309879590742,,True,2023,False
bofa,2023-09-30,fico_fed2007,ccip,0.0253,0.016230408854841925,0.009069591145158075,,True,2023,False
bofa,2023-09-30,acms2018,ccip,0.0253,0.03294273701506839,-0.007642737015068391,,True,2023,False
bofa,2023-09-30,acms2018_dpd90,ccip,0.0253,0.03041271867396087,-0.005112718673960872,,True,2023,False
bofa,2025-11-30,fico_odds,ccip,0.0275,0.02262988717907149,0.0048701128209285086,,True,2024,True
bofa,2025-11-30,fico_fed2007,ccip,0.0275,0.02103320672137017,0.0064667932786298295,,True,2024,True
bofa,2025-11-30,acms2018,ccip,0.0275,0.04376569399156073,-0.01626569399156073,,True,2024,True
bofa,2025-11-30,acms2018_dpd90,ccip,0.0275,0.040316008151597235,-0.012816008151597235,,True,2024,True
bofa,2025-12-31,fico_odds,ccip,0.0269,0.02262988717907149,0.004270112820928509,,True,2024,True
bofa,2025-12-31,fico_fed2007,ccip,0.0269,0.02103320672137017,0.00586679327862983,,True,2024,True
bofa,2025-12-31,acms2018,ccip,0.0269,0.04376569399156073,-0.01686569399156073,,True,2024,True
bofa,2025-12-31,acms2018_dpd90,ccip,0.0269,0.040316008151597235,-0.013416008151597235,,True,2024,True
bofa,2026-03-31,fico_odds,ccip,0.0305,0.02262988717907149,0.007870112820928508,,True,2024,True
bofa,2026-03-31,fico_fed2007,ccip,0.0305,0.02103320672137017,0.009466793278629829,,True,2024,True
bofa,2026-03-31,acms2018,ccip,0.0305,0.04376569399156073,-0.013265693991560731,,True,2024,True
bofa,2026-03-31,acms2018_dpd90,ccip,0.0305,0.040316008151597235,-0.009816008151597236,,True,2024,True
bofa,2026-04-30,fico_odds,ccip,0.0299,0.02262988717907149,0.007270112820928508,2026-04-01,False,2024,True
bofa,2026-04-30,fico_fed2007,ccip,0.0299,0.02103320672137017,0.008866793278629829,2026-04-01,False,2024,True
bofa,2026-04-30,acms2018,ccip,0.0299,0.04376569399156073,-0.013865693991560731,2026-04-01,False,2024,True
bofa,2026-04-30,acms2018_dpd90,ccip,0.0299,0.040316008151597235,-0.010416008151597236,2026-04-01,False,2024,True
bofa,2026-05-31,fico_odds,ccip,0.0274,0.02262988717907149,0.004770112820928509,2026-04-01,False,2024,True
bofa,2026-05-31,fico_fed2007,ccip,0.0274,0.02103320672137017,0.00636679327862983,2026-04-01,False,2024,True
bofa,2026-05-31,acms2018,ccip,0.0274,0.04376569399156073,-0.01636569399156073,2026-04-01,False,2024,True
bofa,2026-05-31,acms2018_dpd90,ccip,0.0274,0.040316008151597235,-0.012916008151597234,2026-04-01,False,2024,True
bofa,2026-07-31,fico_odds,ccip,0.0274,0.02262988717907149,0.004770112820928509,2026-04-01,False,2024,True
bofa,2026-07-31,fico_fed2007,ccip,0.0274,0.02103320672137017,0.00636679327862983,2026-04-01,False,2024,True
bofa,2026-07-31,acms2018,ccip,0.0274,0.04376569399156073,-0.01636569399156073,2026-04-01,False,2024,True
bofa,2026-07-31,acms2018_dpd90,ccip,0.0274,0.040316008151597235,-0.012916008151597234,2026-04-01,False,2024,True
chase,2018-12-31,fico_odds,ccip,0.0259,0.014388026480180772,0.011511973519819228,,True,2018,False
chase,2018-12-31,fico_fed2007,ccip,0.0259,0.013416325956886773,0.012483674043113227,,True,2018,False
chase,2018-12-31,acms2018,ccip,0.0259,0.029299500598179585,-0.0033995005981795855,,True,2018,False
chase,2018-12-31,acms2018_dpd90,ccip,0.0259,0.026726885168444164,-0.0008268851684441643,,True,2018,False
chase,2019-01-31,fico_odds,ccip,0.0252,0.014363861533462738,0.010836138466537262,,True,2019,False
chase,2019-01-31,fico_fed2007,ccip,0.0252,0.013354836829983698,0.011845163170016302,,True,2019,False
chase,2019-01-31,acms2018,ccip,0.0252,0.029794459215841385,-0.004594459215841385,,True,2019,False
chase,2019-01-31,acms2018_dpd90,ccip,0.0252,0.02711231277652725,-0.001912312776527248,,True,2019,False
chase,2019-02-28,fico_odds,ccip,0.0254,0.014363861533462738,0.011036138466537261,,True,2019,False
chase,2019-02-28,fico_fed2007,ccip,0.0254,0.013354836829983698,0.0120451631700163,,True,2019,False
chase,2019-02-28,acms2018,ccip,0.0254,0.029794459215841385,-0.004394459215841386,,True,2019,False
chase,2019-02-28,acms2018_dpd90,ccip,0.0254,0.02711231277652725,-0.0017123127765272493,,True,2019,False
chase,2019-03-31,fico_odds,ccip,0.0288,0.014363861533462738,0.014436138466537261,,True,2019,False
chase,2019-03-31,fico_fed2007,ccip,0.0288,0.013354836829983698,0.015445163170016301,,True,2019,False
chase,2019-03-31,acms2018,ccip,0.0288,0.029794459215841385,-0.000994459215841386,,True,2019,False
chase,2019-03-31,acms2018_dpd90,ccip,0.0288,0.02711231277652725,0.001687687223472751,,True,2019,False
chase,2019-04-30,fico_odds,ccip,0.0282,0.014363861533462738,0.013836138466537262,,True,2019,False
chase,2019-04-30,fico_fed2007,ccip,0.0282,0.013354836829983698,0.014845163170016301,,True,2019,False
chase,2019-04-30,acms2018,ccip,0.0282,0.029794459215841385,-0.0015944592158413859,,True,2019,False
chase,2019-04-30,acms2018_dpd90,ccip,0.0282,0.02711231277652725,0.001087687223472751,,True,2019,False
chase,2019-05-31,fico_odds,ccip,0.0275,0.014363861533462738,0.013136138466537262,,True,2019,False
chase,2019-05-31,fico_fed2007,ccip,0.0275,0.013354836829983698,0.014145163170016302,,True,2019,False
chase,2019-05-31,acms2018,ccip,0.0275,0.029794459215841385,-0.002294459215841385,,True,2019,False
chase,2019-05-31,acms2018_dpd90,ccip,0.0275,0.02711231277652725,0.00038768722347275186,,True,2019,False
chase,2019-06-30,fico_odds,ccip,0.0269,0.014363861533462738,0.012536138466537262,,True,2019,False
chase,2019-06-30,fico_fed2007,ccip,0.0269,0.013354836829983698,0.013545163170016302,,True,2019,False
chase,2019-06-30,acms2018,ccip,0.0269,0.029794459215841385,-0.002894459215841385,,True,2019,False
chase,2019-06-30,acms2018_dpd90,ccip,0.0269,0.02711231277652725,-0.00021231277652724798,,True,2019,False
chase,2019-07-31,fico_odds,ccip,0.0252,0.014363861533462738,0.010836138466537262,,True,2019,False
chase,2019-07-31,fico_fed2007,ccip,0.0252,0.013354836829983698,0.011845163170016302,,True,2019,False
chase,2019-07-31,acms2018,ccip,0.0252,0.029794459215841385,-0.004594459215841385,,True,2019,False
chase,2019-07-31,acms2018_dpd90,ccip,0.0252,0.02711231277652725,-0.001912312776527248,,True,2019,False
chase,2019-08-31,fico_odds,ccip,0.0277,0.014363861533462738,0.013336138466537261,,True,2019,False
chase,2019-08-31,fico_fed2007,ccip,0.0277,0.013354836829983698,0.0143451631700163,,True,2019,False
chase,2019-08-31,acms2018,ccip,0.0277,0.029794459215841385,-0.0020944592158413863,,True,2019,False
chase,2019-08-31,acms2018_dpd90,ccip,0.0277,0.02711231277652725,0.0005876872234727507,,True,2019,False
chase,2019-09-30,fico_odds,ccip,0.0262,0.014363861533462738,0.011836138466537263,,True,2019,False
chase,2019-09-30,fico_fed2007,ccip,0.0262,0.013354836829983698,0.012845163170016303,,True,2019,False
chase,2019-09-30,acms2018,ccip,0.0262,0.029794459215841385,-0.003594459215841384,,True,2019,False
chase,2019-09-30,acms2018_dpd90,ccip,0.0262,0.02711231277652725,-0.0009123127765272472,,True,2019,False
chase,2019-11-30,fico_odds,ccip,0.0247,0.014363861533462738,0.010336138466537262,,True,2019,False
chase,2019-11-30,fico_fed2007,ccip,0.0247,0.013354836829983698,0.011345163170016302,,True,2019,False
chase,2019-11-30,acms2018,ccip,0.0247,0.029794459215841385,-0.0050944592158413855,,True,2019,False
chase,2019-11-30,acms2018_dpd90,ccip,0.0247,0.02711231277652725,-0.0024123127765272485,,True,2019,False
chase,2019-12-31,fico_odds,ccip,0.0258,0.014363861533462738,0.011436138466537262,,True,2019,False
chase,2019-12-31,fico_fed2007,ccip,0.0258,0.013354836829983698,0.012445163170016302,,True,2019,False
chase,2019-12-31,acms2018,ccip,0.0258,0.029794459215841385,-0.003994459215841385,,True,2019,False
chase,2019-12-31,acms2018_dpd90,ccip,0.0258,0.02711231277652725,-0.0013123127765272483,,True,2019,False
chase,2020-01-31,fico_odds,ccip,0.0248,0.013208982410816528,0.011591017589183471,,True,2020,False
chase,2020-01-31,fico_fed2007,ccip,0.0248,0.012187827896162483,0.012612172103837516,,True,2020,False
chase,2020-01-31,acms2018,ccip,0.0248,0.02878695020632062,-0.00398695020632062,,True,2020,False
chase,2020-01-31,acms2018_dpd90,ccip,0.0248,0.0260379925776183,-0.0012379925776183007,,True,2020,False
chase,2020-02-29,fico_odds,ccip,0.025,0.013208982410816528,0.011791017589183474,,True,2020,False
chase,2020-02-29,fico_fed2007,ccip,0.025,0.012187827896162483,0.012812172103837519,,True,2020,False
chase,2020-02-29,acms2018,ccip,0.025,0.02878695020632062,-0.0037869502063206176,,True,2020,False
chase,2020-02-29,acms2018_dpd90,ccip,0.025,0.0260379925776183,-0.0010379925776182984,,True,2020,False
chase,2020-03-31,fico_odds,ccip,0.0283,0.013208982410816528,0.015091017589183471,,True,2020,False
chase,2020-03-31,fico_fed2007,ccip,0.0283,0.012187827896162483,0.016112172103837516,,True,2020,False
chase,2020-03-31,acms2018,ccip,0.0283,0.02878695020632062,-0.0004869502063206202,,True,2020,False
chase,2020-03-31,acms2018_dpd90,ccip,0.0283,0.0260379925776183,0.002262007422381699,,True,2020,False
chase,2020-05-31,fico_odds,ccip,0.0274,0.013208982410816528,0.014191017589183473,,True,2020,False
chase,2020-05-31,fico_fed2007,ccip,0.0274,0.012187827896162483,0.015212172103837518,,True,2020,False
chase,2020-05-31,acms2018,ccip,0.0274,0.02878695020632062,-0.0013869502063206182,,True,2020,False
chase,2020-05-31,acms2018_dpd90,ccip,0.0274,0.0260379925776183,0.001362007422381701,,True,2020,False
chase,2020-06-30,fico_odds,ccip,0.0251,0.013208982410816528,0.011891017589183473,,True,2020,False
chase,2020-06-30,fico_fed2007,ccip,0.0251,0.012187827896162483,0.012912172103837518,,True,2020,False
chase,2020-06-30,acms2018,ccip,0.0251,0.02878695020632062,-0.003686950206320618,,True,2020,False
chase,2020-06-30,acms2018_dpd90,ccip,0.0251,0.0260379925776183,-0.000937992577618299,,True,2020,False
chase,2020-07-31,fico_odds,ccip,0.0248,0.013208982410816528,0.011591017589183471,,True,2020,False
chase,2020-07-31,fico_fed2007,ccip,0.0248,0.012187827896162483,0.012612172103837516,,True,2020,False
chase,2020-07-31,acms2018,ccip,0.0248,0.02878695020632062,-0.00398695020632062,,True,2020,False
chase,2020-07-31,acms2018_dpd90,ccip,0.0248,0.0260379925776183,-0.0012379925776183007,,True,2020,False
chase,2020-08-31,fico_odds,ccip,0.0264,0.013208982410816528,0.013191017589183472,,True,2020,False
chase,2020-08-31,fico_fed2007,ccip,0.0264,0.012187827896162483,0.014212172103837517,,True,2020,False
chase,2020-08-31,acms2018,ccip,0.0264,0.02878695020632062,-0.002386950206320619,,True,2020,False
chase,2020-08-31,acms2018_dpd90,ccip,0.0264,0.0260379925776183,0.00036200742238170006,,True,2020,False
chase,2020-09-30,fico_odds,ccip,0.0238,0.013208982410816528,0.010591017589183474,,True,2020,False
chase,2020-09-30,fico_fed2007,ccip,0.0238,0.012187827896162483,0.011612172103837519,,True,2020,False
chase,2020-09-30,acms2018,ccip,0.0238,0.02878695020632062,-0.004986950206320617,,True,2020,False
chase,2020-09-30,acms2018_dpd90,ccip,0.0238,0.0260379925776183,-0.002237992577618298,,True,2020,False
chase,2020-10-31,fico_odds,ccip,0.0238,0.013208982410816528,0.010591017589183474,,True,2020,False
chase,2020-10-31,fico_fed2007,ccip,0.0238,0.012187827896162483,0.011612172103837519,,True,2020,False
chase,2020-10-31,acms2018,ccip,0.0238,0.02878695020632062,-0.004986950206320617,,True,2020,False
chase,2020-10-31,acms2018_dpd90,ccip,0.0238,0.0260379925776183,-0.002237992577618298,,True,2020,False
chase,2020-11-30,fico_odds,ccip,0.0207,0.013208982410816528,0.007491017589183472,,True,2020,False
chase,2020-11-30,fico_fed2007,ccip,0.0207,0.012187827896162483,0.008512172103837517,,True,2020,False
chase,2020-11-30,acms2018,ccip,0.0207,0.02878695020632062,-0.00808695020632062,,True,2020,False
chase,2020-11-30,acms2018_dpd90,ccip,0.0207,0.0260379925776183,-0.0053379925776183,,True,2020,False
chase,2020-12-31,fico_odds,ccip,0.0217,0.013208982410816528,0.008491017589183473,,True,2020,False
chase,2020-12-31,fico_fed2007,ccip,0.0217,0.012187827896162483,0.009512172103837518,,True,2020,False
chase,2020-12-31,acms2018,ccip,0.0217,0.02878695020632062,-0.007086950206320618,,True,2020,False
chase,2020-12-31,acms2018_dpd90,ccip,0.0217,0.0260379925776183,-0.004337992577618299,,True,2020,False
chase,2021-01-31,fico_odds,ccip,0.0239,0.009579046432636925,0.014320953567363076,,True,2021,False
chase,2021-01-31,fico_fed2007,ccip,0.0239,0.008796362857344912,0.015103637142655089,,True,2021,False
chase,2021-01-31,acms2018,ccip,0.0239,0.02101226832183609,0.0028877316781639115,,True,2021,False
chase,2021-01-31,acms2018_dpd90,ccip,0.0239,0.01903804153547018,0.00486195846452982,,True,2021,False
chase,2021-02-28,fico_odds,ccip,0.0254,0.009579046432636925,0.015820953567363072,,True,2021,False
chase,2021-02-28,fico_fed2007,ccip,0.0254,0.008796362857344912,0.016603637142655087,,True,2021,False
chase,2021-02-28,acms2018,ccip,0.0254,0.02101226832183609,0.004387731678163909,,True,2021,False
chase,2021-02-28,acms2018_dpd90,ccip,0.0254,0.01903804153547018,0.006361958464529818,,True,2021,False
chase,2021-04-30,fico_odds,ccip,0.026,0.009579046432636925,0.016420953567363075,,True,2021,False
chase,2021-04-30,fico_fed2007,ccip,0.026,0.008796362857344912,0.017203637142655086,,True,2021,False
chase,2021-04-30,acms2018,ccip,0.026,0.02101226832183609,0.004987731678163909,,True,2021,False
chase,2021-04-30,acms2018_dpd90,ccip,0.026,0.01903804153547018,0.006961958464529818,,True,2021,False
chase,2021-05-31,fico_odds,ccip,0.0231,0.009579046432636925,0.013520953567363074,,True,2021,False
chase,2021-05-31,fico_fed2007,ccip,0.0231,0.008796362857344912,0.014303637142655087,,True,2021,False
chase,2021-05-31,acms2018,ccip,0.0231,0.02101226832183609,0.0020877316781639094,,True,2021,False
chase,2021-05-31,acms2018_dpd90,ccip,0.0231,0.01903804153547018,0.004061958464529818,,True,2021,False
chase,2021-06-30,fico_odds,ccip,0.0182,0.009579046432636925,0.008620953567363076,,True,2021,False
chase,2021-06-30,fico_fed2007,ccip,0.0182,0.008796362857344912,0.009403637142655089,,True,2021,False
chase,2021-06-30,acms2018,ccip,0.0182,0.02101226832183609,-0.0028122683218360887,,True,2021,False
chase,2021-06-30,acms2018_dpd90,ccip,0.0182,0.01903804153547018,-0.0008380415354701798,,True,2021,False
chase,2021-08-31,fico_odds,ccip,0.0181,0.009579046432636925,0.008520953567363076,,True,2021,False
chase,2021-08-31,fico_fed2007,ccip,0.0181,0.008796362857344912,0.00930363714265509,,True,2021,False
chase,2021-08-31,acms2018,ccip,0.0181,0.02101226832183609,-0.002912268321836088,,True,2021,False
chase,2021-08-31,acms2018_dpd90,ccip,0.0181,0.01903804153547018,-0.0009380415354701792,,True,2021,False
chase,2021-09-30,fico_odds,ccip,0.0149,0.009579046432636925,0.005320953567363075,,True,2021,False
chase,2021-09-30,fico_fed2007,ccip,0.0149,0.008796362857344912,0.006103637142655088,,True,2021,False
chase,2021-09-30,acms2018,ccip,0.0149,0.02101226832183609,-0.00611226832183609,,True,2021,False
chase,2021-09-30,acms2018_dpd90,ccip,0.0149,0.01903804153547018,-0.004138041535470181,,True,2021,False
chase,2021-10-31,fico_odds,ccip,0.0152,0.009579046432636925,0.005620953567363075,,True,2021,False
chase,2021-10-31,fico_fed2007,ccip,0.0152,0.008796362857344912,0.006403637142655088,,True,2021,False
chase,2021-10-31,acms2018,ccip,0.0152,0.02101226832183609,-0.00581226832183609,,True,2021,False
chase,2021-10-31,acms2018_dpd90,ccip,0.0152,0.01903804153547018,-0.0038380415354701807,,True,2021,False
chase,2021-11-30,fico_odds,ccip,0.0152,0.009579046432636925,0.005620953567363075,,True,2021,False
chase,2021-11-30,fico_fed2007,ccip,0.0152,0.008796362857344912,0.006403637142655088,,True,2021,False
chase,2021-11-30,acms2018,ccip,0.0152,0.02101226832183609,-0.00581226832183609,,True,2021,False
chase,2021-11-30,acms2018_dpd90,ccip,0.0152,0.01903804153547018,-0.0038380415354701807,,True,2021,False
chase,2021-12-31,fico_odds,ccip,0.0143,0.009579046432636925,0.004720953567363075,,True,2021,False
chase,2021-12-31,fico_fed2007,ccip,0.0143,0.008796362857344912,0.005503637142655088,,True,2021,False
chase,2021-12-31,acms2018,ccip,0.0143,0.02101226832183609,-0.006712268321836089,,True,2021,False
chase,2021-12-31,acms2018_dpd90,ccip,0.0143,0.01903804153547018,-0.0047380415354701805,,True,2021,False
chase,2022-01-31,fico_odds,ccip,0.0144,0.00976239088252737,0.00463760911747263,,True,2022,False
chase,2022-01-31,fico_fed2007,ccip,0.0144,0.009027840954200771,0.005372159045799229,,True,2022,False
chase,2022-01-31,acms2018,ccip,0.0144,0.020764022438632485,-0.006364022438632485,,True,2022,False
chase,2022-01-31,acms2018_dpd90,ccip,0.0144,0.018835325568860785,-0.004435325568860785,,True,2022,False
chase,2022-02-28,fico_odds,ccip,0.0149,0.00976239088252737,0.00513760911747263,,True,2022,False
chase,2022-02-28,fico_fed2007,ccip,0.0149,0.009027840954200771,0.005872159045799229,,True,2022,False
chase,2022-02-28,acms2018,ccip,0.0149,0.020764022438632485,-0.0058640224386324845,,True,2022,False
chase,2022-02-28,acms2018_dpd90,ccip,0.0149,0.018835325568860785,-0.003935325568860785,,True,2022,False
chase,2022-03-31,fico_odds,ccip,0.0162,0.00976239088252737,0.006437609117472629,,True,2022,False
chase,2022-03-31,fico_fed2007,ccip,0.0162,0.009027840954200771,0.007172159045799228,,True,2022,False
chase,2022-03-31,acms2018,ccip,0.0162,0.020764022438632485,-0.004564022438632485,,True,2022,False
chase,2022-03-31,acms2018_dpd90,ccip,0.0162,0.018835325568860785,-0.0026353255688607857,,True,2022,False
chase,2022-04-30,fico_odds,ccip,0.017,0.00976239088252737,0.007237609117472631,,True,2022,False
chase,2022-04-30,fico_fed2007,ccip,0.017,0.009027840954200771,0.00797215904579923,,True,2022,False
chase,2022-04-30,acms2018,ccip,0.017,0.020764022438632485,-0.0037640224386324833,,True,2022,False
chase,2022-04-30,acms2018_dpd90,ccip,0.017,0.018835325568860785,-0.0018353255688607836,,True,2022,False
chase,2022-05-31,fico_odds,ccip,0.0176,0.00976239088252737,0.007837609117472631,,True,2022,False
chase,2022-05-31,fico_fed2007,ccip,0.0176,0.009027840954200771,0.00857215904579923,,True,2022,False
chase,2022-05-31,acms2018,ccip,0.0176,0.020764022438632485,-0.0031640224386324835,,True,2022,False
chase,2022-05-31,acms2018_dpd90,ccip,0.0176,0.018835325568860785,-0.0012353255688607838,,True,2022,False
chase,2022-06-30,fico_odds,ccip,0.0158,0.00976239088252737,0.006037609117472632,,True,2022,False
chase,2022-06-30,fico_fed2007,ccip,0.0158,0.009027840954200771,0.0067721590457992305,,True,2022,False
chase,2022-06-30,acms2018,ccip,0.0158,0.020764022438632485,-0.004964022438632483,,True,2022,False
chase,2022-06-30,acms2018_dpd90,ccip,0.0158,0.018835325568860785,-0.0030353255688607833,,True,2022,False
chase,2022-08-31,fico_odds,ccip,0.0156,0.00976239088252737,0.005837609117472629,,True,2022,False
chase,2022-08-31,fico_fed2007,ccip,0.0156,0.009027840954200771,0.006572159045799228,,True,2022,False
chase,2022-08-31,acms2018,ccip,0.0156,0.020764022438632485,-0.005164022438632485,,True,2022,False
chase,2022-08-31,acms2018_dpd90,ccip,0.0156,0.018835325568860785,-0.0032353255688607856,,True,2022,False
chase,2022-09-30,fico_odds,ccip,0.0152,0.00976239088252737,0.00543760911747263,,True,2022,False
chase,2022-09-30,fico_fed2007,ccip,0.0152,0.009027840954200771,0.006172159045799229,,True,2022,False
chase,2022-09-30,acms2018,ccip,0.0152,0.020764022438632485,-0.0055640224386324846,,True,2022,False
chase,2022-09-30,acms2018_dpd90,ccip,0.0152,0.018835325568860785,-0.003635325568860785,,True,2022,False
chase,2022-10-31,fico_odds,ccip,0.0153,0.00976239088252737,0.0055376091174726295,,True,2022,False
chase,2022-10-31,fico_fed2007,ccip,0.0153,0.009027840954200771,0.006272159045799228,,True,2022,False
chase,2022-10-31,acms2018,ccip,0.0153,0.020764022438632485,-0.005464022438632485,,True,2022,False
chase,2022-10-31,acms2018_dpd90,ccip,0.0153,0.018835325568860785,-0.0035353255688607855,,True,2022,False
chase,2022-11-30,fico_odds,ccip,0.0164,0.00976239088252737,0.0066376091174726315,,True,2022,False
chase,2022-11-30,fico_fed2007,ccip,0.0164,0.009027840954200771,0.00737215904579923,,True,2022,False
chase,2022-11-30,acms2018,ccip,0.0164,0.020764022438632485,-0.004364022438632483,,True,2022,False
chase,2022-11-30,acms2018_dpd90,ccip,0.0164,0.018835325568860785,-0.0024353255688607835,,True,2022,False
chase,2022-12-31,fico_odds,ccip,0.015,0.00976239088252737,0.0052376091174726296,,True,2022,False
chase,2022-12-31,fico_fed2007,ccip,0.015,0.009027840954200771,0.0059721590457992284,,True,2022,False
chase,2022-12-31,acms2018,ccip,0.015,0.020764022438632485,-0.005764022438632485,,True,2022,False
chase,2022-12-31,acms2018_dpd90,ccip,0.015,0.018835325568860785,-0.0038353255688607854,,True,2022,False
chase,2023-01-31,fico_odds,ccip,0.0143,0.014699480286095303,-0.00039948028609530263,,True,2023,False
chase,2023-01-31,fico_fed2007,ccip,0.0143,0.01361002265384265,0.0006899773461573507,,True,2023,False
chase,2023-01-31,acms2018,ccip,0.0143,0.031514240425149616,-0.017214240425149616,,True,2023,False
chase,2023-01-31,acms2018_dpd90,ccip,0.0143,0.028519901739656572,-0.014219901739656572,,True,2023,False
chase,2023-02-28,fico_odds,ccip,0.016,0.014699480286095303,0.0013005197139046975,,True,2023,False
chase,2023-02-28,fico_fed2007,ccip,0.016,0.01361002265384265,0.0023899773461573508,,True,2023,False
chase,2023-02-28,acms2018,ccip,0.016,0.031514240425149616,-0.015514240425149615,,True,2023,False
chase,2023-02-28,acms2018_dpd90,ccip,0.016,0.028519901739656572,-0.012519901739656572,,True,2023,False
chase,2023-03-31,fico_odds,ccip,0.0197,0.014699480286095303,0.005000519713904696,,True,2023,False
chase,2023-03-31,fico_fed2007,ccip,0.0197,0.01361002265384265,0.006089977346157349,,True,2023,False
chase,2023-03-31,acms2018,ccip,0.0197,0.031514240425149616,-0.011814240425149617,,True,2023,False
chase,2023-03-31,acms2018_dpd90,ccip,0.0197,0.028519901739656572,-0.008819901739656574,,True,2023,False
chase,2023-04-30,fico_odds,ccip,0.0187,0.014699480286095303,0.0040005197139046985,,True,2023,False
chase,2023-04-30,fico_fed2007,ccip,0.0187,0.01361002265384265,0.005089977346157352,,True,2023,False
chase,2023-04-30,acms2018,ccip,0.0187,0.031514240425149616,-0.012814240425149614,,True,2023,False
chase,2023-04-30,acms2018_dpd90,ccip,0.0187,0.028519901739656572,-0.009819901739656571,,True,2023,False
chase,2023-05-31,fico_odds,ccip,0.019,0.014699480286095303,0.004300519713904697,,True,2023,False
chase,2023-05-31,fico_fed2007,ccip,0.019,0.01361002265384265,0.00538997734615735,,True,2023,False
chase,2023-05-31,acms2018,ccip,0.019,0.031514240425149616,-0.012514240425149616,,True,2023,False
chase,2023-05-31,acms2018_dpd90,ccip,0.019,0.028519901739656572,-0.009519901739656573,,True,2023,False
chase,2023-06-30,fico_odds,ccip,0.0188,0.014699480286095303,0.004100519713904698,,True,2023,False
chase,2023-06-30,fico_fed2007,ccip,0.0188,0.01361002265384265,0.005189977346157351,,True,2023,False
chase,2023-06-30,acms2018,ccip,0.0188,0.031514240425149616,-0.012714240425149615,,True,2023,False
chase,2023-06-30,acms2018_dpd90,ccip,0.0188,0.028519901739656572,-0.009719901739656572,,True,2023,False
chase,2023-07-31,fico_odds,ccip,0.0181,0.014699480286095303,0.0034005197139046987,,True,2023,False
chase,2023-07-31,fico_fed2007,ccip,0.0181,0.01361002265384265,0.004489977346157352,,True,2023,False
chase,2023-07-31,acms2018,ccip,0.0181,0.031514240425149616,-0.013414240425149614,,True,2023,False
chase,2023-07-31,acms2018_dpd90,ccip,0.0181,0.028519901739656572,-0.010419901739656571,,True,2023,False
chase,2023-08-31,fico_odds,ccip,0.0197,0.014699480286095303,0.005000519713904696,,True,2023,False
chase,2023-08-31,fico_fed2007,ccip,0.0197,0.01361002265384265,0.006089977346157349,,True,2023,False
chase,2023-08-31,acms2018,ccip,0.0197,0.031514240425149616,-0.011814240425149617,,True,2023,False
chase,2023-08-31,acms2018_dpd90,ccip,0.0197,0.028519901739656572,-0.008819901739656574,,True,2023,False
chase,2023-09-30,fico_odds,ccip,0.0184,0.014699480286095303,0.003700519713904697,,True,2023,False
chase,2023-09-30,fico_fed2007,ccip,0.0184,0.01361002265384265,0.00478997734615735,,True,2023,False
chase,2023-09-30,acms2018,ccip,0.0184,0.031514240425149616,-0.013114240425149616,,True,2023,False
chase,2023-09-30,acms2018_dpd90,ccip,0.0184,0.028519901739656572,-0.010119901739656573,,True,2023,False
chase,2023-10-31,fico_odds,ccip,0.0194,0.014699480286095303,0.004700519713904698,,True,2023,False
chase,2023-10-31,fico_fed2007,ccip,0.0194,0.01361002265384265,0.005789977346157351,,True,2023,False
chase,2023-10-31,acms2018,ccip,0.0194,0.031514240425149616,-0.012114240425149615,,True,2023,False
chase,2023-10-31,acms2018_dpd90,ccip,0.0194,0.028519901739656572,-0.009119901739656572,,True,2023,False
chase,2023-11-30,fico_odds,ccip,0.02,0.014699480286095303,0.005300519713904698,,True,2023,False
chase,2023-11-30,fico_fed2007,ccip,0.02,0.01361002265384265,0.006389977346157351,,True,2023,False
chase,2023-11-30,acms2018,ccip,0.02,0.031514240425149616,-0.011514240425149615,,True,2023,False
chase,2023-11-30,acms2018_dpd90,ccip,0.02,0.028519901739656572,-0.008519901739656572,,True,2023,False
chase,2023-12-31,fico_odds,ccip,0.0194,0.014699480286095303,0.004700519713904698,,True,2023,False
chase,2023-12-31,fico_fed2007,ccip,0.0194,0.01361002265384265,0.005789977346157351,,True,2023,False
chase,2023-12-31,acms2018,ccip,0.0194,0.031514240425149616,-0.012114240425149615,,True,2023,False
chase,2023-12-31,acms2018_dpd90,ccip,0.0194,0.028519901739656572,-0.009119901739656572,,True,2023,False
chase,2024-01-31,fico_odds,ccip,0.0196,0.01911801751429686,0.00048198248570313976,,True,2024,False
chase,2024-01-31,fico_fed2007,ccip,0.0196,0.017637412743019377,0.0019625872569806226,,True,2024,False
chase,2024-01-31,acms2018,ccip,0.0196,0.04186788129330873,-0.022267881293308728,,True,2024,False
chase,2024-01-31,acms2018_dpd90,ccip,0.0196,0.037806833494409144,-0.018206833494409144,,True,2024,False
chase,2024-03-31,fico_odds,ccip,0.0171,0.01911801751429686,-0.002018017514296859,,True,2024,False
chase,2024-03-31,fico_fed2007,ccip,0.0171,0.017637412743019377,-0.0005374127430193762,,True,2024,False
chase,2024-03-31,acms2018,ccip,0.0171,0.04186788129330873,-0.024767881293308727,,True,2024,False
chase,2024-03-31,acms2018_dpd90,ccip,0.0171,0.037806833494409144,-0.020706833494409143,,True,2024,False
chase,2024-04-30,fico_odds,ccip,0.0169,0.01911801751429686,-0.0022180175142968613,,True,2024,False
chase,2024-04-30,fico_fed2007,ccip,0.0169,0.017637412743019377,-0.0007374127430193785,,True,2024,False
chase,2024-04-30,acms2018,ccip,0.0169,0.04186788129330873,-0.02496788129330873,,True,2024,False
chase,2024-04-30,acms2018_dpd90,ccip,0.0169,0.037806833494409144,-0.020906833494409145,,True,2024,False
chase,2024-05-31,fico_odds,ccip,0.0175,0.01911801751429686,-0.001618017514296858,,True,2024,False
chase,2024-05-31,fico_fed2007,ccip,0.0175,0.017637412743019377,-0.00013741274301937514,,True,2024,False
chase,2024-05-31,acms2018,ccip,0.0175,0.04186788129330873,-0.024367881293308725,,True,2024,False
chase,2024-05-31,acms2018_dpd90,ccip,0.0175,0.037806833494409144,-0.020306833494409142,,True,2024,False
chase,2024-06-30,fico_odds,ccip,0.0182,0.01911801751429686,-0.0009180175142968587,,True,2024,False
chase,2024-06-30,fico_fed2007,ccip,0.0182,0.017637412743019377,0.0005625872569806241,,True,2024,False
chase,2024-06-30,acms2018,ccip,0.0182,0.04186788129330873,-0.023667881293308726,,True,2024,False
chase,2024-06-30,acms2018_dpd90,ccip,0.0182,0.037806833494409144,-0.019606833494409143,,True,2024,False
chase,2024-07-31,fico_odds,ccip,0.0177,0.01911801751429686,-0.0014180175142968592,,True,2024,False
chase,2024-07-31,fico_fed2007,ccip,0.0177,0.017637412743019377,6.258725698062365e-05,,True,2024,False
chase,2024-07-31,acms2018,ccip,0.0177,0.04186788129330873,-0.024167881293308727,,True,2024,False
chase,2024-07-31,acms2018_dpd90,ccip,0.0177,0.037806833494409144,-0.020106833494409143,,True,2024,False
chase,2024-08-31,fico_odds,ccip,0.0189,0.01911801751429686,-0.00021801751429685948,,True,2024,False
chase,2024-08-31,fico_fed2007,ccip,0.0189,0.017637412743019377,0.0012625872569806233,,True,2024,False
chase,2024-08-31,acms2018,ccip,0.0189,0.04186788129330873,-0.022967881293308727,,True,2024,False
chase,2024-08-31,acms2018_dpd90,ccip,0.0189,0.037806833494409144,-0.018906833494409143,,True,2024,False
chase,2024-09-30,fico_odds,ccip,0.0183,0.01911801751429686,-0.0008180175142968593,,True,2024,False
chase,2024-09-30,fico_fed2007,ccip,0.0183,0.017637412743019377,0.0006625872569806235,,True,2024,False
chase,2024-09-30,acms2018,ccip,0.0183,0.04186788129330873,-0.023567881293308727,,True,2024,False
chase,2024-09-30,acms2018_dpd90,ccip,0.0183,0.037806833494409144,-0.019506833494409143,,True,2024,False
chase,2024-10-31,fico_odds,ccip,0.0192,0.01911801751429686,8.198248570313871e-05,,True,2024,False
chase,2024-10-31,fico_fed2007,ccip,0.0192,0.017637412743019377,0.0015625872569806215,,True,2024,False
chase,2024-10-31,acms2018,ccip,0.0192,0.04186788129330873,-0.02266788129330873,,True,2024,False
chase,2024-10-31,acms2018_dpd90,ccip,0.0192,0.037806833494409144,-0.018606833494409145,,True,2024,False
chase,2024-11-30,fico_odds,ccip,0.0187,0.01911801751429686,-0.00041801751429685827,,True,2024,False
chase,2024-11-30,fico_fed2007,ccip,0.0187,0.017637412743019377,0.0010625872569806245,,True,2024,False
chase,2024-11-30,acms2018,ccip,0.0187,0.04186788129330873,-0.023167881293308726,,True,2024,False
chase,2024-11-30,acms2018_dpd90,ccip,0.0187,0.037806833494409144,-0.019106833494409142,,True,2024,False
chase,2024-12-31,fico_odds,ccip,0.0191,0.01911801751429686,-1.8017514296860687e-05,,True,2024,False
chase,2024-12-31,fico_fed2007,ccip,0.0191,0.017637412743019377,0.0014625872569806221,,True,2024,False
chase,2024-12-31,acms2018,ccip,0.0191,0.04186788129330873,-0.022767881293308728,,True,2024,False
chase,2024-12-31,acms2018_dpd90,ccip,0.0191,0.037806833494409144,-0.018706833494409145,,True,2024,False
chase,2025-01-31,fico_odds,ccip,0.0192,0.01911801751429686,8.198248570313871e-05,,True,2024,True
chase,2025-01-31,fico_fed2007,ccip,0.0192,0.017637412743019377,0.0015625872569806215,,True,2024,True
chase,2025-01-31,acms2018,ccip,0.0192,0.04186788129330873,-0.02266788129330873,,True,2024,True
chase,2025-01-31,acms2018_dpd90,ccip,0.0192,0.037806833494409144,-0.018606833494409145,,True,2024,True
chase,2025-02-28,fico_odds,ccip,0.0196,0.01911801751429686,0.00048198248570313976,,True,2024,True
chase,2025-02-28,fico_fed2007,ccip,0.0196,0.017637412743019377,0.0019625872569806226,,True,2024,True
chase,2025-02-28,acms2018,ccip,0.0196,0.04186788129330873,-0.022267881293308728,,True,2024,True
chase,2025-02-28,acms2018_dpd90,ccip,0.0196,0.037806833494409144,-0.018206833494409144,,True,2024,True
chase,2025-03-31,fico_odds,ccip,0.022,0.01911801751429686,0.002881982485703139,,True,2024,True
chase,2025-03-31,fico_fed2007,ccip,0.022,0.017637412743019377,0.004362587256980622,,True,2024,True
chase,2025-03-31,acms2018,ccip,0.022,0.04186788129330873,-0.01986788129330873,,True,2024,True
chase,2025-03-31,acms2018_dpd90,ccip,0.022,0.037806833494409144,-0.015806833494409145,,True,2024,True
chase,2025-04-30,fico_odds,ccip,0.02,0.01911801751429686,0.0008819824857031408,,True,2024,True
chase,2025-04-30,fico_fed2007,ccip,0.02,0.017637412743019377,0.0023625872569806236,,True,2024,True
chase,2025-04-30,acms2018,ccip,0.02,0.04186788129330873,-0.021867881293308727,,True,2024,True
chase,2025-04-30,acms2018_dpd90,ccip,0.02,0.037806833494409144,-0.017806833494409143,,True,2024,True
chase,2025-05-31,fico_odds,ccip,0.0217,0.01911801751429686,0.002581982485703141,,True,2024,True
chase,2025-05-31,fico_fed2007,ccip,0.0217,0.017637412743019377,0.004062587256980624,,True,2024,True
chase,2025-05-31,acms2018,ccip,0.0217,0.04186788129330873,-0.020167881293308727,,True,2024,True
chase,2025-05-31,acms2018_dpd90,ccip,0.0217,0.037806833494409144,-0.016106833494409143,,True,2024,True
chase,2025-06-30,fico_odds,ccip,0.0204,0.01911801751429686,0.0012819824857031419,,True,2024,True
chase,2025-06-30,fico_fed2007,ccip,0.0204,0.017637412743019377,0.0027625872569806247,,True,2024,True
chase,2025-06-30,acms2018,ccip,0.0204,0.04186788129330873,-0.021467881293308726,,True,2024,True
chase,2025-06-30,acms2018_dpd90,ccip,0.0204,0.037806833494409144,-0.017406833494409142,,True,2024,True
chase,2025-07-31,fico_odds,ccip,0.0188,0.01911801751429686,-0.00031801751429685887,,True,2024,True
chase,2025-07-31,fico_fed2007,ccip,0.0188,0.017637412743019377,0.001162587256980624,,True,2024,True
chase,2025-07-31,acms2018,ccip,0.0188,0.04186788129330873,-0.023067881293308726,,True,2024,True
chase,2025-07-31,acms2018_dpd90,ccip,0.0188,0.037806833494409144,-0.019006833494409143,,True,2024,True
chase,2025-08-31,fico_odds,ccip,0.0214,0.01911801751429686,0.0022819824857031393,,True,2024,True
chase,2025-08-31,fico_fed2007,ccip,0.0214,0.017637412743019377,0.003762587256980622,,True,2024,True
chase,2025-08-31,acms2018,ccip,0.0214,0.04186788129330873,-0.02046788129330873,,True,2024,True
chase,2025-08-31,acms2018_dpd90,ccip,0.0214,0.037806833494409144,-0.016406833494409145,,True,2024,True
chase,2025-09-30,fico_odds,ccip,0.0206,0.01911801751429686,0.0014819824857031406,,True,2024,True
chase,2025-09-30,fico_fed2007,ccip,0.0206,0.017637412743019377,0.0029625872569806234,,True,2024,True
chase,2025-09-30,acms2018,ccip,0.0206,0.04186788129330873,-0.021267881293308727,,True,2024,True
chase,2025-09-30,acms2018_dpd90,ccip,0.0206,0.037806833494409144,-0.017206833494409143,,True,2024,True
chase,2025-10-31,fico_odds,ccip,0.018,0.01911801751429686,-0.001118017514296861,,True,2024,True
chase,2025-10-31,fico_fed2007,ccip,0.018,0.017637412743019377,0.00036258725698062183,,True,2024,True
chase,2025-10-31,acms2018,ccip,0.018,0.04186788129330873,-0.02386788129330873,,True,2024,True
chase,2025-10-31,acms2018_dpd90,ccip,0.018,0.037806833494409144,-0.019806833494409145,,True,2024,True
chase,2025-11-30,fico_odds,ccip,0.0211,0.01911801751429686,0.001981982485703141,,True,2024,True
chase,2025-11-30,fico_fed2007,ccip,0.0211,0.017637412743019377,0.003462587256980624,,True,2024,True
chase,2025-11-30,acms2018,ccip,0.0211,0.04186788129330873,-0.020767881293308726,,True,2024,True
chase,2025-11-30,acms2018_dpd90,ccip,0.0211,0.037806833494409144,-0.016706833494409143,,True,2024,True
chase,2026-01-31,fico_odds,ccip,0.0204,0.01911801751429686,0.0012819824857031419,,True,2024,True
chase,2026-01-31,fico_fed2007,ccip,0.0204,0.017637412743019377,0.0027625872569806247,,True,2024,True
chase,2026-01-31,acms2018,ccip,0.0204,0.04186788129330873,-0.021467881293308726,,True,2024,True
chase,2026-01-31,acms2018_dpd90,ccip,0.0204,0.037806833494409144,-0.017406833494409142,,True,2024,True
chase,2026-02-28,fico_odds,ccip,0.0199,0.01911801751429686,0.0007819824857031414,,True,2024,True
chase,2026-02-28,fico_fed2007,ccip,0.0199,0.017637412743019377,0.002262587256980624,,True,2024,True
chase,2026-02-28,acms2018,ccip,0.0199,0.04186788129330873,-0.021967881293308726,,True,2024,True
chase,2026-02-28,acms2018_dpd90,ccip,0.0199,0.037806833494409144,-0.017906833494409143,,True,2024,True
chase,2026-03-31,fico_odds,ccip,0.0223,0.01911801751429686,0.0031819824857031408,2026-03-31,False,2024,True
chase,2026-03-31,fico_fed2007,ccip,0.0223,0.017637412743019377,0.004662587256980624,2026-03-31,False,2024,True
chase,2026-03-31,acms2018,ccip,0.0223,0.04186788129330873,-0.019567881293308727,2026-03-31,False,2024,True
chase,2026-03-31,acms2018_dpd90,ccip,0.0223,0.037806833494409144,-0.015506833494409143,2026-03-31,False,2024,True
chase,2026-04-30,fico_odds,ccip,0.0209,0.01911801751429686,0.0017819824857031388,2026-03-31,False,2024,True
chase,2026-04-30,fico_fed2007,ccip,0.0209,0.017637412743019377,0.0032625872569806216,2026-03-31,False,2024,True
chase,2026-04-30,acms2018,ccip,0.0209,0.04186788129330873,-0.02096788129330873,2026-03-31,False,2024,True
chase,2026-04-30,acms2018_dpd90,ccip,0.0209,0.037806833494409144,-0.016906833494409145,2026-03-31,False,2024,True
chase,2026-05-31,fico_odds,ccip,0.0214,0.01911801751429686,0.0022819824857031393,2026-03-31,False,2024,True
chase,2026-05-31,fico_fed2007,ccip,0.0214,0.017637412743019377,0.003762587256980622,2026-03-31,False,2024,True
chase,2026-05-31,acms2018,ccip,0.0214,0.04186788129330873,-0.02046788129330873,2026-03-31,False,2024,True
chase,2026-05-31,acms2018_dpd90,ccip,0.0214,0.037806833494409144,-0.016406833494409145,2026-03-31,False,2024,True
chase,2026-06-30,fico_odds,ccip,0.0203,0.01911801751429686,0.001181982485703139,2026-03-31,False,2024,True
chase,2026-06-30,fico_fed2007,ccip,0.0203,0.017637412743019377,0.002662587256980622,2026-03-31,False,2024,True
chase,2026-06-30,acms2018,ccip,0.0203,0.04186788129330873,-0.02156788129330873,2026-03-31,False,2024,True
chase,2026-06-30,acms2018_dpd90,ccip,0.0203,0.037806833494409144,-0.017506833494409145,2026-03-31,False,2024,True
chase,2026-07-31,fico_odds,ccip,0.0202,0.01911801751429686,0.0010819824857031396,2026-03-31,False,2024,True
chase,2026-07-31,fico_fed2007,ccip,0.0202,0.017637412743019377,0.0025625872569806224,2026-03-31,False,2024,True
chase,2026-07-31,acms2018,ccip,0.0202,0.04186788129330873,-0.021667881293308728,2026-03-31,False,2024,True
chase,2026-07-31,acms2018_dpd90,ccip,0.0202,0.037806833494409144,-0.017606833494409144,2026-03-31,False,2024,True
citi,2019-04-25,fico_odds,ccip,0.0315,0.017139598393947585,0.014360401606052415,,True,2019,False
citi,2019-04-25,fico_fed2007,ccip,0.0315,0.01592192522460751,0.01557807477539249,,True,2019,False
citi,2019-04-25,acms2018,ccip,0.0315,0.03126794968085659,0.00023205031914341062,,True,2019,False
citi,2019-04-25,acms2018_dpd90,ccip,0.0315,0.029076799553791853,0.002423200446208147,,True,2019,False
citi,2020-02-25,fico_odds,ccip,0.0264,0.01576154526320714,0.010638454736792861,,True,2020,False
citi,2020-02-25,fico_fed2007,ccip,0.0264,0.014530591940846752,0.011869408059153248,,True,2020,False
citi,2020-02-25,acms2018,ccip,0.0264,0.03021061412781002,-0.00381061412781002,,True,2020,False
citi,2020-02-25,acms2018_dpd90,ccip,0.0264,0.027924636942739736,-0.0015246369427397363,,True,2020,False
citi,2020-03-26,fico_odds,ccip,0.0302,0.01576154526320714,0.014438454736792863,,True,2020,False
citi,2020-03-26,fico_fed2007,ccip,0.0302,0.014530591940846752,0.015669408059153248,,True,2020,False
citi,2020-03-26,acms2018,ccip,0.0302,0.03021061412781002,-1.0614127810018581e-05,,True,2020,False
citi,2020-03-26,acms2018_dpd90,ccip,0.0302,0.027924636942739736,0.002275363057260265,,True,2020,False
citi,2020-05-26,fico_odds,ccip,0.0312,0.01576154526320714,0.01543845473679286,,True,2020,False
citi,2020-05-26,fico_fed2007,ccip,0.0312,0.014530591940846752,0.01666940805915325,,True,2020,False
citi,2020-05-26,acms2018,ccip,0.0312,0.03021061412781002,0.0009893858721899788,,True,2020,False
citi,2020-05-26,acms2018_dpd90,ccip,0.0312,0.027924636942739736,0.0032753630572602624,,True,2020,False
citi,2021-11-24,fico_odds,ccip,0.0119,0.01143014421782675,0.00046985578217325144,,True,2021,False
citi,2021-11-24,fico_fed2007,ccip,0.0119,0.010487213991916029,0.001412786008083972,,True,2021,False
citi,2021-11-24,acms2018,ccip,0.0119,0.022051433919582687,-0.010151433919582686,,True,2021,False
citi,2021-11-24,acms2018_dpd90,ccip,0.0119,0.02041748788406147,-0.00851748788406147,,True,2021,False
citi,2022-02-23,fico_odds,ccip,0.0112,0.01164891896941849,-0.00044891896941848947,,True,2022,False
citi,2022-02-23,fico_fed2007,ccip,0.0112,0.010763187183965723,0.0004368128160342766,,True,2022,False
citi,2022-02-23,acms2018,ccip,0.0112,0.021790910990528715,-0.010590910990528715,,True,2022,False
citi,2022-02-23,acms2018_dpd90,ccip,0.0112,0.020200083652410765,-0.009000083652410765,,True,2022,False
citi,2022-04-26,fico_odds,ccip,0.0136,0.01164891896941849,0.0019510810305815099,,True,2022,False
citi,2022-04-26,fico_fed2007,ccip,0.0136,0.010763187183965723,0.002836812816034276,,True,2022,False
citi,2022-04-26,acms2018,ccip,0.0136,0.021790910990528715,-0.008190910990528716,,True,2022,False
citi,2022-04-26,acms2018_dpd90,ccip,0.0136,0.020200083652410765,-0.006600083652410766,,True,2022,False
citi,2022-05-25,fico_odds,ccip,0.0139,0.01164891896941849,0.00225108103058151,,True,2022,False
citi,2022-05-25,fico_fed2007,ccip,0.0139,0.010763187183965723,0.003136812816034276,,True,2022,False
citi,2022-05-25,acms2018,ccip,0.0139,0.021790910990528715,-0.007890910990528716,,True,2022,False
citi,2022-05-25,acms2018_dpd90,ccip,0.0139,0.020200083652410765,-0.006300083652410766,,True,2022,False
citi,2023-04-25,fico_odds,ccip,0.0199,0.017540073615753278,0.002359926384246723,,True,2023,False
citi,2023-04-25,fico_fed2007,ccip,0.0199,0.016226163281394538,0.003673836718605463,,True,2023,False
citi,2023-04-25,acms2018,ccip,0.0199,0.03307278298644454,-0.013172782986444538,,True,2023,False
citi,2023-04-25,acms2018_dpd90,ccip,0.0199,0.030586378705979675,-0.010686378705979674,,True,2023,False
citi,2023-05-25,fico_odds,ccip,0.0206,0.017540073615753278,0.0030599263842467223,,True,2023,False
citi,2023-05-25,fico_fed2007,ccip,0.0206,0.016226163281394538,0.004373836718605462,,True,2023,False
citi,2023-05-25,acms2018,ccip,0.0206,0.03307278298644454,-0.012472782986444539,,True,2023,False
citi,2023-05-25,acms2018_dpd90,ccip,0.0206,0.030586378705979675,-0.009986378705979675,,True,2023,False
citi,2024-01-26,fico_odds,ccip,0.0265,0.022812468744573773,0.003687531255426226,,True,2024,False
citi,2024-01-26,fico_fed2007,ccip,0.0265,0.02102770482522151,0.005472295174778489,,True,2024,False
citi,2024-01-26,acms2018,ccip,0.0265,0.04393846506961294,-0.017438465069612944,,True,2024,False
citi,2024-01-26,acms2018_dpd90,ccip,0.0265,0.04054621707640707,-0.014046217076407071,,True,2024,False
citi,2024-12-26,fico_odds,ccip,0.0284,0.022812468744573773,0.0055875312554262285,,True,2024,False
citi,2024-12-26,fico_fed2007,ccip,0.0284,0.02102770482522151,0.007372295174778491,,True,2024,False
citi,2024-12-26,acms2018,ccip,0.0284,0.04393846506961294,-0.015538465069612942,,True,2024,False
citi,2024-12-26,acms2018_dpd90,ccip,0.0284,0.04054621707640707,-0.012146217076407069,,True,2024,False
citi,2025-05-27,fico_odds,ccip,0.0233,0.022812468744573773,0.00048753125542622816,2025-03-30,False,2024,True
citi,2025-05-27,fico_fed2007,ccip,0.0233,0.02102770482522151,0.002272295174778491,2025-03-30,False,2024,True
citi,2025-05-27,acms2018,ccip,0.0233,0.04393846506961294,-0.020638465069612942,2025-03-30,False,2024,True
citi,2025-05-27,acms2018_dpd90,ccip,0.0233,0.04054621707640707,-0.01724621707640707,2025-03-30,False,2024,True
citi,2025-12-26,fico_odds,ccip,0.0251,0.022812468744573773,0.0022875312554262277,2025-03-30,False,2024,True
citi,2025-12-26,fico_fed2007,ccip,0.0251,0.02102770482522151,0.00407229517477849,2025-03-30,False,2024,True
citi,2025-12-26,acms2018,ccip,0.0251,0.04393846506961294,-0.018838465069612943,2025-03-30,False,2024,True
citi,2025-12-26,acms2018_dpd90,ccip,0.0251,0.04054621707640707,-0.01544621707640707,2025-03-30,False,2024,True
citi,2026-02-24,fico_odds,ccip,0.0219,0.022812468744573773,-0.0009124687445737738,2025-03-30,False,2024,True
citi,2026-02-24,fico_fed2007,ccip,0.0219,0.02102770482522151,0.0008722951747784889,2025-03-30,False,2024,True
citi,2026-02-24,acms2018,ccip,0.0219,0.04393846506961294,-0.022038465069612944,2025-03-30,False,2024,True
citi,2026-02-24,acms2018_dpd90,ccip,0.0219,0.04054621707640707,-0.01864621707640707,2025-03-30,False,2024,True
citi,2026-04-27,fico_odds,ccip,0.0211,0.022812468744573773,-0.0017124687445737724,2025-03-30,False,2024,True
citi,2026-04-27,fico_fed2007,ccip,0.0211,0.02102770482522151,7.229517477849029e-05,2025-03-30,False,2024,True
citi,2026-04-27,acms2018,ccip,0.0211,0.04393846506961294,-0.022838465069612943,2025-03-30,False,2024,True
citi,2026-04-27,acms2018_dpd90,ccip,0.0211,0.04054621707640707,-0.01944621707640707,2025-03-30,False,2024,True
citi,2026-05-26,fico_odds,ccip,0.0228,0.022812468744573773,-1.2468744573772284e-05,2025-03-30,False,2024,True
citi,2026-05-26,fico_fed2007,ccip,0.0228,0.02102770482522151,0.0017722951747784904,2025-03-30,False,2024,True
citi,2026-05-26,acms2018,ccip,0.0228,0.04393846506961294,-0.021138465069612943,2025-03-30,False,2024,True
citi,2026-05-26,acms2018_dpd90,ccip,0.0228,0.04054621707640707,-0.01774621707640707,2025-03-30,False,2024,True
citi,2026-07-28,fico_odds,ccip,0.019,0.022812468744573773,-0.0038124687445737736,2025-03-30,False,2024,True
citi,2026-07-28,fico_fed2007,ccip,0.019,0.02102770482522151,-0.002027704825221511,2025-03-30,False,2024,True
citi,2026-07-28,acms2018,ccip,0.019,0.04393846506961294,-0.024938465069612944,2025-03-30,False,2024,True
citi,2026-07-28,acms2018_dpd90,ccip,0.019,0.04054621707640707,-0.02154621707640707,2025-03-30,False,2024,True
comet,2018-12-31,fico_odds,ccip,0.0357,0.023987767122847392,0.01171223287715261,,True,2018,False
comet,2018-12-31,fico_fed2007,ccip,0.0357,0.023488489700409985,0.012211510299590018,,True,2018,False
comet,2018-12-31,acms2018,ccip,0.0357,0.032447534356549235,0.003252465643450768,,True,2018,False
comet,2018-12-31,acms2018_dpd90,ccip,0.0357,0.031079561055296308,0.004620438944703695,,True,2018,False
comet,2019-01-31,fico_odds,ccip,0.0374,0.023947479240752745,0.013452520759247258,,True,2019,False
comet,2019-01-31,fico_fed2007,ccip,0.0374,0.023380838266731995,0.014019161733268008,,True,2019,False
comet,2019-01-31,acms2018,ccip,0.0374,0.03299567293993005,0.0044043270600699555,,True,2019,False
comet,2019-01-31,acms2018_dpd90,ccip,0.0374,0.03152775847158028,0.005872241528419725,,True,2019,False
comet,2019-02-28,fico_odds,ccip,0.0364,0.023947479240752745,0.012452520759247257,,True,2019,False
comet,2019-02-28,fico_fed2007,ccip,0.0364,0.023380838266731995,0.013019161733268007,,True,2019,False
comet,2019-02-28,acms2018,ccip,0.0364,0.03299567293993005,0.0034043270600699546,,True,2019,False
comet,2019-02-28,acms2018_dpd90,ccip,0.0364,0.03152775847158028,0.004872241528419724,,True,2019,False
comet,2019-02-28,fico_odds,ccip,0.0364,0.023947479240752745,0.012452520759247257,,True,2019,False
comet,2019-02-28,fico_fed2007,ccip,0.0364,0.023380838266731995,0.013019161733268007,,True,2019,False
comet,2019-02-28,acms2018,ccip,0.0364,0.03299567293993005,0.0034043270600699546,,True,2019,False
comet,2019-02-28,acms2018_dpd90,ccip,0.0364,0.03152775847158028,0.004872241528419724,,True,2019,False
comet,2019-03-31,fico_odds,ccip,0.04,0.023947479240752745,0.016052520759247256,,True,2019,False
comet,2019-03-31,fico_fed2007,ccip,0.04,0.023380838266731995,0.016619161733268006,,True,2019,False
comet,2019-03-31,acms2018,ccip,0.04,0.03299567293993005,0.007004327060069954,,True,2019,False
comet,2019-03-31,acms2018_dpd90,ccip,0.04,0.03152775847158028,0.008472241528419723,,True,2019,False
comet,2019-04-30,fico_odds,ccip,0.039,0.023947479240752745,0.015052520759247255,,True,2019,False
comet,2019-04-30,fico_fed2007,ccip,0.039,0.023380838266731995,0.015619161733268005,,True,2019,False
comet,2019-04-30,acms2018,ccip,0.039,0.03299567293993005,0.006004327060069953,,True,2019,False
comet,2019-04-30,acms2018_dpd90,ccip,0.039,0.03152775847158028,0.007472241528419722,,True,2019,False
comet,2019-08-31,fico_odds,ccip,0.0358,0.023947479240752745,0.011852520759247254,,True,2019,False
comet,2019-08-31,fico_fed2007,ccip,0.0358,0.023380838266731995,0.012419161733268003,,True,2019,False
comet,2019-08-31,acms2018,ccip,0.0358,0.03299567293993005,0.0028043270600699513,,True,2019,False
comet,2019-08-31,acms2018_dpd90,ccip,0.0358,0.03152775847158028,0.004272241528419721,,True,2019,False
comet,2019-09-30,fico_odds,ccip,0.0338,0.023947479240752745,0.009852520759247252,,True,2019,False
comet,2019-09-30,fico_fed2007,ccip,0.0338,0.023380838266731995,0.010419161733268002,,True,2019,False
comet,2019-09-30,acms2018,ccip,0.0338,0.03299567293993005,0.0008043270600699495,,True,2019,False
comet,2019-09-30,acms2018_dpd90,ccip,0.0338,0.03152775847158028,0.002272241528419719,,True,2019,False
comet,2019-10-31,fico_odds,ccip,0.0336,0.023947479240752745,0.009652520759247253,,True,2019,False
comet,2019-10-31,fico_fed2007,ccip,0.0336,0.023380838266731995,0.010219161733268003,,True,2019,False
comet,2019-10-31,acms2018,ccip,0.0336,0.03299567293993005,0.0006043270600699507,,True,2019,False
comet,2019-10-31,acms2018_dpd90,ccip,0.0336,0.03152775847158028,0.00207224152841972,,True,2019,False
comet,2019-11-30,fico_odds,ccip,0.0349,0.023947479240752745,0.010952520759247256,,True,2019,False
comet,2019-11-30,fico_fed2007,ccip,0.0349,0.023380838266731995,0.011519161733268005,,True,2019,False
comet,2019-11-30,acms2018,ccip,0.0349,0.03299567293993005,0.0019043270600699533,,True,2019,False
comet,2019-11-30,acms2018_dpd90,ccip,0.0349,0.03152775847158028,0.0033722415284197227,,True,2019,False
comet,2019-12-31,fico_odds,ccip,0.0362,0.023947479240752745,0.012252520759247258,,True,2019,False
comet,2019-12-31,fico_fed2007,ccip,0.0362,0.023380838266731995,0.012819161733268008,,True,2019,False
comet,2019-12-31,acms2018,ccip,0.0362,0.03299567293993005,0.003204327060069956,,True,2019,False
comet,2019-12-31,acms2018_dpd90,ccip,0.0362,0.03152775847158028,0.004672241528419725,,True,2019,False
comet,2020-01-31,fico_odds,ccip,0.0333,0.022022060804302416,0.011277939195697587,,True,2020,False
comet,2020-01-31,fico_fed2007,ccip,0.0333,0.021337709811860527,0.011962290188139477,,True,2020,False
comet,2020-01-31,acms2018,ccip,0.0333,0.03187991388146374,0.001420086118536265,,True,2020,False
comet,2020-01-31,acms2018_dpd90,ccip,0.0333,0.030278477083027347,0.0030215229169726562,,True,2020,False
comet,2020-02-29,fico_odds,ccip,0.0367,0.022022060804302416,0.014677939195697588,,True,2020,False
comet,2020-02-29,fico_fed2007,ccip,0.0367,0.021337709811860527,0.015362290188139477,,True,2020,False
comet,2020-02-29,acms2018,ccip,0.0367,0.03187991388146374,0.004820086118536265,,True,2020,False
comet,2020-02-29,acms2018_dpd90,ccip,0.0367,0.030278477083027347,0.0064215229169726565,,True,2020,False
comet,2020-03-31,fico_odds,ccip,0.0404,0.022022060804302416,0.018377939195697583,,True,2020,False
comet,2020-03-31,fico_fed2007,ccip,0.0404,0.021337709811860527,0.019062290188139472,,True,2020,False
comet,2020-03-31,acms2018,ccip,0.0404,0.03187991388146374,0.00852008611853626,,True,2020,False
comet,2020-03-31,acms2018_dpd90,ccip,0.0404,0.030278477083027347,0.010121522916972651,,True,2020,False
comet,2020-04-30,fico_odds,ccip,0.0375,0.022022060804302416,0.015477939195697583,,True,2020,False
comet,2020-04-30,fico_fed2007,ccip,0.0375,0.021337709811860527,0.016162290188139472,,True,2020,False
comet,2020-04-30,acms2018,ccip,0.0375,0.03187991388146374,0.0056200861185362605,,True,2020,False
comet,2020-04-30,acms2018_dpd90,ccip,0.0375,0.030278477083027347,0.007221522916972652,,True,2020,False
comet,2020-05-31,fico_odds,ccip,0.0369,0.022022060804302416,0.014877939195697586,,True,2020,False
comet,2020-05-31,fico_fed2007,ccip,0.0369,0.021337709811860527,0.015562290188139476,,True,2020,False
comet,2020-05-31,acms2018,ccip,0.0369,0.03187991388146374,0.005020086118536264,,True,2020,False
comet,2020-05-31,acms2018_dpd90,ccip,0.0369,0.030278477083027347,0.006621522916972655,,True,2020,False
comet,2020-06-30,fico_odds,ccip,0.0357,0.022022060804302416,0.013677939195697587,,True,2020,False
comet,2020-06-30,fico_fed2007,ccip,0.0357,0.021337709811860527,0.014362290188139476,,True,2020,False
comet,2020-06-30,acms2018,ccip,0.0357,0.03187991388146374,0.0038200861185362645,,True,2020,False
comet,2020-06-30,acms2018_dpd90,ccip,0.0357,0.030278477083027347,0.005421522916972656,,True,2020,False
comet,2020-07-31,fico_odds,ccip,0.0306,0.022022060804302416,0.008577939195697583,,True,2020,False
comet,2020-07-31,fico_fed2007,ccip,0.0306,0.021337709811860527,0.009262290188139472,,True,2020,False
comet,2020-07-31,acms2018,ccip,0.0306,0.03187991388146374,-0.0012799138814637394,,True,2020,False
comet,2020-07-31,acms2018_dpd90,ccip,0.0306,0.030278477083027347,0.00032152291697265176,,True,2020,False
comet,2020-08-31,fico_odds,ccip,0.0317,0.022022060804302416,0.009677939195697583,,True,2020,False
comet,2020-08-31,fico_fed2007,ccip,0.0317,0.021337709811860527,0.010362290188139472,,True,2020,False
comet,2020-08-31,acms2018,ccip,0.0317,0.03187991388146374,-0.0001799138814637391,,True,2020,False
comet,2020-08-31,acms2018_dpd90,ccip,0.0317,0.030278477083027347,0.001421522916972652,,True,2020,False
comet,2020-09-30,fico_odds,ccip,0.0292,0.022022060804302416,0.007177939195697584,,True,2020,False
comet,2020-09-30,fico_fed2007,ccip,0.0292,0.021337709811860527,0.007862290188139474,,True,2020,False
comet,2020-09-30,acms2018,ccip,0.0292,0.03187991388146374,-0.002679913881463738,,True,2020,False
comet,2020-09-30,acms2018_dpd90,ccip,0.0292,0.030278477083027347,-0.0010784770830273467,,True,2020,False
comet,2020-10-31,fico_odds,ccip,0.0285,0.022022060804302416,0.006477939195697585,,True,2020,False
comet,2020-10-31,fico_fed2007,ccip,0.0285,0.021337709811860527,0.0071622901881394745,,True,2020,False
comet,2020-10-31,acms2018,ccip,0.0285,0.03187991388146374,-0.003379913881463737,,True,2020,False
comet,2020-10-31,acms2018_dpd90,ccip,0.0285,0.030278477083027347,-0.001778477083027346,,True,2020,False
comet,2020-11-30,fico_odds,ccip,0.0246,0.022022060804302416,0.0025779391956975845,,True,2020,False
comet,2020-11-30,fico_fed2007,ccip,0.0246,0.021337709811860527,0.0032622901881394738,,True,2020,False
comet,2020-11-30,acms2018,ccip,0.0246,0.03187991388146374,-0.007279913881463738,,True,2020,False
comet,2020-11-30,acms2018_dpd90,ccip,0.0246,0.030278477083027347,-0.005678477083027347,,True,2020,False
comet,2020-12-31,fico_odds,ccip,0.023,0.022022060804302416,0.0009779391956975837,,True,2020,False
comet,2020-12-31,fico_fed2007,ccip,0.023,0.021337709811860527,0.001662290188139473,,True,2020,False
comet,2020-12-31,acms2018,ccip,0.023,0.03187991388146374,-0.008879913881463739,,True,2020,False
comet,2020-12-31,acms2018_dpd90,ccip,0.023,0.030278477083027347,-0.007278477083027347,,True,2020,False
comet,2021-01-31,fico_odds,ccip,0.0251,0.01597021908470589,0.009129780915294112,,True,2021,False
comet,2021-01-31,fico_fed2007,ccip,0.0251,0.015400138535673968,0.009699861464326033,,True,2021,False
comet,2021-01-31,acms2018,ccip,0.0251,0.02326989485698499,0.0018301051430150116,,True,2021,False
comet,2021-01-31,acms2018_dpd90,ccip,0.0251,0.02213853094162699,0.002961469058373009,,True,2021,False
comet,2021-02-28,fico_odds,ccip,0.0257,0.01597021908470589,0.009729780915294112,,True,2021,False
comet,2021-02-28,fico_fed2007,ccip,0.0257,0.015400138535673968,0.010299861464326033,,True,2021,False
comet,2021-02-28,acms2018,ccip,0.0257,0.02326989485698499,0.0024301051430150114,,True,2021,False
comet,2021-02-28,acms2018_dpd90,ccip,0.0257,0.02213853094162699,0.003561469058373009,,True,2021,False
comet,2021-03-31,fico_odds,ccip,0.0288,0.01597021908470589,0.01282978091529411,,True,2021,False
comet,2021-03-31,fico_fed2007,ccip,0.0288,0.015400138535673968,0.013399861464326032,,True,2021,False
comet,2021-03-31,acms2018,ccip,0.0288,0.02326989485698499,0.00553010514301501,,True,2021,False
comet,2021-03-31,acms2018_dpd90,ccip,0.0288,0.02213853094162699,0.0066614690583730075,,True,2021,False
comet,2021-04-30,fico_odds,ccip,0.0258,0.01597021908470589,0.009829780915294111,,True,2021,False
comet,2021-04-30,fico_fed2007,ccip,0.0258,0.015400138535673968,0.010399861464326032,,True,2021,False
comet,2021-04-30,acms2018,ccip,0.0258,0.02326989485698499,0.002530105143015011,,True,2021,False
comet,2021-04-30,acms2018_dpd90,ccip,0.0258,0.02213853094162699,0.0036614690583730083,,True,2021,False
comet,2021-05-31,fico_odds,ccip,0.0281,0.01597021908470589,0.012129780915294111,,True,2021,False
comet,2021-05-31,fico_fed2007,ccip,0.0281,0.015400138535673968,0.012699861464326032,,True,2021,False
comet,2021-05-31,acms2018,ccip,0.0281,0.02326989485698499,0.004830105143015011,,True,2021,False
comet,2021-05-31,acms2018_dpd90,ccip,0.0281,0.02213853094162699,0.005961469058373008,,True,2021,False
comet,2021-06-30,fico_odds,ccip,0.025,0.01597021908470589,0.009029780915294112,,True,2021,False
comet,2021-06-30,fico_fed2007,ccip,0.025,0.015400138535673968,0.009599861464326034,,True,2021,False
comet,2021-06-30,acms2018,ccip,0.025,0.02326989485698499,0.0017301051430150122,,True,2021,False
comet,2021-06-30,acms2018_dpd90,ccip,0.025,0.02213853094162699,0.0028614690583730097,,True,2021,False
comet,2021-07-31,fico_odds,ccip,0.0211,0.01597021908470589,0.005129780915294112,,True,2021,False
comet,2021-07-31,fico_fed2007,ccip,0.0211,0.015400138535673968,0.005699861464326033,,True,2021,False
comet,2021-07-31,acms2018,ccip,0.0211,0.02326989485698499,-0.0021698948569849885,,True,2021,False
comet,2021-07-31,acms2018_dpd90,ccip,0.0211,0.02213853094162699,-0.001038530941626991,,True,2021,False
comet,2021-08-31,fico_odds,ccip,0.0216,0.01597021908470589,0.005629780915294112,,True,2021,False
comet,2021-08-31,fico_fed2007,ccip,0.0216,0.015400138535673968,0.0061998614643260334,,True,2021,False
comet,2021-08-31,acms2018,ccip,0.0216,0.02326989485698499,-0.001669894856984988,,True,2021,False
comet,2021-08-31,acms2018_dpd90,ccip,0.0216,0.02213853094162699,-0.0005385309416269905,,True,2021,False
comet,2021-09-30,fico_odds,ccip,0.0188,0.01597021908470589,0.002829780915294112,,True,2021,False
comet,2021-09-30,fico_fed2007,ccip,0.0188,0.015400138535673968,0.003399861464326033,,True,2021,False
comet,2021-09-30,acms2018,ccip,0.0188,0.02326989485698499,-0.0044698948569849885,,True,2021,False
comet,2021-09-30,acms2018_dpd90,ccip,0.0188,0.02213853094162699,-0.003338530941626991,,True,2021,False
comet,2021-10-31,fico_odds,ccip,0.0194,0.01597021908470589,0.0034297809152941117,,True,2021,False
comet,2021-10-31,fico_fed2007,ccip,0.0194,0.015400138535673968,0.003999861464326033,,True,2021,False
comet,2021-10-31,acms2018,ccip,0.0194,0.02326989485698499,-0.0038698948569849886,,True,2021,False
comet,2021-10-31,acms2018_dpd90,ccip,0.0194,0.02213853094162699,-0.002738530941626991,,True,2021,False
comet,2021-11-30,fico_odds,ccip,0.0194,0.01597021908470589,0.0034297809152941117,,True,2021,False
comet,2021-11-30,fico_fed2007,ccip,0.0194,0.015400138535673968,0.003999861464326033,,True,2021,False
comet,2021-11-30,acms2018,ccip,0.0194,0.02326989485698499,-0.0038698948569849886,,True,2021,False
comet,2021-11-30,acms2018_dpd90,ccip,0.0194,0.02213853094162699,-0.002738530941626991,,True,2021,False
comet,2021-12-31,fico_odds,ccip,0.0191,0.01597021908470589,0.00312978091529411,,True,2021,False
comet,2021-12-31,fico_fed2007,ccip,0.0191,0.015400138535673968,0.0036998614643260312,,True,2021,False
comet,2021-12-31,acms2018,ccip,0.0191,0.02326989485698499,-0.00416989485698499,,True,2021,False
comet,2021-12-31,acms2018_dpd90,ccip,0.0191,0.02213853094162699,-0.0030385309416269927,,True,2021,False
comet,2022-01-31,fico_odds,ccip,0.0199,0.016275891580742555,0.0036241084192574456,,True,2022,False
comet,2022-01-31,fico_fed2007,ccip,0.0199,0.015805396347040604,0.004094603652959397,,True,2022,False
comet,2022-01-31,acms2018,ccip,0.0199,0.022994976627674916,-0.003094976627674915,,True,2022,False
comet,2022-01-31,acms2018_dpd90,ccip,0.0199,0.021902801142908854,-0.0020028011429088534,,True,2022,False
comet,2022-02-28,fico_odds,ccip,0.0213,0.016275891580742555,0.005024108419257444,,True,2022,False
comet,2022-02-28,fico_fed2007,ccip,0.0213,0.015805396347040604,0.005494603652959396,,True,2022,False
comet,2022-02-28,acms2018,ccip,0.0213,0.022994976627674916,-0.0016949766276749163,,True,2022,False
comet,2022-02-28,acms2018_dpd90,ccip,0.0213,0.021902801142908854,-0.0006028011429088549,,True,2022,False
comet,2022-03-31,fico_odds,ccip,0.0217,0.016275891580742555,0.005424108419257445,,True,2022,False
comet,2022-03-31,fico_fed2007,ccip,0.0217,0.015805396347040604,0.005894603652959397,,True,2022,False
comet,2022-03-31,acms2018,ccip,0.0217,0.022994976627674916,-0.0012949766276749153,,True,2022,False
comet,2022-03-31,acms2018_dpd90,ccip,0.0217,0.021902801142908854,-0.00020280114290885387,,True,2022,False
comet,2022-04-30,fico_odds,ccip,0.0208,0.016275891580742555,0.004524108419257444,,True,2022,False
comet,2022-04-30,fico_fed2007,ccip,0.0208,0.015805396347040604,0.004994603652959395,,True,2022,False
comet,2022-04-30,acms2018,ccip,0.0208,0.022994976627674916,-0.0021949766276749168,,True,2022,False
comet,2022-04-30,acms2018_dpd90,ccip,0.0208,0.021902801142908854,-0.0011028011429088554,,True,2022,False
comet,2022-05-31,fico_odds,ccip,0.0204,0.016275891580742555,0.004124108419257446,,True,2022,False
comet,2022-05-31,fico_fed2007,ccip,0.0204,0.015805396347040604,0.0045946036529593975,,True,2022,False
comet,2022-05-31,acms2018,ccip,0.0204,0.022994976627674916,-0.0025949766276749144,,True,2022,False
comet,2022-05-31,acms2018_dpd90,ccip,0.0204,0.021902801142908854,-0.001502801142908853,,True,2022,False
comet,2022-06-30,fico_odds,ccip,0.0182,0.016275891580742555,0.0019241084192574455,,True,2022,False
comet,2022-06-30,fico_fed2007,ccip,0.0182,0.015805396347040604,0.002394603652959397,,True,2022,False
comet,2022-06-30,acms2018,ccip,0.0182,0.022994976627674916,-0.004794976627674915,,True,2022,False
comet,2022-06-30,acms2018_dpd90,ccip,0.0182,0.021902801142908854,-0.0037028011429088535,,True,2022,False
comet,2022-07-31,fico_odds,ccip,0.019,0.016275891580742555,0.002724108419257444,,True,2022,False
comet,2022-07-31,fico_fed2007,ccip,0.019,0.015805396347040604,0.0031946036529593956,,True,2022,False
comet,2022-07-31,acms2018,ccip,0.019,0.022994976627674916,-0.003994976627674916,,True,2022,False
comet,2022-07-31,acms2018_dpd90,ccip,0.019,0.021902801142908854,-0.002902801142908855,,True,2022,False
comet,2022-08-31,fico_odds,ccip,0.0202,0.016275891580742555,0.003924108419257444,,True,2022,False
comet,2022-08-31,fico_fed2007,ccip,0.0202,0.015805396347040604,0.004394603652959395,,True,2022,False
comet,2022-08-31,acms2018,ccip,0.0202,0.022994976627674916,-0.0027949766276749166,,True,2022,False
comet,2022-08-31,acms2018_dpd90,ccip,0.0202,0.021902801142908854,-0.0017028011429088552,,True,2022,False
comet,2022-09-30,fico_odds,ccip,0.0182,0.016275891580742555,0.0019241084192574455,,True,2022,False
comet,2022-09-30,fico_fed2007,ccip,0.0182,0.015805396347040604,0.002394603652959397,,True,2022,False
comet,2022-09-30,acms2018,ccip,0.0182,0.022994976627674916,-0.004794976627674915,,True,2022,False
comet,2022-09-30,acms2018_dpd90,ccip,0.0182,0.021902801142908854,-0.0037028011429088535,,True,2022,False
comet,2022-10-31,fico_odds,ccip,0.0206,0.016275891580742555,0.004324108419257445,,True,2022,False
comet,2022-10-31,fico_fed2007,ccip,0.0206,0.015805396347040604,0.004794603652959396,,True,2022,False
comet,2022-10-31,acms2018,ccip,0.0206,0.022994976627674916,-0.0023949766276749156,,True,2022,False
comet,2022-10-31,acms2018_dpd90,ccip,0.0206,0.021902801142908854,-0.0013028011429088542,,True,2022,False
comet,2022-11-30,fico_odds,ccip,0.0181,0.016275891580742555,0.001824108419257446,,True,2022,False
comet,2022-11-30,fico_fed2007,ccip,0.0181,0.015805396347040604,0.0022946036529593976,,True,2022,False
comet,2022-11-30,acms2018,ccip,0.0181,0.022994976627674916,-0.004894976627674914,,True,2022,False
comet,2022-11-30,acms2018_dpd90,ccip,0.0181,0.021902801142908854,-0.003802801142908853,,True,2022,False
comet,2022-12-31,fico_odds,ccip,0.0194,0.016275891580742555,0.003124108419257445,,True,2022,False
comet,2022-12-31,fico_fed2007,ccip,0.0194,0.015805396347040604,0.0035946036529593967,,True,2022,False
comet,2022-12-31,acms2018,ccip,0.0194,0.022994976627674916,-0.0035949766276749152,,True,2022,False
comet,2022-12-31,acms2018_dpd90,ccip,0.0194,0.021902801142908854,-0.002502801142908854,,True,2022,False
comet,2023-01-31,fico_odds,ccip,0.021,0.02450702397687762,-0.0035070239768776185,,True,2023,False
comet,2023-01-31,fico_fed2007,ccip,0.021,0.023827602128512267,-0.0028276021285122653,,True,2023,False
comet,2023-01-31,acms2018,ccip,0.021,0.03490023304285016,-0.013900233042850155,,True,2023,False
comet,2023-01-31,acms2018_dpd90,ccip,0.021,0.03316458396937493,-0.01216458396937493,,True,2023,False
comet,2023-02-28,fico_odds,ccip,0.0216,0.02450702397687762,-0.0029070239768776186,,True,2023,False
comet,2023-02-28,fico_fed2007,ccip,0.0216,0.023827602128512267,-0.0022276021285122655,,True,2023,False
comet,2023-02-28,acms2018,ccip,0.0216,0.03490023304285016,-0.013300233042850156,,True,2023,False
comet,2023-02-28,acms2018_dpd90,ccip,0.0216,0.03316458396937493,-0.01156458396937493,,True,2023,False
comet,2023-03-31,fico_odds,ccip,0.0244,0.02450702397687762,-0.00010702397687761822,,True,2023,False
comet,2023-03-31,fico_fed2007,ccip,0.0244,0.023827602128512267,0.0005723978714877349,,True,2023,False
comet,2023-03-31,acms2018,ccip,0.0244,0.03490023304285016,-0.010500233042850155,,True,2023,False
comet,2023-03-31,acms2018_dpd90,ccip,0.0244,0.03316458396937493,-0.00876458396937493,,True,2023,False
comet,2023-04-30,fico_odds,ccip,0.026,0.02450702397687762,0.001492976023122379,,True,2023,False
comet,2023-04-30,fico_fed2007,ccip,0.026,0.023827602128512267,0.002172397871487732,,True,2023,False
comet,2023-04-30,acms2018,ccip,0.026,0.03490023304285016,-0.008900233042850158,,True,2023,False
comet,2023-04-30,acms2018_dpd90,ccip,0.026,0.03316458396937493,-0.007164583969374933,,True,2023,False
comet,2023-05-31,fico_odds,ccip,0.0272,0.02450702397687762,0.0026929760231223787,,True,2023,False
comet,2023-05-31,fico_fed2007,ccip,0.0272,0.023827602128512267,0.003372397871487732,,True,2023,False
comet,2023-05-31,acms2018,ccip,0.0272,0.03490023304285016,-0.007700233042850158,,True,2023,False
comet,2023-05-31,acms2018_dpd90,ccip,0.0272,0.03316458396937493,-0.0059645839693749335,,True,2023,False
comet,2023-06-30,fico_odds,ccip,0.0245,0.02450702397687762,-7.023976877618826e-06,,True,2023,False
comet,2023-06-30,fico_fed2007,ccip,0.0245,0.023827602128512267,0.0006723978714877343,,True,2023,False
comet,2023-06-30,acms2018,ccip,0.0245,0.03490023304285016,-0.010400233042850156,,True,2023,False
comet,2023-06-30,acms2018_dpd90,ccip,0.0245,0.03316458396937493,-0.008664583969374931,,True,2023,False
comet,2023-07-31,fico_odds,ccip,0.0258,0.02450702397687762,0.0012929760231223802,,True,2023,False
comet,2023-07-31,fico_fed2007,ccip,0.0258,0.023827602128512267,0.0019723978714877334,,True,2023,False
comet,2023-07-31,acms2018,ccip,0.0258,0.03490023304285016,-0.009100233042850157,,True,2023,False
comet,2023-07-31,acms2018_dpd90,ccip,0.0258,0.03316458396937493,-0.007364583969374932,,True,2023,False
comet,2023-08-31,fico_odds,ccip,0.0268,0.02450702397687762,0.002292976023122381,,True,2023,False
comet,2023-08-31,fico_fed2007,ccip,0.0268,0.023827602128512267,0.0029723978714877343,,True,2023,False
comet,2023-08-31,acms2018,ccip,0.0268,0.03490023304285016,-0.008100233042850156,,True,2023,False
comet,2023-08-31,acms2018_dpd90,ccip,0.0268,0.03316458396937493,-0.006364583969374931,,True,2023,False
comet,2023-09-30,fico_odds,ccip,0.0251,0.02450702397687762,0.000592976023122381,,True,2023,False
comet,2023-09-30,fico_fed2007,ccip,0.0251,0.023827602128512267,0.0012723978714877342,,True,2023,False
comet,2023-09-30,acms2018,ccip,0.0251,0.03490023304285016,-0.009800233042850156,,True,2023,False
comet,2023-09-30,acms2018_dpd90,ccip,0.0251,0.03316458396937493,-0.008064583969374931,,True,2023,False
comet,2023-10-31,fico_odds,ccip,0.028,0.02450702397687762,0.003492976023122381,,True,2023,False
comet,2023-10-31,fico_fed2007,ccip,0.028,0.023827602128512267,0.004172397871487734,,True,2023,False
comet,2023-10-31,acms2018,ccip,0.028,0.03490023304285016,-0.006900233042850156,,True,2023,False
comet,2023-10-31,acms2018_dpd90,ccip,0.028,0.03316458396937493,-0.005164583969374931,,True,2023,False
comet,2023-11-30,fico_odds,ccip,0.0307,0.02450702397687762,0.006192976023122382,,True,2023,False
comet,2023-11-30,fico_fed2007,ccip,0.0307,0.023827602128512267,0.006872397871487735,,True,2023,False
comet,2023-11-30,acms2018,ccip,0.0307,0.03490023304285016,-0.004200233042850155,,True,2023,False
comet,2023-11-30,acms2018_dpd90,ccip,0.0307,0.03316458396937493,-0.0024645839693749304,,True,2023,False
comet,2023-12-31,fico_odds,ccip,0.0319,0.02450702397687762,0.007392976023122378,,True,2023,False
comet,2023-12-31,fico_fed2007,ccip,0.0319,0.023827602128512267,0.008072397871487731,,True,2023,False
comet,2023-12-31,acms2018,ccip,0.0319,0.03490023304285016,-0.003000233042850159,,True,2023,False
comet,2023-12-31,acms2018_dpd90,ccip,0.0319,0.03316458396937493,-0.0012645839693749342,,True,2023,False
comet,2024-01-31,fico_odds,ccip,0.0326,0.03187362440673719,0.0007263755932628083,,True,2024,False
comet,2024-01-31,fico_fed2007,ccip,0.0326,0.0308785124099968,0.0017214875900031963,,True,2024,False
comet,2024-01-31,acms2018,ccip,0.0326,0.04636630280261384,-0.013766302802613845,,True,2024,False
comet,2024-01-31,acms2018_dpd90,ccip,0.0326,0.04396396297179554,-0.011363962971795545,,True,2024,False
comet,2024-02-29,fico_odds,ccip,0.035,0.03187362440673719,0.0031263755932628146,,True,2024,False
comet,2024-02-29,fico_fed2007,ccip,0.035,0.0308785124099968,0.004121487590003203,,True,2024,False
comet,2024-02-29,acms2018,ccip,0.035,0.04636630280261384,-0.011366302802613838,,True,2024,False
comet,2024-02-29,acms2018_dpd90,ccip,0.035,0.04396396297179554,-0.008963962971795539,,True,2024,False
comet,2024-03-31,fico_odds,ccip,0.0376,0.03187362440673719,0.005726375593262813,,True,2024,False
comet,2024-03-31,fico_fed2007,ccip,0.0376,0.0308785124099968,0.006721487590003201,,True,2024,False
comet,2024-03-31,acms2018,ccip,0.0376,0.04636630280261384,-0.00876630280261384,,True,2024,False
comet,2024-03-31,acms2018_dpd90,ccip,0.0376,0.04396396297179554,-0.006363962971795541,,True,2024,False
comet,2024-04-30,fico_odds,ccip,0.0373,0.03187362440673719,0.005426375593262811,,True,2024,False
comet,2024-04-30,fico_fed2007,ccip,0.0373,0.0308785124099968,0.006421487590003199,,True,2024,False
comet,2024-04-30,acms2018,ccip,0.0373,0.04636630280261384,-0.009066302802613842,,True,2024,False
comet,2024-04-30,acms2018_dpd90,ccip,0.0373,0.04396396297179554,-0.006663962971795542,,True,2024,False
comet,2024-05-31,fico_odds,ccip,0.037,0.03187362440673719,0.005126375593262809,,True,2024,False
comet,2024-05-31,fico_fed2007,ccip,0.037,0.0308785124099968,0.0061214875900031974,,True,2024,False
comet,2024-05-31,acms2018,ccip,0.037,0.04636630280261384,-0.009366302802613843,,True,2024,False
comet,2024-05-31,acms2018_dpd90,ccip,0.037,0.04396396297179554,-0.006963962971795544,,True,2024,False
comet,2024-06-30,fico_odds,ccip,0.0345,0.03187362440673719,0.002626375593262814,,True,2024,False
comet,2024-06-30,fico_fed2007,ccip,0.0345,0.0308785124099968,0.003621487590003202,,True,2024,False
comet,2024-06-30,acms2018,ccip,0.0345,0.04636630280261384,-0.011866302802613839,,True,2024,False
comet,2024-06-30,acms2018_dpd90,ccip,0.0345,0.04396396297179554,-0.00946396297179554,,True,2024,False
comet,2024-07-31,fico_odds,ccip,0.035,0.03187362440673719,0.0031263755932628146,,True,2024,False
comet,2024-07-31,fico_fed2007,ccip,0.035,0.0308785124099968,0.004121487590003203,,True,2024,False
comet,2024-07-31,acms2018,ccip,0.035,0.04636630280261384,-0.011366302802613838,,True,2024,False
comet,2024-07-31,acms2018_dpd90,ccip,0.035,0.04396396297179554,-0.008963962971795539,,True,2024,False
comet,2024-08-31,fico_odds,ccip,0.0359,0.03187362440673719,0.004026375593262813,,True,2024,False
comet,2024-08-31,fico_fed2007,ccip,0.0359,0.0308785124099968,0.005021487590003201,,True,2024,False
comet,2024-08-31,acms2018,ccip,0.0359,0.04636630280261384,-0.01046630280261384,,True,2024,False
comet,2024-08-31,acms2018_dpd90,ccip,0.0359,0.04396396297179554,-0.00806396297179554,,True,2024,False
comet,2024-09-30,fico_odds,ccip,0.0333,0.03187362440673719,0.0014263755932628144,,True,2024,False
comet,2024-09-30,fico_fed2007,ccip,0.0333,0.0308785124099968,0.0024214875900032025,,True,2024,False
comet,2024-09-30,acms2018,ccip,0.0333,0.04636630280261384,-0.013066302802613838,,True,2024,False
comet,2024-09-30,acms2018_dpd90,ccip,0.0333,0.04396396297179554,-0.010663962971795539,,True,2024,False
comet,2024-10-31,fico_odds,ccip,0.0354,0.03187362440673719,0.003526375593262812,,True,2024,False
comet,2024-10-31,fico_fed2007,ccip,0.0354,0.0308785124099968,0.0045214875900032,,True,2024,False
comet,2024-10-31,acms2018,ccip,0.0354,0.04636630280261384,-0.01096630280261384,,True,2024,False
comet,2024-10-31,acms2018_dpd90,ccip,0.0354,0.04396396297179554,-0.008563962971795541,,True,2024,False
comet,2024-11-30,fico_odds,ccip,0.0343,0.03187362440673719,0.0024263755932628084,,True,2024,False
comet,2024-11-30,fico_fed2007,ccip,0.0343,0.0308785124099968,0.0034214875900031964,,True,2024,False
comet,2024-11-30,acms2018,ccip,0.0343,0.04636630280261384,-0.012066302802613844,,True,2024,False
comet,2024-11-30,acms2018_dpd90,ccip,0.0343,0.04396396297179554,-0.009663962971795545,,True,2024,False
comet,2024-12-31,fico_odds,ccip,0.0372,0.03187362440673719,0.005326375593262808,,True,2024,False
comet,2024-12-31,fico_fed2007,ccip,0.0372,0.0308785124099968,0.006321487590003196,,True,2024,False
comet,2024-12-31,acms2018,ccip,0.0372,0.04636630280261384,-0.009166302802613845,,True,2024,False
comet,2024-12-31,acms2018_dpd90,ccip,0.0372,0.04396396297179554,-0.006763962971795545,,True,2024,False
comet,2025-01-31,fico_odds,ccip,0.0344,0.03187362440673719,0.0025263755932628112,,True,2024,True
comet,2025-01-31,fico_fed2007,ccip,0.0344,0.0308785124099968,0.0035214875900031993,,True,2024,True
comet,2025-01-31,acms2018,ccip,0.0344,0.04636630280261384,-0.011966302802613842,,True,2024,True
comet,2025-01-31,acms2018_dpd90,ccip,0.0344,0.04396396297179554,-0.009563962971795542,,True,2024,True
comet,2025-02-28,fico_odds,ccip,0.0378,0.03187362440673719,0.0059263755932628115,,True,2024,True
comet,2025-02-28,fico_fed2007,ccip,0.0378,0.0308785124099968,0.0069214875900031995,,True,2024,True
comet,2025-02-28,acms2018,ccip,0.0378,0.04636630280261384,-0.008566302802613841,,True,2024,True
comet,2025-02-28,acms2018_dpd90,ccip,0.0378,0.04396396297179554,-0.006163962971795542,,True,2024,True
comet,2025-03-31,fico_odds,ccip,0.0395,0.03187362440673719,0.007626375593262812,,True,2024,True
comet,2025-03-31,fico_fed2007,ccip,0.0395,0.0308785124099968,0.0086214875900032,,True,2024,True
comet,2025-03-31,acms2018,ccip,0.0395,0.04636630280261384,-0.006866302802613841,,True,2024,True
comet,2025-03-31,acms2018_dpd90,ccip,0.0395,0.04396396297179554,-0.004463962971795542,,True,2024,True
comet,2025-04-30,fico_odds,ccip,0.0367,0.03187362440673719,0.004826375593262815,,True,2024,True
comet,2025-04-30,fico_fed2007,ccip,0.0367,0.0308785124099968,0.005821487590003203,,True,2024,True
comet,2025-04-30,acms2018,ccip,0.0367,0.04636630280261384,-0.009666302802613838,,True,2024,True
comet,2025-04-30,acms2018_dpd90,ccip,0.0367,0.04396396297179554,-0.007263962971795539,,True,2024,True
comet,2025-05-31,fico_odds,ccip,0.0362,0.03187362440673719,0.004326375593262814,,True,2024,True
comet,2025-05-31,fico_fed2007,ccip,0.0362,0.0308785124099968,0.005321487590003202,,True,2024,True
comet,2025-05-31,acms2018,ccip,0.0362,0.04636630280261384,-0.010166302802613839,,True,2024,True
comet,2025-05-31,acms2018_dpd90,ccip,0.0362,0.04396396297179554,-0.007763962971795539,,True,2024,True
comet,2025-06-30,fico_odds,ccip,0.033,0.03187362440673719,0.0011263755932628128,,True,2024,True
comet,2025-06-30,fico_fed2007,ccip,0.033,0.0308785124099968,0.002121487590003201,,True,2024,True
comet,2025-06-30,acms2018,ccip,0.033,0.04636630280261384,-0.01336630280261384,,True,2024,True
comet,2025-06-30,acms2018_dpd90,ccip,0.033,0.04396396297179554,-0.01096396297179554,,True,2024,True
comet,2025-07-31,fico_odds,ccip,0.0329,0.03187362440673719,0.00102637559326281,,True,2024,True
comet,2025-07-31,fico_fed2007,ccip,0.0329,0.0308785124099968,0.002021487590003198,,True,2024,True
comet,2025-07-31,acms2018,ccip,0.0329,0.04636630280261384,-0.013466302802613843,,True,2024,True
comet,2025-07-31,acms2018_dpd90,ccip,0.0329,0.04396396297179554,-0.011063962971795543,,True,2024,True
comet,2025-08-31,fico_odds,ccip,0.0347,0.03187362440673719,0.002826375593262813,,True,2024,True
comet,2025-08-31,fico_fed2007,ccip,0.0347,0.0308785124099968,0.003821487590003201,,True,2024,True
comet,2025-08-31,acms2018,ccip,0.0347,0.04636630280261384,-0.01166630280261384,,True,2024,True
comet,2025-08-31,acms2018_dpd90,ccip,0.0347,0.04396396297179554,-0.00926396297179554,,True,2024,True
comet,2025-09-30,fico_odds,ccip,0.0321,0.03187362440673719,0.00022637559326280782,,True,2024,True
comet,2025-09-30,fico_fed2007,ccip,0.0321,0.0308785124099968,0.0012214875900031959,,True,2024,True
comet,2025-09-30,acms2018,ccip,0.0321,0.04636630280261384,-0.014266302802613845,,True,2024,True
comet,2025-09-30,acms2018_dpd90,ccip,0.0321,0.04396396297179554,-0.011863962971795546,,True,2024,True
comet,2025-10-31,fico_odds,ccip,0.0337,0.03187362440673719,0.001826375593262812,,True,2024,True
comet,2025-10-31,fico_fed2007,ccip,0.0337,0.0308785124099968,0.0028214875900032,,True,2024,True
comet,2025-10-31,acms2018,ccip,0.0337,0.04636630280261384,-0.01266630280261384,,True,2024,True
comet,2025-10-31,acms2018_dpd90,ccip,0.0337,0.04396396297179554,-0.010263962971795541,,True,2024,True
comet,2025-11-30,fico_odds,ccip,0.0327,0.03187362440673719,0.0008263755932628111,,True,2024,True
comet,2025-11-30,fico_fed2007,ccip,0.0327,0.0308785124099968,0.0018214875900031992,,True,2024,True
comet,2025-11-30,acms2018,ccip,0.0327,0.04636630280261384,-0.013666302802613842,,True,2024,True
comet,2025-11-30,acms2018_dpd90,ccip,0.0327,0.04396396297179554,-0.011263962971795542,,True,2024,True
comet,2025-12-31,fico_odds,ccip,0.0339,0.03187362440673719,0.002026375593262811,,True,2024,True
comet,2025-12-31,fico_fed2007,ccip,0.0339,0.0308785124099968,0.003021487590003199,,True,2024,True
comet,2025-12-31,acms2018,ccip,0.0339,0.04636630280261384,-0.012466302802613842,,True,2024,True
comet,2025-12-31,acms2018_dpd90,ccip,0.0339,0.04396396297179554,-0.010063962971795543,,True,2024,True
comet,2026-01-31,fico_odds,ccip,0.0328,0.03187362440673719,0.000926375593262814,,True,2024,True
comet,2026-01-31,fico_fed2007,ccip,0.0328,0.0308785124099968,0.001921487590003202,,True,2024,True
comet,2026-01-31,acms2018,ccip,0.0328,0.04636630280261384,-0.013566302802613839,,True,2024,True
comet,2026-01-31,acms2018_dpd90,ccip,0.0328,0.04396396297179554,-0.01116396297179554,,True,2024,True
comet,2026-02-28,fico_odds,ccip,0.035,0.03187362440673719,0.0031263755932628146,,True,2024,True
comet,2026-02-28,fico_fed2007,ccip,0.035,0.0308785124099968,0.004121487590003203,,True,2024,True
comet,2026-02-28,acms2018,ccip,0.035,0.04636630280261384,-0.011366302802613838,,True,2024,True
comet,2026-02-28,acms2018_dpd90,ccip,0.035,0.04396396297179554,-0.008963962971795539,,True,2024,True
comet,2026-03-31,fico_odds,ccip,0.0354,0.03187362440673719,0.003526375593262812,,True,2024,True
comet,2026-03-31,fico_fed2007,ccip,0.0354,0.0308785124099968,0.0045214875900032,,True,2024,True
comet,2026-03-31,acms2018,ccip,0.0354,0.04636630280261384,-0.01096630280261384,,True,2024,True
comet,2026-03-31,acms2018_dpd90,ccip,0.0354,0.04396396297179554,-0.008563962971795541,,True,2024,True
comet,2026-04-30,fico_odds,ccip,0.0333,0.03187362440673719,0.0014263755932628144,,True,2024,True
comet,2026-04-30,fico_fed2007,ccip,0.0333,0.0308785124099968,0.0024214875900032025,,True,2024,True
comet,2026-04-30,acms2018,ccip,0.0333,0.04636630280261384,-0.013066302802613838,,True,2024,True
comet,2026-04-30,acms2018_dpd90,ccip,0.0333,0.04396396297179554,-0.010663962971795539,,True,2024,True
comet,2026-05-31,fico_odds,ccip,0.0334,0.03187362440673719,0.0015263755932628104,,True,2024,True
comet,2026-05-31,fico_fed2007,ccip,0.0334,0.0308785124099968,0.0025214875900031984,,True,2024,True
comet,2026-05-31,acms2018,ccip,0.0334,0.04636630280261384,-0.012966302802613842,,True,2024,True
comet,2026-05-31,acms2018_dpd90,ccip,0.0334,0.04396396297179554,-0.010563962971795543,,True,2024,True
comet,2026-06-30,fico_odds,ccip,0.0312,0.03187362440673719,-0.0006736244067371902,2026-06-10,False,2024,True
comet,2026-06-30,fico_fed2007,ccip,0.0312,0.0308785124099968,0.00032148759000319785,2026-06-10,False,2024,True
comet,2026-06-30,acms2018,ccip,0.0312,0.04636630280261384,-0.015166302802613843,2026-06-10,False,2024,True
comet,2026-06-30,acms2018_dpd90,ccip,0.0312,0.04396396297179554,-0.012763962971795544,2026-06-10,False,2024,True
comet,2026-07-31,fico_odds,ccip,0.0296,0.03187362440673719,-0.0022736244067371875,2026-06-10,False,2024,True
comet,2026-07-31,fico_fed2007,ccip,0.0296,0.0308785124099968,-0.0012785124099967994,2026-06-10,False,2024,True
comet,2026-07-31,acms2018,ccip,0.0296,0.04636630280261384,-0.01676630280261384,2026-06-10,False,2024,True
comet,2026-07-31,acms2018_dpd90,ccip,0.0296,0.04396396297179554,-0.01436396297179554,2026-06-10,False,2024,True
synchrony,2018-12-31,fico_odds,ccip,0.044429,0.032507304306177334,0.011921695693822669,,True,2018,False
synchrony,2018-12-31,fico_fed2007,ccip,0.044429,0.0318767481413248,0.0125522518586752,,True,2018,False
synchrony,2018-12-31,acms2018,ccip,0.044429,0.035865970790185754,0.008563029209814249,,True,2018,False
synchrony,2018-12-31,acms2018_dpd90,ccip,0.044429,0.035881052041804556,0.008547947958195447,,True,2018,False
synchrony,2019-01-31,fico_odds,ccip,0.055974,0.032452707709653986,0.023521292290346017,,True,2019,False
synchrony,2019-01-31,fico_fed2007,ccip,0.055974,0.031730652003081145,0.02424334799691886,,True,2019,False
synchrony,2019-01-31,acms2018,ccip,0.055974,0.036471857271558474,0.01950214272844153,,True,2019,False
synchrony,2019-01-31,acms2018_dpd90,ccip,0.055974,0.036398491615358214,0.01957550838464179,,True,2019,False
synchrony,2019-02-28,fico_odds,ccip,0.062433,0.032452707709653986,0.029980292290346017,,True,2019,False
synchrony,2019-02-28,fico_fed2007,ccip,0.062433,0.031730652003081145,0.030702347996918858,,True,2019,False
synchrony,2019-02-28,acms2018,ccip,0.062433,0.036471857271558474,0.02596114272844153,,True,2019,False
synchrony,2019-02-28,acms2018_dpd90,ccip,0.062433,0.036398491615358214,0.02603450838464179,,True,2019,False
synchrony,2019-03-31,fico_odds,ccip,0.067999,0.032452707709653986,0.03554629229034602,,True,2019,False
synchrony,2019-03-31,fico_fed2007,ccip,0.067999,0.031730652003081145,0.03626834799691886,,True,2019,False
synchrony,2019-03-31,acms2018,ccip,0.067999,0.036471857271558474,0.03152714272844153,,True,2019,False
synchrony,2019-03-31,acms2018_dpd90,ccip,0.067999,0.036398491615358214,0.03160050838464179,,True,2019,False
synchrony,2019-04-30,fico_odds,ccip,0.069593,0.032452707709653986,0.037140292290346016,,True,2019,False
synchrony,2019-04-30,fico_fed2007,ccip,0.069593,0.031730652003081145,0.03786234799691886,,True,2019,False
synchrony,2019-04-30,acms2018,ccip,0.069593,0.036471857271558474,0.03312114272844153,,True,2019,False
synchrony,2019-04-30,acms2018_dpd90,ccip,0.069593,0.036398491615358214,0.03319450838464179,,True,2019,False
synchrony,2019-05-31,fico_odds,ccip,0.069063,0.032452707709653986,0.036610292290346014,,True,2019,False
synchrony,2019-05-31,fico_fed2007,ccip,0.069063,0.031730652003081145,0.037332347996918855,,True,2019,False
synchrony,2019-05-31,acms2018,ccip,0.069063,0.036471857271558474,0.032591142728441526,,True,2019,False
synchrony,2019-05-31,acms2018_dpd90,ccip,0.069063,0.036398491615358214,0.032664508384641786,,True,2019,False
synchrony,2019-06-30,fico_odds,ccip,0.064192,0.032452707709653986,0.03173929229034601,,True,2019,False
synchrony,2019-06-30,fico_fed2007,ccip,0.064192,0.031730652003081145,0.032461347996918855,,True,2019,False
synchrony,2019-06-30,acms2018,ccip,0.064192,0.036471857271558474,0.027720142728441526,,True,2019,False
synchrony,2019-06-30,acms2018_dpd90,ccip,0.064192,0.036398491615358214,0.027793508384641785,,True,2019,False
synchrony,2019-07-31,fico_odds,ccip,0.061808,0.032452707709653986,0.029355292290346016,,True,2019,False
synchrony,2019-07-31,fico_fed2007,ccip,0.061808,0.031730652003081145,0.030077347996918857,,True,2019,False
synchrony,2019-07-31,acms2018,ccip,0.061808,0.036471857271558474,0.02533614272844153,,True,2019,False
synchrony,2019-07-31,acms2018_dpd90,ccip,0.061808,0.036398491615358214,0.025409508384641788,,True,2019,False
synchrony,2019-08-31,fico_odds,ccip,0.062202,0.032452707709653986,0.029749292290346015,,True,2019,False
synchrony,2019-08-31,fico_fed2007,ccip,0.062202,0.031730652003081145,0.030471347996918856,,True,2019,False
synchrony,2019-08-31,acms2018,ccip,0.062202,0.036471857271558474,0.025730142728441527,,True,2019,False
synchrony,2019-08-31,acms2018_dpd90,ccip,0.062202,0.036398491615358214,0.025803508384641786,,True,2019,False
synchrony,2019-09-30,fico_odds,ccip,0.051217,0.032452707709653986,0.018764292290346013,,True,2019,False
synchrony,2019-09-30,fico_fed2007,ccip,0.051217,0.031730652003081145,0.019486347996918854,,True,2019,False
synchrony,2019-09-30,acms2018,ccip,0.051217,0.036471857271558474,0.014745142728441525,,True,2019,False
synchrony,2019-09-30,acms2018_dpd90,ccip,0.051217,0.036398491615358214,0.014818508384641785,,True,2019,False
synchrony,2019-10-31,fico_odds,ccip,0.055946,0.032452707709653986,0.023493292290346017,,True,2019,False
synchrony,2019-10-31,fico_fed2007,ccip,0.055946,0.031730652003081145,0.024215347996918858,,True,2019,False
synchrony,2019-10-31,acms2018,ccip,0.055946,0.036471857271558474,0.01947414272844153,,True,2019,False
synchrony,2019-10-31,acms2018_dpd90,ccip,0.055946,0.036398491615358214,0.01954750838464179,,True,2019,False
synchrony,2019-11-30,fico_odds,ccip,0.05609,0.032452707709653986,0.023637292290346015,,True,2019,False
synchrony,2019-11-30,fico_fed2007,ccip,0.05609,0.031730652003081145,0.024359347996918856,,True,2019,False
synchrony,2019-11-30,acms2018,ccip,0.05609,0.036471857271558474,0.019618142728441527,,True,2019,False
synchrony,2019-11-30,acms2018_dpd90,ccip,0.05609,0.036398491615358214,0.019691508384641787,,True,2019,False
synchrony,2019-12-31,fico_odds,ccip,0.064712,0.032452707709653986,0.03225929229034602,,True,2019,False
synchrony,2019-12-31,fico_fed2007,ccip,0.064712,0.031730652003081145,0.03298134799691886,,True,2019,False
synchrony,2019-12-31,acms2018,ccip,0.064712,0.036471857271558474,0.028240142728441532,,True,2019,False
synchrony,2019-12-31,acms2018_dpd90,ccip,0.064712,0.036398491615358214,0.028313508384641792,,True,2019,False
synchrony,2020-03-31,fico_odds,ccip,0.05682,0.02984345430520517,0.026976545694794834,,True,2020,False
synchrony,2020-03-31,fico_fed2007,ccip,0.05682,0.028957877252256063,0.02786212274774394,,True,2020,False
synchrony,2020-03-31,acms2018,ccip,0.05682,0.03523854994656721,0.021581450053432795,,True,2020,False
synchrony,2020-03-31,acms2018_dpd90,ccip,0.05682,0.03495620835924103,0.021863791640758974,,True,2020,False
synchrony,2020-04-30,fico_odds,ccip,0.054774,0.02984345430520517,0.024930545694794835,,True,2020,False
synchrony,2020-04-30,fico_fed2007,ccip,0.054774,0.028957877252256063,0.02581612274774394,,True,2020,False
synchrony,2020-04-30,acms2018,ccip,0.054774,0.03523854994656721,0.019535450053432796,,True,2020,False
synchrony,2020-04-30,acms2018_dpd90,ccip,0.054774,0.03495620835924103,0.019817791640758975,,True,2020,False
synchrony,2020-05-31,fico_odds,ccip,0.052127,0.02984345430520517,0.02228354569479483,,True,2020,False
synchrony,2020-05-31,fico_fed2007,ccip,0.052127,0.028957877252256063,0.023169122747743937,,True,2020,False
synchrony,2020-05-31,acms2018,ccip,0.052127,0.03523854994656721,0.016888450053432792,,True,2020,False
synchrony,2020-05-31,acms2018_dpd90,ccip,0.052127,0.03495620835924103,0.01717079164075897,,True,2020,False
synchrony,2020-06-30,fico_odds,ccip,0.054003,0.02984345430520517,0.024159545694794834,,True,2020,False
synchrony,2020-06-30,fico_fed2007,ccip,0.054003,0.028957877252256063,0.02504512274774394,,True,2020,False
synchrony,2020-06-30,acms2018,ccip,0.054003,0.03523854994656721,0.018764450053432795,,True,2020,False
synchrony,2020-06-30,acms2018_dpd90,ccip,0.054003,0.03495620835924103,0.019046791640758974,,True,2020,False
synchrony,2020-07-31,fico_odds,ccip,0.057843,0.02984345430520517,0.02799954569479483,,True,2020,False
synchrony,2020-07-31,fico_fed2007,ccip,0.057843,0.028957877252256063,0.028885122747743935,,True,2020,False
synchrony,2020-07-31,acms2018,ccip,0.057843,0.03523854994656721,0.02260445005343279,,True,2020,False
synchrony,2020-07-31,acms2018_dpd90,ccip,0.057843,0.03495620835924103,0.02288679164075897,,True,2020,False
synchrony,2020-08-31,fico_odds,ccip,0.045984,0.02984345430520517,0.01614054569479483,,True,2020,False
synchrony,2020-08-31,fico_fed2007,ccip,0.045984,0.028957877252256063,0.017026122747743934,,True,2020,False
synchrony,2020-08-31,acms2018,ccip,0.045984,0.03523854994656721,0.01074545005343279,,True,2020,False
synchrony,2020-08-31,acms2018_dpd90,ccip,0.045984,0.03495620835924103,0.011027791640758969,,True,2020,False
synchrony,2020-09-30,fico_odds,ccip,0.043214,0.02984345430520517,0.013370545694794834,,True,2020,False
synchrony,2020-09-30,fico_fed2007,ccip,0.043214,0.028957877252256063,0.01425612274774394,,True,2020,False
synchrony,2020-09-30,acms2018,ccip,0.043214,0.03523854994656721,0.007975450053432795,,True,2020,False
synchrony,2020-09-30,acms2018_dpd90,ccip,0.043214,0.03495620835924103,0.008257791640758974,,True,2020,False
synchrony,2020-10-31,fico_odds,ccip,0.037793,0.02984345430520517,0.007949545694794832,,True,2020,False
synchrony,2020-10-31,fico_fed2007,ccip,0.037793,0.028957877252256063,0.008835122747743937,,True,2020,False
synchrony,2020-10-31,acms2018,ccip,0.037793,0.03523854994656721,0.0025544500534327927,,True,2020,False
synchrony,2020-10-31,acms2018_dpd90,ccip,0.037793,0.03495620835924103,0.002836791640758972,,True,2020,False
synchrony,2020-11-30,fico_odds,ccip,0.03515,0.02984345430520517,0.005306545694794832,,True,2020,False
synchrony,2020-11-30,fico_fed2007,ccip,0.03515,0.028957877252256063,0.0061921227477439375,,True,2020,False
synchrony,2020-11-30,acms2018,ccip,0.03515,0.03523854994656721,-8.854994656720683e-05,,True,2020,False
synchrony,2020-11-30,acms2018_dpd90,ccip,0.03515,0.03495620835924103,0.00019379164075897237,,True,2020,False
synchrony,2020-12-31,fico_odds,ccip,0.036128,0.02984345430520517,0.006284545694794832,,True,2020,False
synchrony,2020-12-31,fico_fed2007,ccip,0.036128,0.028957877252256063,0.007170122747743937,,True,2020,False
synchrony,2020-12-31,acms2018,ccip,0.036128,0.03523854994656721,0.0008894500534327929,,True,2020,False
synchrony,2020-12-31,acms2018_dpd90,ccip,0.036128,0.03495620835924103,0.001171791640758972,,True,2020,False
synchrony,2021-01-31,fico_odds,ccip,0.038176,0.0216422299317883,0.0165337700682117,,True,2021,False
synchrony,2021-01-31,fico_fed2007,ccip,0.038176,0.020899868135609463,0.01727613186439054,,True,2021,False
synchrony,2021-01-31,acms2018,ccip,0.038176,0.025721441884007483,0.012454558115992519,,True,2021,False
synchrony,2021-01-31,acms2018_dpd90,ccip,0.038176,0.02555871942439327,0.01261728057560673,,True,2021,False
synchrony,2021-02-28,fico_odds,ccip,0.048582,0.0216422299317883,0.0269397700682117,,True,2021,False
synchrony,2021-02-28,fico_fed2007,ccip,0.048582,0.020899868135609463,0.027682131864390537,,True,2021,False
synchrony,2021-02-28,acms2018,ccip,0.048582,0.025721441884007483,0.022860558115992517,,True,2021,False
synchrony,2021-02-28,acms2018_dpd90,ccip,0.048582,0.02555871942439327,0.02302328057560673,,True,2021,False
synchrony,2021-03-31,fico_odds,ccip,0.057234,0.0216422299317883,0.035591770068211695,,True,2021,False
synchrony,2021-03-31,fico_fed2007,ccip,0.057234,0.020899868135609463,0.03633413186439054,,True,2021,False
synchrony,2021-03-31,acms2018,ccip,0.057234,0.025721441884007483,0.03151255811599252,,True,2021,False
synchrony,2021-03-31,acms2018_dpd90,ccip,0.057234,0.02555871942439327,0.03167528057560673,,True,2021,False
synchrony,2021-04-30,fico_odds,ccip,0.051693,0.0216422299317883,0.0300507700682117,,True,2021,False
synchrony,2021-04-30,fico_fed2007,ccip,0.051693,0.020899868135609463,0.03079313186439054,,True,2021,False
synchrony,2021-04-30,acms2018,ccip,0.051693,0.025721441884007483,0.02597155811599252,,True,2021,False
synchrony,2021-04-30,acms2018_dpd90,ccip,0.051693,0.02555871942439327,0.02613428057560673,,True,2021,False
synchrony,2021-05-31,fico_odds,ccip,0.051485,0.0216422299317883,0.0298427700682117,,True,2021,False
synchrony,2021-05-31,fico_fed2007,ccip,0.051485,0.020899868135609463,0.03058513186439054,,True,2021,False
synchrony,2021-05-31,acms2018,ccip,0.051485,0.025721441884007483,0.02576355811599252,,True,2021,False
synchrony,2021-05-31,acms2018_dpd90,ccip,0.051485,0.02555871942439327,0.025926280575606732,,True,2021,False
synchrony,2021-06-30,fico_odds,ccip,0.043812,0.0216422299317883,0.022169770068211695,,True,2021,False
synchrony,2021-06-30,fico_fed2007,ccip,0.043812,0.020899868135609463,0.022912131864390534,,True,2021,False
synchrony,2021-06-30,acms2018,ccip,0.043812,0.025721441884007483,0.018090558115992514,,True,2021,False
synchrony,2021-06-30,acms2018_dpd90,ccip,0.043812,0.02555871942439327,0.018253280575606726,,True,2021,False
synchrony,2021-07-31,fico_odds,ccip,0.034303,0.0216422299317883,0.012660770068211698,,True,2021,False
synchrony,2021-07-31,fico_fed2007,ccip,0.034303,0.020899868135609463,0.013403131864390537,,True,2021,False
synchrony,2021-07-31,acms2018,ccip,0.034303,0.025721441884007483,0.008581558115992517,,True,2021,False
synchrony,2021-07-31,acms2018_dpd90,ccip,0.034303,0.02555871942439327,0.008744280575606729,,True,2021,False
synchrony,2021-08-31,fico_odds,ccip,0.032746,0.0216422299317883,0.011103770068211696,,True,2021,False
synchrony,2021-08-31,fico_fed2007,ccip,0.032746,0.020899868135609463,0.011846131864390534,,True,2021,False
synchrony,2021-08-31,acms2018,ccip,0.032746,0.025721441884007483,0.007024558115992514,,True,2021,False
synchrony,2021-08-31,acms2018_dpd90,ccip,0.032746,0.02555871942439327,0.007187280575606726,,True,2021,False
synchrony,2021-09-30,fico_odds,ccip,0.026534,0.0216422299317883,0.004891770068211697,,True,2021,False
synchrony,2021-09-30,fico_fed2007,ccip,0.026534,0.020899868135609463,0.005634131864390535,,True,2021,False
synchrony,2021-09-30,acms2018,ccip,0.026534,0.025721441884007483,0.0008125581159925156,,True,2021,False
synchrony,2021-09-30,acms2018_dpd90,ccip,0.026534,0.02555871942439327,0.0009752805756067275,,True,2021,False
synchrony,2021-10-31,fico_odds,ccip,0.027169,0.0216422299317883,0.005526770068211697,,True,2021,False
synchrony,2021-10-31,fico_fed2007,ccip,0.027169,0.020899868135609463,0.0062691318643905355,,True,2021,False
synchrony,2021-10-31,acms2018,ccip,0.027169,0.025721441884007483,0.0014475581159925158,,True,2021,False
synchrony,2021-10-31,acms2018_dpd90,ccip,0.027169,0.02555871942439327,0.0016102805756067276,,True,2021,False
synchrony,2021-11-30,fico_odds,ccip,0.025203,0.0216422299317883,0.003560770068211698,,True,2021,False
synchrony,2021-11-30,fico_fed2007,ccip,0.025203,0.020899868135609463,0.0043031318643905365,,True,2021,False
synchrony,2021-11-30,acms2018,ccip,0.025203,0.025721441884007483,-0.0005184418840074832,,True,2021,False
synchrony,2021-11-30,acms2018_dpd90,ccip,0.025203,0.02555871942439327,-0.0003557194243932714,,True,2021,False
synchrony,2021-12-31,fico_odds,ccip,0.025312,0.0216422299317883,0.0036697700682116995,,True,2021,False
synchrony,2021-12-31,fico_fed2007,ccip,0.025312,0.020899868135609463,0.004412131864390538,,True,2021,False
synchrony,2021-12-31,acms2018,ccip,0.025312,0.025721441884007483,-0.00040944188400748177,,True,2021,False
synchrony,2021-12-31,acms2018_dpd90,ccip,0.025312,0.02555871942439327,-0.00024671942439326994,,True,2021,False
synchrony,2022-04-30,fico_odds,ccip,0.033122,0.022056465604321097,0.011065534395678901,,True,2022,False
synchrony,2022-04-30,fico_fed2007,ccip,0.033122,0.021449852461975633,0.011672147538024365,,True,2022,False
synchrony,2022-04-30,acms2018,ccip,0.033122,0.025417560267802817,0.007704439732197182,,True,2022,False
synchrony,2022-04-30,acms2018_dpd90,ccip,0.033122,0.025286571656264863,0.007835428343735136,,True,2022,False
synchrony,2022-05-31,fico_odds,ccip,0.038505,0.022056465604321097,0.0164485343956789,,True,2022,False
synchrony,2022-05-31,fico_fed2007,ccip,0.038505,0.021449852461975633,0.017055147538024364,,True,2022,False
synchrony,2022-05-31,acms2018,ccip,0.038505,0.025417560267802817,0.01308743973219718,,True,2022,False
synchrony,2022-05-31,acms2018_dpd90,ccip,0.038505,0.025286571656264863,0.013218428343735135,,True,2022,False
synchrony,2022-06-30,fico_odds,ccip,0.033306,0.022056465604321097,0.011249534395678905,,True,2022,False
synchrony,2022-06-30,fico_fed2007,ccip,0.033306,0.021449852461975633,0.011856147538024369,,True,2022,False
synchrony,2022-06-30,acms2018,ccip,0.033306,0.025417560267802817,0.007888439732197185,,True,2022,False
synchrony,2022-06-30,acms2018_dpd90,ccip,0.033306,0.025286571656264863,0.00801942834373514,,True,2022,False
synchrony,2022-07-31,fico_odds,ccip,0.034081,0.022056465604321097,0.012024534395678903,,True,2022,False
synchrony,2022-07-31,fico_fed2007,ccip,0.034081,0.021449852461975633,0.012631147538024367,,True,2022,False
synchrony,2022-07-31,acms2018,ccip,0.034081,0.025417560267802817,0.008663439732197183,,True,2022,False
synchrony,2022-07-31,acms2018_dpd90,ccip,0.034081,0.025286571656264863,0.008794428343735138,,True,2022,False
synchrony,2022-08-31,fico_odds,ccip,0.037266,0.022056465604321097,0.015209534395678903,,True,2022,False
synchrony,2022-08-31,fico_fed2007,ccip,0.037266,0.021449852461975633,0.015816147538024367,,True,2022,False
synchrony,2022-08-31,acms2018,ccip,0.037266,0.025417560267802817,0.011848439732197184,,True,2022,False
synchrony,2022-08-31,acms2018_dpd90,ccip,0.037266,0.025286571656264863,0.011979428343735138,,True,2022,False
synchrony,2022-09-30,fico_odds,ccip,0.032678,0.022056465604321097,0.010621534395678901,,True,2022,False
synchrony,2022-09-30,fico_fed2007,ccip,0.032678,0.021449852461975633,0.011228147538024365,,True,2022,False
synchrony,2022-09-30,acms2018,ccip,0.032678,0.025417560267802817,0.007260439732197182,,True,2022,False
synchrony,2022-09-30,acms2018_dpd90,ccip,0.032678,0.025286571656264863,0.007391428343735136,,True,2022,False
synchrony,2022-10-31,fico_odds,ccip,0.036877,0.022056465604321097,0.014820534395678903,,True,2022,False
synchrony,2022-10-31,fico_fed2007,ccip,0.036877,0.021449852461975633,0.015427147538024367,,True,2022,False
synchrony,2022-10-31,acms2018,ccip,0.036877,0.025417560267802817,0.011459439732197183,,True,2022,False
synchrony,2022-10-31,acms2018_dpd90,ccip,0.036877,0.025286571656264863,0.011590428343735137,,True,2022,False
synchrony,2022-11-30,fico_odds,ccip,0.038418,0.022056465604321097,0.016361534395678903,,True,2022,False
synchrony,2022-11-30,fico_fed2007,ccip,0.038418,0.021449852461975633,0.016968147538024368,,True,2022,False
synchrony,2022-11-30,acms2018,ccip,0.038418,0.025417560267802817,0.013000439732197184,,True,2022,False
synchrony,2022-11-30,acms2018_dpd90,ccip,0.038418,0.025286571656264863,0.013131428343735138,,True,2022,False
synchrony,2022-12-31,fico_odds,ccip,0.03656,0.022056465604321097,0.014503534395678905,,True,2022,False
synchrony,2022-12-31,fico_fed2007,ccip,0.03656,0.021449852461975633,0.015110147538024369,,True,2022,False
synchrony,2022-12-31,acms2018,ccip,0.03656,0.025417560267802817,0.011142439732197185,,True,2022,False
synchrony,2022-12-31,acms2018_dpd90,ccip,0.03656,0.025286571656264863,0.01127342834373514,,True,2022,False
synchrony,2023-01-31,fico_odds,ccip,0.038574,0.0332109813295778,0.005363018670422194,,True,2023,False
synchrony,2023-01-31,fico_fed2007,ccip,0.038574,0.03233696510717003,0.006237034892829965,,True,2023,False
synchrony,2023-01-31,acms2018,ccip,0.038574,0.038577067987074616,-3.0679870746189164e-06,,True,2023,False
synchrony,2023-01-31,acms2018_dpd90,ccip,0.038574,0.038288190789848776,0.0002858092101512208,,True,2023,False
synchrony,2023-02-28,fico_odds,ccip,0.038964,0.0332109813295778,0.0057530186704221956,,True,2023,False
synchrony,2023-02-28,fico_fed2007,ccip,0.038964,0.03233696510717003,0.006627034892829967,,True,2023,False
synchrony,2023-02-28,acms2018,ccip,0.038964,0.038577067987074616,0.00038693201292538254,,True,2023,False
synchrony,2023-02-28,acms2018_dpd90,ccip,0.038964,0.038288190789848776,0.0006758092101512223,,True,2023,False
synchrony,2023-03-31,fico_odds,ccip,0.043826,0.0332109813295778,0.010615018670422194,,True,2023,False
synchrony,2023-03-31,fico_fed2007,ccip,0.043826,0.03233696510717003,0.011489034892829965,,True,2023,False
synchrony,2023-03-31,acms2018,ccip,0.043826,0.038577067987074616,0.005248932012925381,,True,2023,False
synchrony,2023-03-31,acms2018_dpd90,ccip,0.043826,0.038288190789848776,0.0055378092101512205,,True,2023,False
synchrony,2023-04-30,fico_odds,ccip,0.043115,0.0332109813295778,0.009904018670422197,,True,2023,False
synchrony,2023-04-30,fico_fed2007,ccip,0.043115,0.03233696510717003,0.010778034892829969,,True,2023,False
synchrony,2023-04-30,acms2018,ccip,0.043115,0.038577067987074616,0.0045379320129253845,,True,2023,False
synchrony,2023-04-30,acms2018_dpd90,ccip,0.043115,0.038288190789848776,0.004826809210151224,,True,2023,False
synchrony,2023-05-31,fico_odds,ccip,0.047405,0.0332109813295778,0.0141940186704222,,True,2023,False
synchrony,2023-05-31,fico_fed2007,ccip,0.047405,0.03233696510717003,0.01506803489282997,,True,2023,False
synchrony,2023-05-31,acms2018,ccip,0.047405,0.038577067987074616,0.008827932012925387,,True,2023,False
synchrony,2023-05-31,acms2018_dpd90,ccip,0.047405,0.038288190789848776,0.009116809210151226,,True,2023,False
synchrony,2023-06-30,fico_odds,ccip,0.044652,0.0332109813295778,0.011441018670422194,,True,2023,False
synchrony,2023-06-30,fico_fed2007,ccip,0.044652,0.03233696510717003,0.012315034892829965,,True,2023,False
synchrony,2023-06-30,acms2018,ccip,0.044652,0.038577067987074616,0.006074932012925381,,True,2023,False
synchrony,2023-06-30,acms2018_dpd90,ccip,0.044652,0.038288190789848776,0.006363809210151221,,True,2023,False
synchrony,2023-07-31,fico_odds,ccip,0.048628,0.0332109813295778,0.015417018670422195,,True,2023,False
synchrony,2023-07-31,fico_fed2007,ccip,0.048628,0.03233696510717003,0.016291034892829966,,True,2023,False
synchrony,2023-07-31,acms2018,ccip,0.048628,0.038577067987074616,0.010050932012925382,,True,2023,False
synchrony,2023-07-31,acms2018_dpd90,ccip,0.048628,0.038288190789848776,0.010339809210151221,,True,2023,False
synchrony,2023-08-31,fico_odds,ccip,0.049681,0.0332109813295778,0.0164700186704222,,True,2023,False
synchrony,2023-08-31,fico_fed2007,ccip,0.049681,0.03233696510717003,0.01734403489282997,,True,2023,False
synchrony,2023-08-31,acms2018,ccip,0.049681,0.038577067987074616,0.011103932012925387,,True,2023,False
synchrony,2023-08-31,acms2018_dpd90,ccip,0.049681,0.038288190789848776,0.011392809210151227,,True,2023,False
synchrony,2023-09-30,fico_odds,ccip,0.047252,0.0332109813295778,0.0140410186704222,,True,2023,False
synchrony,2023-09-30,fico_fed2007,ccip,0.047252,0.03233696510717003,0.01491503489282997,,True,2023,False
synchrony,2023-09-30,acms2018,ccip,0.047252,0.038577067987074616,0.008674932012925386,,True,2023,False
synchrony,2023-09-30,acms2018_dpd90,ccip,0.047252,0.038288190789848776,0.008963809210151226,,True,2023,False
synchrony,2023-10-31,fico_odds,ccip,0.057026,0.0332109813295778,0.023815018670422197,,True,2023,False
synchrony,2023-10-31,fico_fed2007,ccip,0.057026,0.03233696510717003,0.02468903489282997,,True,2023,False
synchrony,2023-10-31,acms2018,ccip,0.057026,0.038577067987074616,0.018448932012925384,,True,2023,False
synchrony,2023-10-31,acms2018_dpd90,ccip,0.057026,0.038288190789848776,0.018737809210151224,,True,2023,False
synchrony,2023-11-30,fico_odds,ccip,0.054853,0.0332109813295778,0.021642018670422196,,True,2023,False
synchrony,2023-11-30,fico_fed2007,ccip,0.054853,0.03233696510717003,0.022516034892829967,,True,2023,False
synchrony,2023-11-30,acms2018,ccip,0.054853,0.038577067987074616,0.016275932012925383,,True,2023,False
synchrony,2023-11-30,acms2018_dpd90,ccip,0.054853,0.038288190789848776,0.016564809210151223,,True,2023,False
synchrony,2023-12-31,fico_odds,ccip,0.057873,0.0332109813295778,0.024662018670422198,,True,2023,False
synchrony,2023-12-31,fico_fed2007,ccip,0.057873,0.03233696510717003,0.02553603489282997,,True,2023,False
synchrony,2023-12-31,acms2018,ccip,0.057873,0.038577067987074616,0.019295932012925385,,True,2023,False
synchrony,2023-12-31,acms2018_dpd90,ccip,0.057873,0.038288190789848776,0.019584809210151224,,True,2023,False
synchrony,2024-01-31,fico_odds,ccip,0.050586,0.0431939164084905,0.007392083591509502,,True,2024,False
synchrony,2024-01-31,fico_fed2007,ccip,0.050586,0.041905911177212034,0.008680088822787965,,True,2024,False
synchrony,2024-01-31,acms2018,ccip,0.050586,0.05125111953635393,-0.0006651195363539322,,True,2024,False
synchrony,2024-01-31,acms2018_dpd90,ccip,0.050586,0.05075596918979475,-0.00016996918979474834,,True,2024,False
synchrony,2024-02-29,fico_odds,ccip,0.055784,0.0431939164084905,0.012590083591509503,,True,2024,False
synchrony,2024-02-29,fico_fed2007,ccip,0.055784,0.041905911177212034,0.013878088822787966,,True,2024,False
synchrony,2024-02-29,acms2018,ccip,0.055784,0.05125111953635393,0.004532880463646069,,True,2024,False
synchrony,2024-02-29,acms2018_dpd90,ccip,0.055784,0.05075596918979475,0.005028030810205253,,True,2024,False
synchrony,2024-03-31,fico_odds,ccip,0.060665,0.0431939164084905,0.0174710835915095,,True,2024,False
synchrony,2024-03-31,fico_fed2007,ccip,0.060665,0.041905911177212034,0.018759088822787963,,True,2024,False
synchrony,2024-03-31,acms2018,ccip,0.060665,0.05125111953635393,0.009413880463646065,,True,2024,False
synchrony,2024-03-31,acms2018_dpd90,ccip,0.060665,0.05075596918979475,0.00990903081020525,,True,2024,False
synchrony,2024-04-30,fico_odds,ccip,0.060624,0.0431939164084905,0.0174300835915095,,True,2024,False
synchrony,2024-04-30,fico_fed2007,ccip,0.060624,0.041905911177212034,0.018718088822787964,,True,2024,False
synchrony,2024-04-30,acms2018,ccip,0.060624,0.05125111953635393,0.009372880463646066,,True,2024,False
synchrony,2024-04-30,acms2018_dpd90,ccip,0.060624,0.05075596918979475,0.00986803081020525,,True,2024,False
synchrony,2024-05-31,fico_odds,ccip,0.055653,0.0431939164084905,0.012459083591509504,,True,2024,False
synchrony,2024-05-31,fico_fed2007,ccip,0.055653,0.041905911177212034,0.013747088822787967,,True,2024,False
synchrony,2024-05-31,acms2018,ccip,0.055653,0.05125111953635393,0.00440188046364607,,True,2024,False
synchrony,2024-05-31,acms2018_dpd90,ccip,0.055653,0.05075596918979475,0.004897030810205254,,True,2024,False
synchrony,2024-06-30,fico_odds,ccip,0.056683,0.0431939164084905,0.0134890835915095,,True,2024,False
synchrony,2024-06-30,fico_fed2007,ccip,0.056683,0.041905911177212034,0.014777088822787963,,True,2024,False
synchrony,2024-06-30,acms2018,ccip,0.056683,0.05125111953635393,0.005431880463646066,,True,2024,False
synchrony,2024-06-30,acms2018_dpd90,ccip,0.056683,0.05075596918979475,0.00592703081020525,,True,2024,False
synchrony,2024-07-31,fico_odds,ccip,0.060556,0.0431939164084905,0.0173620835915095,,True,2024,False
synchrony,2024-07-31,fico_fed2007,ccip,0.060556,0.041905911177212034,0.018650088822787965,,True,2024,False
synchrony,2024-07-31,acms2018,ccip,0.060556,0.05125111953635393,0.009304880463646067,,True,2024,False
synchrony,2024-07-31,acms2018_dpd90,ccip,0.060556,0.05075596918979475,0.009800030810205251,,True,2024,False
synchrony,2024-08-31,fico_odds,ccip,0.058465,0.0431939164084905,0.015271083591509506,,True,2024,False
synchrony,2024-08-31,fico_fed2007,ccip,0.058465,0.041905911177212034,0.01655908882278797,,True,2024,False
synchrony,2024-08-31,acms2018,ccip,0.058465,0.05125111953635393,0.007213880463646072,,True,2024,False
synchrony,2024-08-31,acms2018_dpd90,ccip,0.058465,0.05075596918979475,0.007709030810205256,,True,2024,False
synchrony,2024-09-30,fico_odds,ccip,0.054916,0.0431939164084905,0.011722083591509502,,True,2024,False
synchrony,2024-09-30,fico_fed2007,ccip,0.054916,0.041905911177212034,0.013010088822787966,,True,2024,False
synchrony,2024-09-30,acms2018,ccip,0.054916,0.05125111953635393,0.0036648804636460683,,True,2024,False
synchrony,2024-09-30,acms2018_dpd90,ccip,0.054916,0.05075596918979475,0.004160030810205252,,True,2024,False
synchrony,2024-10-31,fico_odds,ccip,0.056669,0.0431939164084905,0.0134750835915095,,True,2024,False
synchrony,2024-10-31,fico_fed2007,ccip,0.056669,0.041905911177212034,0.014763088822787963,,True,2024,False
synchrony,2024-10-31,acms2018,ccip,0.056669,0.05125111953635393,0.005417880463646066,,True,2024,False
synchrony,2024-10-31,acms2018_dpd90,ccip,0.056669,0.05075596918979475,0.00591303081020525,,True,2024,False
synchrony,2024-11-30,fico_odds,ccip,0.055822,0.0431939164084905,0.0126280835915095,,True,2024,False
synchrony,2024-11-30,fico_fed2007,ccip,0.055822,0.041905911177212034,0.013916088822787963,,True,2024,False
synchrony,2024-11-30,acms2018,ccip,0.055822,0.05125111953635393,0.004570880463646065,,True,2024,False
synchrony,2024-11-30,acms2018_dpd90,ccip,0.055822,0.05075596918979475,0.005066030810205249,,True,2024,False
synchrony,2024-12-31,fico_odds,ccip,0.064069,0.0431939164084905,0.020875083591509504,,True,2024,False
synchrony,2024-12-31,fico_fed2007,ccip,0.064069,0.041905911177212034,0.022163088822787967,,True,2024,False
synchrony,2024-12-31,acms2018,ccip,0.064069,0.05125111953635393,0.01281788046364607,,True,2024,False
synchrony,2024-12-31,acms2018_dpd90,ccip,0.064069,0.05075596918979475,0.013313030810205254,,True,2024,False
synchrony,2025-01-31,fico_odds,ccip,0.057606,0.0431939164084905,0.0144120835915095,,True,2024,True
synchrony,2025-01-31,fico_fed2007,ccip,0.057606,0.041905911177212034,0.015700088822787964,,True,2024,True
synchrony,2025-01-31,acms2018,ccip,0.057606,0.05125111953635393,0.006354880463646066,,True,2024,True
synchrony,2025-01-31,acms2018_dpd90,ccip,0.057606,0.05075596918979475,0.00685003081020525,,True,2024,True
synchrony,2025-02-28,fico_odds,ccip,0.062546,0.0431939164084905,0.019352083591509507,,True,2024,True
synchrony,2025-02-28,fico_fed2007,ccip,0.062546,0.041905911177212034,0.02064008882278797,,True,2024,True
synchrony,2025-02-28,acms2018,ccip,0.062546,0.05125111953635393,0.011294880463646073,,True,2024,True
synchrony,2025-02-28,acms2018_dpd90,ccip,0.062546,0.05075596918979475,0.011790030810205257,,True,2024,True
synchrony,2025-03-31,fico_odds,ccip,0.064758,0.0431939164084905,0.0215640835915095,,True,2024,True
synchrony,2025-03-31,fico_fed2007,ccip,0.064758,0.041905911177212034,0.022852088822787962,,True,2024,True
synchrony,2025-03-31,acms2018,ccip,0.064758,0.05125111953635393,0.013506880463646065,,True,2024,True
synchrony,2025-03-31,acms2018_dpd90,ccip,0.064758,0.05075596918979475,0.014002030810205249,,True,2024,True
synchrony,2025-04-30,fico_odds,ccip,0.06367,0.0431939164084905,0.020476083591509507,,True,2024,True
synchrony,2025-04-30,fico_fed2007,ccip,0.06367,0.041905911177212034,0.02176408882278797,,True,2024,True
synchrony,2025-04-30,acms2018,ccip,0.06367,0.05125111953635393,0.012418880463646073,,True,2024,True
synchrony,2025-04-30,acms2018_dpd90,ccip,0.06367,0.05075596918979475,0.012914030810205257,,True,2024,True
synchrony,2025-05-31,fico_odds,ccip,0.058746,0.0431939164084905,0.015552083591509502,,True,2024,True
synchrony,2025-05-31,fico_fed2007,ccip,0.058746,0.041905911177212034,0.016840088822787966,,True,2024,True
synchrony,2025-05-31,acms2018,ccip,0.058746,0.05125111953635393,0.007494880463646068,,True,2024,True
synchrony,2025-05-31,acms2018_dpd90,ccip,0.058746,0.05075596918979475,0.007990030810205252,,True,2024,True
synchrony,2025-06-30,fico_odds,ccip,0.060279,0.0431939164084905,0.017085083591509502,,True,2024,True
synchrony,2025-06-30,fico_fed2007,ccip,0.060279,0.041905911177212034,0.018373088822787965,,True,2024,True
synchrony,2025-06-30,acms2018,ccip,0.060279,0.05125111953635393,0.009027880463646068,,True,2024,True
synchrony,2025-06-30,acms2018_dpd90,ccip,0.060279,0.05075596918979475,0.009523030810205252,,True,2024,True
synchrony,2025-07-31,fico_odds,ccip,0.053782,0.0431939164084905,0.010588083591509506,,True,2024,True
synchrony,2025-07-31,fico_fed2007,ccip,0.053782,0.041905911177212034,0.01187608882278797,,True,2024,True
synchrony,2025-07-31,acms2018,ccip,0.053782,0.05125111953635393,0.002530880463646072,,True,2024,True
synchrony,2025-07-31,acms2018_dpd90,ccip,0.053782,0.05075596918979475,0.003026030810205256,,True,2024,True
synchrony,2025-08-31,fico_odds,ccip,0.056345,0.0431939164084905,0.013151083591509502,,True,2024,True
synchrony,2025-08-31,fico_fed2007,ccip,0.056345,0.041905911177212034,0.014439088822787965,,True,2024,True
synchrony,2025-08-31,acms2018,ccip,0.056345,0.05125111953635393,0.005093880463646068,,True,2024,True
synchrony,2025-08-31,acms2018_dpd90,ccip,0.056345,0.05075596918979475,0.005589030810205252,,True,2024,True
synchrony,2025-09-30,fico_odds,ccip,0.053022,0.0431939164084905,0.009828083591509502,,True,2024,True
synchrony,2025-09-30,fico_fed2007,ccip,0.053022,0.041905911177212034,0.011116088822787966,,True,2024,True
synchrony,2025-09-30,acms2018,ccip,0.053022,0.05125111953635393,0.0017708804636460684,,True,2024,True
synchrony,2025-09-30,acms2018_dpd90,ccip,0.053022,0.05075596918979475,0.0022660308102052523,,True,2024,True
synchrony,2025-10-31,fico_odds,ccip,0.055083,0.0431939164084905,0.011889083591509503,,True,2024,True
synchrony,2025-10-31,fico_fed2007,ccip,0.055083,0.041905911177212034,0.013177088822787966,,True,2024,True
synchrony,2025-10-31,acms2018,ccip,0.055083,0.05125111953635393,0.0038318804636460688,,True,2024,True
synchrony,2025-10-31,acms2018_dpd90,ccip,0.055083,0.05075596918979475,0.004327030810205253,,True,2024,True
synchrony,2025-11-30,fico_odds,ccip,0.054325,0.0431939164084905,0.011131083591509501,,True,2024,True
synchrony,2025-11-30,fico_fed2007,ccip,0.054325,0.041905911177212034,0.012419088822787964,,True,2024,True
synchrony,2025-11-30,acms2018,ccip,0.054325,0.05125111953635393,0.003073880463646067,,True,2024,True
synchrony,2025-11-30,acms2018_dpd90,ccip,0.054325,0.05075596918979475,0.003569030810205251,,True,2024,True
synchrony,2025-12-31,fico_odds,ccip,0.057313,0.0431939164084905,0.014119083591509506,,True,2024,True
synchrony,2025-12-31,fico_fed2007,ccip,0.057313,0.041905911177212034,0.015407088822787969,,True,2024,True
synchrony,2025-12-31,acms2018,ccip,0.057313,0.05125111953635393,0.006061880463646072,,True,2024,True
synchrony,2025-12-31,acms2018_dpd90,ccip,0.057313,0.05075596918979475,0.0065570308102052555,,True,2024,True
synchrony,2026-01-31,fico_odds,ccip,0.047366,0.0431939164084905,0.004172083591509501,,True,2024,True
synchrony,2026-01-31,fico_fed2007,ccip,0.047366,0.041905911177212034,0.005460088822787965,,True,2024,True
synchrony,2026-01-31,acms2018,ccip,0.047366,0.05125111953635393,-0.003885119536353933,,True,2024,True
synchrony,2026-01-31,acms2018_dpd90,ccip,0.047366,0.05075596918979475,-0.003389969189794749,,True,2024,True
synchrony,2026-02-28,fico_odds,ccip,0.054436,0.0431939164084905,0.011242083591509501,,True,2024,True
synchrony,2026-02-28,fico_fed2007,ccip,0.054436,0.041905911177212034,0.012530088822787964,,True,2024,True
synchrony,2026-02-28,acms2018,ccip,0.054436,0.05125111953635393,0.003184880463646067,,True,2024,True
synchrony,2026-02-28,acms2018_dpd90,ccip,0.054436,0.05075596918979475,0.003680030810205251,,True,2024,True
synchrony,2026-03-31,fico_odds,ccip,0.061746,0.0431939164084905,0.018552083591509505,,True,2024,True
synchrony,2026-03-31,fico_fed2007,ccip,0.061746,0.041905911177212034,0.01984008882278797,,True,2024,True
synchrony,2026-03-31,acms2018,ccip,0.061746,0.05125111953635393,0.010494880463646071,,True,2024,True
synchrony,2026-03-31,acms2018_dpd90,ccip,0.061746,0.05075596918979475,0.010990030810205255,,True,2024,True
synchrony,2026-04-30,fico_odds,ccip,0.057066,0.0431939164084905,0.013872083591509501,,True,2024,True
synchrony,2026-04-30,fico_fed2007,ccip,0.057066,0.041905911177212034,0.015160088822787965,,True,2024,True
synchrony,2026-04-30,acms2018,ccip,0.057066,0.05125111953635393,0.005814880463646067,,True,2024,True
synchrony,2026-04-30,acms2018_dpd90,ccip,0.057066,0.05075596918979475,0.006310030810205251,,True,2024,True
synchrony,2026-05-31,fico_odds,ccip,0.054128,0.0431939164084905,0.010934083591509505,2026-05-31,False,2024,True
synchrony,2026-05-31,fico_fed2007,ccip,0.054128,0.041905911177212034,0.012222088822787969,2026-05-31,False,2024,True
synchrony,2026-05-31,acms2018,ccip,0.054128,0.05125111953635393,0.0028768804636460713,2026-05-31,False,2024,True
synchrony,2026-05-31,acms2018_dpd90,ccip,0.054128,0.05075596918979475,0.003372030810205255,2026-05-31,False,2024,True
synchrony,2026-06-30,fico_odds,ccip,0.052681,0.0431939164084905,0.009487083591509501,2026-05-31,False,2024,True
synchrony,2026-06-30,fico_fed2007,ccip,0.052681,0.041905911177212034,0.010775088822787965,2026-05-31,False,2024,True
synchrony,2026-06-30,acms2018,ccip,0.052681,0.05125111953635393,0.0014298804636460674,2026-05-31,False,2024,True
synchrony,2026-06-30,acms2018_dpd90,ccip,0.052681,0.05075596918979475,0.0019250308102052513,2026-05-31,False,2024,True
synchrony,2026-07-31,fico_odds,ccip,0.053437,0.0431939164084905,0.010243083591509501,2026-05-31,False,2024,True
synchrony,2026-07-31,fico_fed2007,ccip,0.053437,0.041905911177212034,0.011531088822787965,2026-05-31,False,2024,True
synchrony,2026-07-31,acms2018,ccip,0.053437,0.05125111953635393,0.002185880463646067,2026-05-31,False,2024,True
synchrony,2026-07-31,acms2018_dpd90,ccip,0.053437,0.05075596918979475,0.002681030810205251,2026-05-31,False,2024,True
