trust,period_end,ym,co_dollars,co_note,b_31-60,b_61-90,b_91-120,b_120+,roll_30->60,roll_60->90,roll_90->120,roll_CO,b_30-59,b_60-89,b_90-119,b_120-149,b_150-179,b_180+,roll_120->150,roll_150->180,b_1-30,b_121-150,b_151-180,roll_1->30,b_150+,b_1-29
amex,2018-12-31,2018-12,43383153.51,"Defaulted Amount (gross), dollars",90214765.0,63622222.0,53202529.0,70887051.0,,,,,,,,,,,,,,,,,,
amex,2019-01-31,2019-01,43362610.61,"Defaulted Amount (gross), dollars",84769011.0,66912948.0,53863667.0,81933058.0,0.7417072803991674,0.8466171929675766,1.540021866253764,0.6117141282968592,,,,,,,,,,,,,,
amex,2019-02-28,2019-02,46144756.75,"Defaulted Amount (gross), dollars",93598910.0,62663115.0,56592797.0,91159571.0,0.7392219663858057,0.8457675037722147,1.6924130137667752,0.563200713807118,,,,,,,,,,,,,,
amex,2019-03-31,2019-03,55683021.88,"Defaulted Amount (gross), dollars",89181901.0,64913639.0,52146968.0,92374967.0,0.6935298605507265,0.8321796323084162,1.6322742804177004,0.6108302317482385,,,,,,,,,,,,,,
amex,2019-04-30,2019-04,53348518.17,"Defaulted Amount (gross), dollars",76642425.0,67015083.0,54648750.0,91034972.0,0.7514426385685589,0.8418685324358414,1.7457385441853495,0.5775213773012768,,,,,,,,,,,,,,
amex,2019-05-31,2019-05,55659317.32,"Defaulted Amount (gross), dollars",81569664.0,58292310.0,56354641.0,89612613.0,0.7605749687591435,0.8409247363015279,1.6397925478624855,0.6114058816868753,,,,,,,,,,,,,,
amex,2019-06-30,2019-06,51619385.7,"Defaulted Amount (gross), dollars",86401751.0,62303667.0,50364891.0,92938529.0,0.7638092882177374,0.8640057496434779,1.6491725854486412,0.5760281278707943,,,,,,,,,,,,,,
amex,2019-07-31,2019-07,52982339.02,"Defaulted Amount (gross), dollars",92940977.0,65744749.0,53632170.0,89736959.0,0.7609191739644258,0.8608188343071363,1.78173638854892,0.5700793803181456,,,,,,,,,,,,,,
amex,2019-08-31,2019-08,56448309.58,"Defaulted Amount (gross), dollars",90458691.0,69136713.0,54989894.0,87980730.0,0.7438776224614037,0.8364149964280797,1.6404469556238355,0.6290419266380534,,,,,,,,,,,,,,
amex,2019-09-30,2019-09,50544826.29,"Defaulted Amount (gross), dollars",97678058.0,69450518.0,60030389.0,91364769.0,0.7677594848238518,0.8682852625637554,1.661482908113989,0.5744988282093135,,,,,,,,,,,,,,
amex,2019-10-31,2019-10,53830308.51,"Defaulted Amount (gross), dollars",98718243.0,72206519.0,58226508.0,97212013.0,0.7392296742836554,0.8383883904220844,1.6193800276723178,0.589180152253217,,,,,,,,,,,,,,
amex,2019-11-30,2019-11,54689162.89,"Defaulted Amount (gross), dollars",93941738.0,73944385.0,61441226.0,99523648.0,0.7490447839514324,0.8509096803295558,1.7092498145346446,0.5625761796538459,,,,,,,,,,,,,,
amex,2019-12-31,2019-12,58061282.17,"Defaulted Amount (gross), dollars",92103500.0,71420657.0,62979598.0,99494955.0,0.7602654423957964,0.8517157590802872,1.6193517199673066,0.5833918203038538,,,,,,,,,,,,,,
amex,2020-01-31,2020-01,54204021.79,"Defaulted Amount (gross), dollars",87672839.0,69932514.0,58808501.0,103228800.0,0.7592818296807397,0.8234102495024653,1.6390831837319761,0.5447916609440147,,,,,,,,,,,,,,
amex,2020-02-29,2020-02,59188498.41,"Defaulted Amount (gross), dollars",90331726.0,66519240.0,58613450.0,99918712.0,0.7587211815965034,0.8381430417330629,1.6990521829488563,0.5733719505603088,,,,,,,,,,,,,,
amex,2020-03-31,2020-03,60033010.32,"Defaulted Amount (gross), dollars",90583327.0,67066480.0,55478761.0,95768743.0,0.7424465685511201,0.8340257796090274,1.6339038735989777,0.600818496539467,,,,,,,,,,,,,,
amex,2020-04-30,2020-04,54829482.92,"Defaulted Amount (gross), dollars",81509681.0,66659996.0,56073923.0,93021673.0,0.7358969714150596,0.8360946183548026,1.676707830587637,0.5725196050657154,,,,,,,,,,,,,,
amex,2020-05-31,2020-05,56023756.09,"Defaulted Amount (gross), dollars",85485038.0,57760709.0,55105832.0,89464542.0,0.7086361802839101,0.8266701966198737,1.5954749946780074,0.6022656256676872,,,,,,,,,,,,,,
amex,2020-06-30,2020-06,50813295.32,"Defaulted Amount (gross), dollars",78133311.0,60740101.0,46658828.0,89050032.0,0.7105348774600767,0.8077952782747179,1.6159819889843965,0.5679713346098614,,,,,,,,,,,,,,
amex,2020-07-31,2020-07,53817523.29,"Defaulted Amount (gross), dollars",63533032.0,54820038.0,47964894.0,80133008.0,0.701621847306586,0.7896742549045153,1.71742436393816,0.6043515322936661,,,,,,,,,,,,,,
amex,2020-08-31,2020-08,51123427.31,"Defaulted Amount (gross), dollars",52423566.0,45978446.0,45913216.0,73724524.0,0.723693558336709,0.8375261615105046,1.5370517445530059,0.6379821322818682,,,,,,,,,,,,,,
amex,2020-09-30,2020-09,42867145.87,"Defaulted Amount (gross), dollars",48940347.0,38818362.0,39043786.0,73673700.0,0.740475419012892,0.8491758507888675,1.6046294818467954,0.5814502901368342,,,,,,,,,,,,,,
amex,2020-10-31,2020-10,46867305.85,"Defaulted Amount (gross), dollars",46865036.0,35977583.0,33206971.0,66260435.0,0.7351313426527196,0.8554449309324283,1.6970801704527323,0.6361470355092794,,,,,,,,,,,,,,
amex,2020-11-30,2020-11,45049651.97,"Defaulted Amount (gross), dollars",46805865.0,35510703.0,31608004.0,55480673.0,0.7577227295845884,0.8785471775577587,1.6707538004595481,0.6798876579968121,,,,,,,,,,,,,,
amex,2020-12-31,2020-12,40134036.34,"Defaulted Amount (gross), dollars",47644524.0,35413582.0,30435233.0,49420085.0,0.756605651877174,0.8570721058380624,1.5635307120310413,0.7233876982710719,,,,,,,,,,,,,,
amex,2021-01-31,2021-01,35683745.77,"Defaulted Amount (gross), dollars",43099950.0,34249400.0,30494543.0,47039338.0,0.7188528108707729,0.8610973891316615,1.5455553765597918,0.7220494616713024,,,,,,,,,,,,,,
amex,2021-02-28,2021-02,35090745.31,"Defaulted Amount (gross), dollars",42066713.0,30926780.0,29239079.0,46284792.0,0.717559533131709,0.8537106927420627,1.5178057267492089,0.745987226903576,,,,,,,,,,,,,,
amex,2021-03-31,2021-03,35590380.6,"Defaulted Amount (gross), dollars",38046547.0,28196719.0,24651369.0,44205995.0,0.6702857672763736,0.7970881223328132,1.5118805554716686,0.7689432978331198,,,,,,,,,,,,,,
amex,2021-04-30,2021-04,32359962.12,"Defaulted Amount (gross), dollars",29657816.0,27283194.0,22819498.0,40103432.0,0.717100398099202,0.8092962163434689,1.6268237273151036,0.7320265525071883,,,,,,,,,,,,,,
amex,2021-05-31,2021-05,31637163.06,"Defaulted Amount (gross), dollars",31101813.0,21068177.0,23234652.0,35296412.0,0.710375200925112,0.8516104089572504,1.5467654897579255,0.78888916689225,,,,,,,,,,,,,,
amex,2021-06-30,2021-06,27973158.41,"Defaulted Amount (gross), dollars",31267644.0,22007366.0,18750161.0,33492654.0,0.7075910976636636,0.8899754829285894,1.4414958313126445,0.7925213024485321,,,,,,,,,,,,,,
amex,2021-07-31,2021-07,27546867.31,"Defaulted Amount (gross), dollars",35662336.0,22133418.0,18629302.0,30299036.0,0.7078697071004134,0.8465030299400664,1.6159347111739468,0.8224749018098118,,,,,,,,,,,,,,
amex,2021-08-31,2021-08,24247732.3,"Defaulted Amount (gross), dollars",35734886.0,25591654.0,18175732.0,28336239.0,0.7176101419716308,0.8211895695459237,1.5210574717184788,0.8002806524933664,,,,,,,,,,,,,,
amex,2021-09-30,2021-09,22995253.26,"Defaulted Amount (gross), dollars",39397403.0,25713352.0,21172258.0,28786791.0,0.7195588087226583,0.8273110444522265,1.5838036674396387,0.8115139507398988,,,,,,,,,,,,,,
amex,2021-10-31,2021-10,25339297.89,"Defaulted Amount (gross), dollars",39969062.0,28461769.0,21005292.0,29317543.0,0.7224275417341595,0.8169021292906502,1.3847149888311394,0.8802404509068066,,,,,,,,,,,,,,
amex,2021-11-30,2021-11,24433982.61,"Defaulted Amount (gross), dollars",40654690.0,28870077.0,23704904.0,31090974.0,0.7223105961305772,0.8328682591725061,1.48014957373599,0.8334253184177133,,,,,,,,,,,,,,
amex,2021-12-31,2021-12,26167267.18,"Defaulted Amount (gross), dollars",40689915.0,28494192.0,23660521.0,32980086.0,0.7008832683264834,0.8195517109289318,1.3912769273395917,0.8416354913808747,,,,,,,,,,,,,,
amex,2022-01-31,2022-01,23270516.45,"Defaulted Amount (gross), dollars",39912291.0,28481538.0,23600573.0,35634995.0,0.6999655319997596,0.8282590711819448,1.5060951109233816,0.7055929584295202,,,,,,,,,,,,,,
amex,2022-02-28,2022-02,25870837.37,"Defaulted Amount (gross), dollars",45016252.0,27902104.0,23560288.0,36914521.0,0.6990855022579385,0.827212631565051,1.5641366419366174,0.7259952574709215,,,,,,,,,,,,,,
amex,2022-03-31,2022-03,29726620.33,"Defaulted Amount (gross), dollars",42187069.0,29270808.0,22292615.0,35523963.0,0.6502275667019103,0.798958207596101,1.5077898453533336,0.8052825696966243,,,,,,,,,,,,,,
amex,2022-04-30,2022-04,27803451.79,"Defaulted Amount (gross), dollars",36129004.0,29463345.0,23439644.0,34452899.0,0.6983975350361505,0.8007856838116666,1.5454848612421648,0.7826675134753406,,,,,,,,,,,,,,
amex,2022-05-31,2022-05,27385800.7,"Defaulted Amount (gross), dollars",38400279.0,24881807.0,24471084.0,34505355.0,0.6886934109780607,0.830560277524497,1.4720938167832243,0.7948765269360932,,,,,,,,,,,,,,
amex,2022-06-30,2022-06,24493397.02,"Defaulted Amount (gross), dollars",38079368.0,27136364.0,20864560.0,36327578.0,0.7066710114267659,0.8385468145460657,1.4845103715062233,0.7098433567775204,,,,,,,,,,,,,,
amex,2022-07-31,2022-07,25394416.55,"Defaulted Amount (gross), dollars",41654617.0,26952808.0,22391611.0,34275537.0,0.7078060749327563,0.8251514830800472,1.6427634706890535,0.6990396263136508,,,,,,,,,,,,,,
amex,2022-08-31,2022-08,25124576.07,"Defaulted Amount (gross), dollars",43560228.0,28142463.0,22807872.0,33573188.0,0.6756144943068376,0.8462150585571641,1.4993645611296122,0.7330177225232095,,,,,,,,,,,,,,
amex,2022-09-30,2022-09,24439419.45,"Defaulted Amount (gross), dollars",48443656.0,31933039.0,23729857.0,35266359.0,0.7330778663509291,0.8432046974708646,1.5462362731604247,0.7279445565312415,,,,,,,,,,,,,,
amex,2022-10-31,2022-10,25422402.72,"Defaulted Amount (gross), dollars",51575747.0,33520437.0,26236445.0,36402373.0,0.6919468877410904,0.8216081469727952,1.534032548110172,0.720868369768481,,,,,,,,,,,,,,
amex,2022-11-30,2022-11,28036255.73,"Defaulted Amount (gross), dollars",52442500.0,35906893.0,26856449.0,39040326.0,0.6961972455774611,0.801196267220502,1.48801889890189,0.7701765961795952,,,,,,,,,,,,,,
amex,2022-12-31,2022-12,27788401.83,"Defaulted Amount (gross), dollars",54384072.0,38270487.0,29693153.0,41956768.0,0.7297609191018735,0.8269485471772787,1.5622604462712104,0.711787135947584,,,,,,,,,,,,,,
amex,2023-01-31,2023-01,31956630.33,"Defaulted Amount (gross), dollars",55082887.0,38687892.0,30442910.0,44231195.0,0.7113827739857361,0.7954670135240244,1.4896092375235463,0.7616561487767599,,,,,,,,,,,,,,
amex,2023-02-28,2023-02,29514304.36,"Defaulted Amount (gross), dollars",57744015.0,40606780.0,31954694.0,47188946.0,0.7371941125743827,0.825961104316565,1.5500800022074106,0.667273501428121,,,,,,,,,,,,,,
amex,2023-03-31,2023-03,36631440.11,"Defaulted Amount (gross), dollars",56713995.0,38373220.0,31807793.0,47938169.0,0.664540212522458,0.7833123680331215,1.5001917715125046,0.7762716317079852,,,,,,,,,,,,,,
amex,2023-04-30,2023-04,32121603.46,"Defaulted Amount (gross), dollars",51078201.0,41817358.0,31649575.0,48977445.0,0.7373375478133748,0.824782882437283,1.5397938800720943,0.6700632112169324,,,,,,,,,,,,,,
amex,2023-05-31,2023-05,34509664.3,"Defaulted Amount (gross), dollars",54798571.0,36653631.0,33856305.0,48326485.0,0.7175983155710594,0.8096232430561491,1.5269236632719396,0.7046031964305202,,,,,,,,,,,,,,
amex,2023-06-30,2023-06,35211158.79,"Defaulted Amount (gross), dollars",56568613.0,39366916.0,30812113.0,49567008.0,0.7183931128423039,0.8406292135150266,1.4640406860701427,0.7286099700816229,,,,,,,,,,,,,,
amex,2023-07-31,2023-07,36730636.17,"Defaulted Amount (gross), dollars",62469748.0,41168025.0,32663399.0,48147358.0,0.7277538340917074,0.8297169887526876,1.5626113665103072,0.7410299239768517,,,,,,,,,,,,,,
amex,2023-08-31,2023-08,36204783.83,"Defaulted Amount (gross), dollars",62382918.0,44814561.0,34265993.0,47052348.0,0.7173802109782802,0.8323448355853845,1.4405220963072458,0.7519578505221408,,,,,,,,,,,,,,
amex,2023-09-30,2023-09,35284461.07,"Defaulted Amount (gross), dollars",64570541.0,46342433.0,37223316.0,51174503.0,0.7428705563276152,0.8306076232678035,1.4934487087533113,0.7498979874500631,,,,,,,,,,,,,,
amex,2023-10-31,2023-10,36680981.68,"Defaulted Amount (gross), dollars",69513607.0,47904919.0,38471029.0,54313067.0,0.7419005363452043,0.8301469411413941,1.4591141477024776,0.7167823726592909,,,,,,,,,,,,,,
amex,2023-11-30,2023-11,35375823.86,"Defaulted Amount (gross), dollars",70346510.0,51317455.0,40873391.0,58404989.0,0.7382361125354925,0.8532190817398104,1.518155103155676,0.6513317294344656,,,,,,,,,,,,,,
amex,2023-12-31,2023-12,45064783.93,"Defaulted Amount (gross), dollars",70116032.0,50006789.0,40332365.0,59631298.0,0.710863822526519,0.7859385271541622,1.4589271049226133,0.7715913435066309,,,,,,,,,,,,,,
amex,2024-01-31,2024-01,39121770.24,"Defaulted Amount (gross), dollars",69143630.0,51142852.0,42118635.0,62123076.0,0.7294031128287465,0.8422583381628442,1.5402785331333781,0.6560610208417734,,,,,,,,,,,,,,
amex,2024-02-29,2024-02,45382515.56,"Defaulted Amount (gross), dollars",69203536.0,48245780.0,40906185.0,61613270.0,0.6977617460928794,0.799841686576259,1.462850588581515,0.7305258928260411,,,,,,,,,,,,,,
amex,2024-03-31,2024-03,42191722.75,"Defaulted Amount (gross), dollars",69686474.0,49607373.0,39984376.0,61074236.0,0.7168329231038136,0.8287642152329178,1.4930318239161144,0.6847830467365228,,,,,,,,,,,,,,
amex,2024-04-30,2024-04,46315683.39,"Defaulted Amount (gross), dollars",63154230.0,50686558.0,39208888.0,59110016.0,0.7273514513017261,0.7903842842071077,1.4783278348522932,0.758350597950992,,,,,,,,,,,,,,
amex,2024-05-31,2024-05,43650234.61,"Defaulted Amount (gross), dollars",63061481.0,45725709.0,41640529.0,57441501.0,0.72403240448027,0.8215300198526008,1.465012244162599,0.7384574994870582,,,,,,,,,,,,,,
amex,2024-06-30,2024-06,42427001.8,"Defaulted Amount (gross), dollars",63078896.0,46861251.0,37270769.0,59657567.0,0.7431041938263391,0.8150943925221587,1.432680334104305,0.738612345802036,,,,,,,,,,,,,,
amex,2024-07-31,2024-07,39221190.41,"Defaulted Amount (gross), dollars",67170813.0,47840298.0,39184716.0,58031155.0,0.7584200268818909,0.8361858713502975,1.5570152308904601,0.6574386516634176,,,,,,,,,,,,,,
amex,2024-08-31,2024-08,43064911.75,"Defaulted Amount (gross), dollars",68149616.0,49049029.0,40464461.0,55661298.0,0.7302134187359024,0.8458237655626644,1.4204849155982144,0.7420998556723539,,,,,,,,,,,,,,
amex,2024-09-30,2024-09,40423833.07,"Defaulted Amount (gross), dollars",72172657.0,53782264.0,41258257.0,56163684.0,0.7891792669822233,0.8411635834829676,1.387975586774775,0.7262466834675685,,,,,,,,,,,,,,
amex,2024-10-31,2024-10,45013130.7,"Defaulted Amount (gross), dollars",72697661.0,52548560.0,42331951.0,56970848.0,0.7280951288796255,0.7870987171532979,1.3808350653300745,0.8014632854212341,,,,,,,,,,,,,,
amex,2024-11-30,2024-11,39729920.03,"Defaulted Amount (gross), dollars",68243351.0,54720935.0,44157841.0,59624585.0,0.7527193343950914,0.8403244732110642,1.408500756319972,0.6973728042454275,,,,,,,,,,,,,,
amex,2024-12-31,2024-12,41577289.26,"Defaulted Amount (gross), dollars",68110973.0,51902438.0,45971053.0,63453718.0,0.7605493757186689,0.8400999178833476,1.4369751002998539,0.6973178808707851,,,,,,,,,,,,,,
amex,2025-01-31,2025-01,46019214.18,"Defaulted Amount (gross), dollars",63785355.0,51168914.0,41230012.0,66101923.0,0.7512580094840225,0.7943752468814663,1.437903173547058,0.7252406262466764,,,,,,,,,,,,,,
amex,2025-02-28,2025-02,47547651.13,"Defaulted Amount (gross), dollars",64962289.0,46479054.0,41771164.0,63594902.0,0.7286790831531783,0.8163386856324526,1.5424419958936708,0.7193081376770234,,,,,,,,,,,,,,
amex,2025-03-31,2025-03,47058145.17,"Defaulted Amount (gross), dollars",72867643.0,46418340.0,38150744.0,58499211.0,0.714542863475762,0.8208158453483154,1.400468777934941,0.7399672566521134,,,,,,,,,,,,,,
amex,2025-04-30,2025-04,41005253.16,"Defaulted Amount (gross), dollars",64367027.0,52668806.0,38577802.0,55966387.0,0.7228010105939614,0.8310896512025204,1.466980224553419,0.700953952353306,,,,,,,,,,,,,,
amex,2025-05-31,2025-05,42086788.51,"Defaulted Amount (gross), dollars",65851416.0,47032352.0,42228193.0,55118950.0,0.730690140465863,0.801768564869308,1.4287737284773248,0.7520011700951859,,,,,,,,,,,,,,
amex,2025-06-30,2025-06,42736240.56,"Defaulted Amount (gross), dollars",64608092.0,48727608.0,37946927.0,56888162.0,0.7399629493160785,0.8068260545422011,1.3471606990145186,0.7753456943573853,,,,,,,,,,,,,,
amex,2025-07-31,2025-07,39377580.69,"Defaulted Amount (gross), dollars",66650398.0,47756863.0,40980915.0,55535854.0,0.7391777333402757,0.8410204539488169,1.4635138703062833,0.6921928799527747,,,,,,,,,,,,,,
amex,2025-08-31,2025-08,42293530.86,"Defaulted Amount (gross), dollars",61687011.0,49182023.0,38853067.0,55117911.0,0.7379104172791286,0.8135598646837419,1.3449653576548986,0.761553623718472,,,,,,,,,,,,,,
amex,2025-09-30,2025-09,40831284.54,"Defaulted Amount (gross), dollars",65860685.0,46372490.0,40270194.0,55585285.0,0.7517383197574607,0.818799055907074,1.4306537241963422,0.7407988401447217,,,,,,,,,,,,,,
amex,2025-10-31,2025-10,44498032.74,"Defaulted Amount (gross), dollars",66454877.0,48183759.0,36859952.0,54778215.0,0.7316012428355398,0.7948667841644906,1.360266975619735,0.8005361983841587,,,,,,,,,,,,,,
amex,2025-11-30,2025-11,39376978.64,"Defaulted Amount (gross), dollars",63345558.0,48797111.0,38837101.0,53723242.0,0.73428938857264,0.8060205722015171,1.457496255014114,0.7188437710137141,,,,,,,,,,,,,,
amex,2025-12-31,2025-12,41705806.6,"Defaulted Amount (gross), dollars",65452801.0,46713832.0,39819948.0,52684740.0,0.7374444787430873,0.8160308506788445,1.3565569685543728,0.7763084476547414,,,,,,,,,,,,,,
amex,2026-01-31,2026-01,39088806.61,"Defaulted Amount (gross), dollars",60049869.0,48533924.0,37970911.0,55863809.0,0.7415102678340687,0.8128408519343907,1.4029101444331369,0.7419379237707161,,,,,,,,,,,,,,
amex,2026-02-28,2026-02,37875560.0,"Defaulted Amount (gross), dollars",61089365.0,44687251.0,40901482.0,56582676.0,0.7441690006018165,0.8427400595097153,1.4901585058098816,0.6779981651448078,,,,,,,,,,,,,,
amex,2026-03-31,2026-03,42390348.42,"Defaulted Amount (gross), dollars",60069367.0,44334428.0,36974978.0,56788639.0,0.7257307061548275,0.8274167054939227,1.3884249719851227,0.7491753910684606,,,,,,,,,,,,,,
amex,2026-04-30,2026-04,43803605.64,"Defaulted Amount (gross), dollars",52376818.0,43629251.0,35687615.0,52140366.0,0.726314479058852,0.8049639210412278,1.4101527254458408,0.7713445226253793,,,,,,,,,,,,,,
amex,2026-05-31,2026-05,42247356.79,"Defaulted Amount (gross), dollars",54367333.0,40217478.0,34134548.0,49907323.0,0.7678488219731103,0.7823775842496127,1.3984493780265226,0.810261991448238,,,,,,,,,,,,,,
amex,2026-06-30,2026-06,36878335.84,"Defaulted Amount (gross), dollars",54886614.0,40588325.0,31524798.0,48884658.0,0.7465572203072753,0.7838581524182098,1.4321167516265338,0.738936364909815,,,,,,,,,,,,,,
amex,2026-07-31,2026-07,39467785.9,"Defaulted Amount (gross), dollars",52914095.0,40305716.0,32094421.0,45924272.0,0.7343450991529555,0.7907303639654999,1.4567665746819376,0.8073654908253628,,,,,,,,,,,,,,
bofa,2018-12-31,2018-12,74417000.0,"Total Charge-Offs, printed in thousands",,,,,,,,,147410058.47,106235979.34,91584989.07,80548959.92,76615354.0,0.0,,,,,,,,
bofa,2018-12-31,2018-12,74417000.0,"Total Charge-Offs, printed in thousands",,,,,,,,,147410058.47,106235979.34,91584989.07,80548959.92,76615354.0,0.0,,,,,,,,
bofa,2019-01-31,2019-01,75787000.0,"Total Charge-Offs, printed in thousands",,,,,0.6763234647267283,0.8424625607635501,0.9017882290390932,0.9891881462820102,141927944.63,99696881.48,89499835.2,82590265.1,79973569.44,0.0,0.992856636751468,0.0,,,,,,
bofa,2019-02-28,2019-02,73606000.0,"Total Charge-Offs, printed in thousands",,,,,0.7069143829395849,0.8522730845602775,0.9047508934407512,0.9203790766801118,135724578.13,100330905.4,84968968.7,80975055.86,82760592.82,3963.88,1.0020623219915055,4.9564875342645456e-05,,,,,,
bofa,2019-03-31,2019-03,77104000.0,"Total Charge-Offs, printed in thousands",,,,,0.6686775675447075,0.8237180247752454,0.9012929029465788,0.9316511321722551,139809230.2,90755980.76,82644375.22,76581928.46,80211727.11,0.0,0.9905732852926987,0.0,,,,,,
bofa,2019-04-30,2019-04,76738000.0,"Total Charge-Offs, printed in thousands",,,,,0.6964022298865359,0.8337816489483773,0.9087715192966281,0.9566930268782738,130533961.68,97363459.67,75670671.29,75104854.43,76441362.94,0.0,0.998164507961256,0.0,,,,,,
bofa,2019-05-31,2019-05,75827000.0,"Total Charge-Offs, printed in thousands",,,,,0.6815213911004008,0.8367064756748901,0.8950377493076418,0.9919629515177245,120709275.49,88961687.15,81464637.2,67728107.32,74597463.18,0.0,0.9932442283012092,0.0,,,,,,
bofa,2019-06-30,2019-06,72012000.0,"Total Charge-Offs, printed in thousands",,,,,0.7004717244533931,0.8563823532431735,0.8945061195215143,0.9653411380255463,131132095.85,84553434.36,76185218.99,72870616.5,68597079.28,0.0,1.012830300363988,0.0,,,,,,
bofa,2019-07-31,2019-07,66937000.0,"Total Charge-Offs, printed in thousands",,,,,0.6925940584667319,0.8493900228134981,0.8928450072307131,0.975799563225952,129402204.16,90821310.46,71818843.54,68021592.4,73079685.79,0.0,1.0028690479104154,0.0,,,,,,
bofa,2019-08-31,2019-08,70976000.0,"Total Charge-Offs, printed in thousands",,,,,0.6820634509507262,0.8360276740715067,0.9106492254163634,0.9712138090461266,128267998.48,88260513.93,75929128.94,65401774.24,67889143.02,0.0,0.9980528332941525,0.0,,,,,,
bofa,2019-09-30,2019-09,67254000.0,"Total Charge-Offs, printed in thousands",,,,,0.7092982750813404,0.8654761895062534,0.9043635193584508,0.9906444095219631,129221154.31,90980270.07,76387373.28,68667534.27,65043734.76,11903.69,0.9945255387310116,0.0001753401128733235,,,,,,
bofa,2019-10-31,2019-10,64033000.0,"Total Charge-Offs, printed in thousands",,,,,0.6960892302835521,0.8516742136551454,0.888242373399752,0.9844606899691503,130669748.81,89949453.84,77485549.97,67850501.74,68062821.84,0.0,0.9911936195695877,0.0,,,,,,
bofa,2019-11-30,2019-11,67254000.0,"Total Charge-Offs, printed in thousands",,,,,0.7122400708470452,0.87142324498632,0.8795186858244609,0.9881165397182421,126104553.2,93068231.15,78384044.95,68149989.08,67671504.27,0.0,0.9973618843573787,0.0,,,,,,
bofa,2019-12-31,2019-12,65895000.0,"Total Charge-Offs, printed in thousands",,,,,0.7159808544486401,0.8513505378897491,0.8872928662250671,0.9737481191062047,125844188.99,90288445.75,79233688.65,69549603.91,68070447.42,0.0,0.9988328441269942,0.0,,,,,,
bofa,2020-01-31,2020-01,65225000.0,"Total Charge-Offs, printed in thousands",,,,,0.695960433953447,0.8504793745438907,0.8835227525406896,0.9581984910067747,118252437.72,87582576.38,76788460.87,70004766.69,69980641.82,4011.54,1.006197560960344,5.8932182056164304e-05,,,,,,
bofa,2020-02-29,2020-02,64722000.0,"Total Charge-Offs, printed in thousands",,,,,0.685478807057949,0.8523559928872693,0.8796560396536047,0.9248557646337975,112858552.6,81059539.94,74651533.85,67547433.38,70573369.9,0.0,1.008122349903942,0.0,,,,,,
bofa,2020-03-31,2020-03,68308000.0,"Total Charge-Offs, printed in thousands",,,,,0.6818021053550176,0.8532145637785865,0.8441449715771648,0.967900499817283,120611734.45,76947198.77,69161180.01,63016716.92,68019137.02,10674.82,1.0069832947959154,0.00015125847065438204,,,,,,
bofa,2020-04-30,2020-04,66158000.0,"Total Charge-Offs, printed in thousands",,,,,0.6469182097065845,0.8222160065775713,0.8483513663519981,0.9726380383295254,113204250.91,78025927.32,63267218.49,58672981.56,60357802.41,0.0,0.957806203814529,0.0,,,,,,
bofa,2020-05-31,2020-05,58408000.0,"Total Charge-Offs, printed in thousands",,,,,0.6275266962940942,0.8039568834950696,0.8632214837867768,0.9676959343755538,102572571.42,71038689.58,62729481.36,54613622.22,53796927.78,0.0,0.9168943924383037,0.0,,,,,,
bofa,2020-05-31,2020-05,58408000.0,"Total Charge-Offs, printed in thousands",,,,,,,,,102572571.42,71038689.58,62729481.36,54613622.22,53796927.78,0.0,,,,,,,,
bofa,2020-06-30,2020-06,52227000.0,"Total Charge-Offs, printed in thousands",,,,,0.6052340772057053,0.7936749145197282,0.8607541294679054,0.9708175197955514,78710450.75,62080415.61,56381625.88,53994660.12,49852994.12,32117.61,0.9128307571172853,0.0005970156907722212,,,,,,
bofa,2020-07-31,2020-07,51007000.0,"Total Charge-Offs, printed in thousands",,,,,0.5944130989492523,0.7939997393003922,0.8498092375338219,1.0231481759595467,70231183.26,46786522.95,49291833.81,47913626.5,47892496.96,0.0,0.8869858029212835,0.0,,,,,,
bofa,2020-08-31,2020-08,48961000.0,"Total Charge-Offs, printed in thousands",,,,,0.6432694497364503,0.7936823300522697,0.9010146015502846,1.0223104475194187,71261783.21,45177574.61,37133636.55,44412662.0,43085997.76,0.0,0.8992430944462114,0.0,,,,,,
bofa,2020-09-30,2020-09,45407000.0,"Total Charge-Offs, printed in thousands",,,,,0.7083254766618968,0.8368910652328619,0.8635843768444489,1.0538690609633454,99207288.05,50476536.56,37808708.54,32068028.38,41875257.54,0.0,0.9428675439450128,0.0,,,,,,
bofa,2020-10-31,2020-10,46409000.0,"Total Charge-Offs, printed in thousands",,,,,0.7324853117986224,0.8378204827847244,0.878976050050505,1.108267810787057,110463082.51,72667881.32,42290276.23,33232949.29,31711023.85,0.0,0.988867275350715,0.0,,,,,,
bofa,2020-11-30,2020-11,36501000.0,"Total Charge-Offs, printed in thousands",,,,,0.746442175760717,0.8822781771725391,0.8744786101388867,1.151050819823971,94783071.62,82454303.65,64113285.87,36981941.98,32744313.89,0.0,0.9852966585741149,0.0,,,,,,
bofa,2020-12-31,2020-12,39975000.0,"Total Charge-Offs, printed in thousands",,,,,0.6968085418753598,0.8673577362750549,0.8923865413170408,1.2208226483013354,88912169.98,66045653.93,71517378.16,57213833.43,35780082.1,0.0,0.9675014394687557,0.0,,,,,,
bofa,2021-01-31,2021-01,40275000.0,"Total Charge-Offs, printed in thousands",,,,,0.6846182666972628,0.7996996675357168,0.8531349244025475,1.1256262600917843,73872388.92,60870895.7,52816687.49,61013973.01,52380746.5,0.0,0.9155259027362117,0.0,,,,,,
bofa,2021-02-28,2021-02,49350000.0,"Total Charge-Offs, printed in thousands",,,,,0.6751226177890336,0.829649823930552,0.8342356695190768,0.9421400666750711,68320025.92,49872920.59,50501527.9,44061564.65,57110764.98,0.0,0.9360276369912794,0.0,,,,,,
bofa,2021-03-31,2021-03,55882000.0,"Total Charge-Offs, printed in thousands",,,,,0.6330311386392401,0.7865553211228129,0.8054276827137344,0.9784845294852852,56005643.86,43248703.8,39227811.07,40675328.59,40277280.23,0.0,0.9141137077164598,0.0,,,,,,
bofa,2021-04-30,2021-04,41418000.0,"Total Charge-Offs, printed in thousands",,,,,0.6694560227487759,0.77446018370613,0.8309378354513423,1.0283216682826155,46121009.9,37493315.59,33494399.09,32595872.42,36834116.06,43848.07,0.9055640688556267,0.0010886551859909436,,,,,,
bofa,2021-05-31,2021-05,36332000.0,"Total Charge-Offs, printed in thousands",,,,,0.6908618017924192,0.7858261531785751,0.8148963027119649,0.9863681794567272,38779140.31,31863244.0,29463227.96,27294461.98,30111019.74,0.0,0.9237678731839876,0.0,,,,,,
bofa,2021-06-30,2021-06,30577000.0,"Total Charge-Offs, printed in thousands",,,,,0.650905524934779,0.8018877694939034,0.834935313720459,1.0154754061477693,39242989.93,25241556.68,25550745.66,24599889.48,25276005.2,0.0,0.926048852639813,0.0,,,,,,
bofa,2021-07-31,2021-07,27782000.0,"Total Charge-Offs, printed in thousands",,,,,0.6909009081204838,0.8316792247061998,0.8575226395173627,1.0991452082784032,38449621.0,27113017.38,20992878.29,21910342.86,23991871.79,0.0,0.9752837226974403,0.0,,,,,,
bofa,2021-08-31,2021-08,25884000.0,"Total Charge-Offs, printed in thousands",,,,,0.6763165743558305,0.8184144445821913,0.8914396602258394,1.0788653851838543,40007588.75,26004115.96,22189685.06,18713884.29,21199984.48,0.0,0.9675788560435152,0.0,,,,,,
bofa,2021-09-30,2021-09,23892000.0,"Total Charge-Offs, printed in thousands",,,,,0.6683285442939872,0.8644888084093899,0.8897593272105684,1.1269819571113195,40419369.78,26738213.55,22480267.22,19743479.25,18495450.05,0.0,0.9883276910012359,0.0,,,,,,
bofa,2021-10-31,2021-10,21971000.0,"Total Charge-Offs, printed in thousands",,,,,0.6794460621102737,0.8385751451970133,0.8784622756810806,1.1879137809896114,43055632.42,27462781.63,22422001.31,19748066.7,18953946.49,0.0,0.9600104545909758,0.0,,,,,,
bofa,2021-11-30,2021-11,23340000.0,"Total Charge-Offs, printed in thousands",,,,,0.6620284505856993,0.8473603738879528,0.8593801152534141,1.2314058189577595,42112030.03,28504053.62,23270872.91,19269022.07,18980422.91,0.0,0.9611281548892076,0.0,,,,,,
bofa,2021-12-31,2021-12,24613000.0,"Total Charge-Offs, printed in thousands",,,,,0.6719312607310087,0.8031877677894994,0.8518853700361685,1.2967571964390967,39361710.5,28296389.43,22894107.2,19824116.18,18202824.07,0.0,0.944667767978741,0.0,,,,,,
bofa,2022-01-31,2022-01,22087000.0,"Total Charge-Offs, printed in thousands",,,,,0.6895969106830355,0.833118773980628,0.8818854971553554,1.213383149508185,40979879.38,27143713.96,23574253.27,20189981.11,19344872.55,0.0,0.9758252208749919,0.0,,,,,,
bofa,2022-02-28,2022-02,22538000.0,"Total Charge-Offs, printed in thousands",,,,,0.6539313574231412,0.8501338042393665,0.8839930847998394,1.1650632456609282,42573368.58,26798028.15,23075788.81,20839476.87,19494876.11,0.0,0.9655717855201104,0.0,,,,,,
bofa,2022-03-31,2022-03,25170000.0,"Total Charge-Offs, printed in thousands",,,,,0.6653631226472237,0.7867897918451884,0.8649987315428201,1.2911084870700418,40186804.97,28326749.46,21084414.99,19960528.05,19196292.69,0.0,0.9211504112962889,0.0,,,,,,
bofa,2022-04-30,2022-04,25216000.0,"Total Charge-Offs, printed in thousands",,,,,0.6651222392512585,0.7674190295182566,0.8551597679400448,1.3135869726103868,36665855.77,26729137.71,21738486.58,18030543.43,17938735.83,0.0,0.898710484264969,0.0,,,,,,
bofa,2022-05-31,2022-05,23860000.0,"Total Charge-Offs, printed in thousands",,,,,0.6728303884341603,0.8358124617556172,0.8591630526470624,1.3300825780653687,34230190.21,24669901.98,22340546.39,18676904.49,16912525.16,0.0,0.9379930907606594,0.0,,,,,,
bofa,2022-06-30,2022-06,21133000.0,"Total Charge-Offs, printed in thousands",,,,,0.6982522730188475,0.8421725561310884,0.8778399313804787,1.2495472911391075,35754311.08,23901308.12,20776314.41,19611423.71,17785549.93,0.0,0.9522750378427406,0.0,,,,,,
bofa,2022-07-31,2022-07,21382000.0,"Total Charge-Offs, printed in thousands",,,,,0.6936442582968096,0.85352912223785,0.883362055358884,1.2022119127131201,37281195.69,24800772.59,20400462.54,18353007.8,18635552.96,0.0,0.9502396784430088,0.0,,,,,,
bofa,2022-08-31,2022-08,21207000.0,"Total Charge-Offs, printed in thousands",,,,,0.6773685841512236,0.8768285387515825,0.8651009145207352,1.1379860874275876,41028302.66,25253110.74,21746025.19,17648458.8,17829682.24,0.0,0.9714855697930885,0.0,,,,,,
bofa,2022-09-30,2022-09,21878000.0,"Total Charge-Offs, printed in thousands",,,,,0.665218373428076,0.8380537110019423,0.8611913200860225,1.22705495843991,44102319.89,27292780.76,21163463.17,18727488.14,17155127.42,0.0,0.97204677271876,0.0,,,,,,
bofa,2022-10-31,2022-10,22168000.0,"Total Charge-Offs, printed in thousands",,,,,0.6892003605663385,0.8502825345672106,0.8656454925566891,1.2922084142701167,48600170.32,30395334.77,23206574.8,18320056.5,17613114.67,9538.02,0.9404953049939564,0.0005559865436429385,,,,,,
bofa,2022-11-30,2022-11,21181000.0,"Total Charge-Offs, printed in thousands",,,,,0.6901637992037392,0.8396479536454864,0.8734697017846855,1.2025698121455537,48251442.87,33542078.19,25521380.64,20270239.97,18297007.24,0.0,0.9987418565002787,0.0,,,,,,
bofa,2022-12-31,2022-12,22679000.0,"Total Charge-Offs, printed in thousands",,,,,0.6756732402352718,0.8537108681160105,0.8584403324035843,1.239492322570672,47362219.58,32602208.75,28635236.69,21908582.48,19903931.58,0.0,0.9819287590802014,0.0,,,,,,
bofa,2023-01-31,2023-01,23217000.0,"Total Charge-Offs, printed in thousands",,,,,0.6833709559436995,0.8578570428913042,0.8601115868757989,1.166452964665989,49148078.58,32365965.27,27968034.39,24629498.87,21562450.58,0.0,0.9842010819131735,0.0,,,,,,
bofa,2023-02-28,2023-02,23658000.0,"Total Charge-Offs, printed in thousands",,,,,0.6797254312927405,0.8632429806101686,0.8668670873298365,1.09718512338035,51714513.82,33407198.91,27939692.33,24244568.51,24325365.39,0.0,0.9876516578106082,0.0,,,,,,
bofa,2023-03-31,2023-03,28220000.0,"Total Charge-Offs, printed in thousands",,,,,0.6461878353205409,0.8222544291726732,0.883261239906431,1.1601059037576085,51995739.16,33417289.74,27469217.27,24678047.29,23696681.01,0.0,0.9774016394734344,0.0,,,,,,
bofa,2023-04-30,2023-04,26847000.0,"Total Charge-Offs, printed in thousands",,,,,0.697816432003195,0.8664283245371293,0.8668715106056606,1.1329434695378042,52151397.23,36283481.18,28953686.36,23812281.87,23895551.73,0.0,0.9682918364324117,0.0,,,,,,
bofa,2023-05-31,2023-05,27659000.0,"Total Charge-Offs, printed in thousands",,,,,0.6710121680089836,0.8504666852917446,0.8609200745655933,1.1574957679372235,49703664.08,34994222.12,30857891.97,24926809.82,23257274.77,0.0,0.9766924017181559,0.0,,,,,,
bofa,2023-06-30,2023-06,26905000.0,"Total Charge-Offs, printed in thousands",,,,,0.695757010677109,0.8559779842307295,0.8964779236019862,1.156842332821611,54216059.08,34581672.74,29954283.71,27663418.92,24264001.8,0.0,0.973409833637508,0.0,,,,,,
bofa,2023-07-31,2023-07,26372000.0,"Total Charge-Offs, printed in thousands",,,,,0.6910377143922796,0.8756647649080724,0.8788767070805046,1.0868775982369074,54323033.77,37465341.55,30281952.33,26326122.23,27818672.24,0.0,1.0056122245933872,0.0,,,,,,
bofa,2023-08-31,2023-08,29846000.0,"Total Charge-Offs, printed in thousands",,,,,0.7006863000538196,0.8489084442898933,0.8786257946665225,1.0728765105145794,55291458.28,38063405.54,31804644.81,26606504.43,26554741.63,0.0,1.0086841274230458,0.0,,,,,,
bofa,2023-09-30,2023-09,28886000.0,"Total Charge-Offs, printed in thousands",,,,,0.7121512872855991,0.8539142304501217,0.8863938097222851,1.0877906628685208,57231204.07,39375883.19,32502883.65,28191440.28,26083785.01,0.0,0.9803536980449559,0.0,,,,,,
bofa,2023-10-31,2023-10,27961000.0,"Total Charge-Offs, printed in thousands",,,,,0.7155062682223943,0.8635079684672338,0.8818463041201577,1.071968657511949,62447465.73,40949285.25,34001388.9,28662547.82,27127539.17,0.0,0.9622615553007141,0.0,,,,,,
bofa,2023-11-30,2023-11,29808000.0,"Total Charge-Offs, printed in thousands",,,,,0.7209598403025539,0.8724024419937831,0.8867141171400795,1.098809582881896,60819569.0,45022114.92,35724256.45,30149511.54,28022737.89,15022.41,0.9776778416902089,0.0005537697284615145,,,,,,
bofa,2023-12-31,2023-12,30393000.0,"Total Charge-Offs, printed in thousands",,,,,0.7157163413966317,0.8863672417635062,0.8822705509382267,1.0845835306779867,58392521.57,43529559.41,39906127.82,31518459.42,29551896.1,0.0,0.980178271239747,0.0,,,,,,
bofa,2024-01-31,2024-01,30979000.0,"Total Charge-Offs, printed in thousands",,,,,0.7666621849226642,0.9342045959385006,0.9318196081997113,1.048291449562859,67231282.73,44767338.17,40665514.46,37185312.39,31153605.21,0.0,0.9884241102923805,0.0,,,,,,
bofa,2024-02-29,2024-02,31209000.0,"Total Charge-Offs, printed in thousands",,,,,0.7153765557791254,0.8876125575996023,0.8780975355697,1.001778118122336,63160534.29,48095683.48,39736051.53,35708288.03,37260395.53,15388.07,1.002019161200329,0.0004939418695291349,,,,,,
bofa,2024-03-31,2024-03,36893000.0,"Total Charge-Offs, printed in thousands",,,,,0.7041282175638797,0.8732841484094033,0.8964883841844565,0.9901397844876823,66122616.03,44473114.43,42001197.99,35622908.63,35100784.89,6439.9,0.9829870550083607,0.00017283498761613923,,,,,,
bofa,2024-04-30,2024-04,37303000.0,"Total Charge-Offs, printed in thousands",,,,,0.7268497699515474,0.8889346884447552,0.8656032377613617,1.06273976826733,62728162.06,48061208.25,39533694.12,36356372.97,34708649.5,0.0,0.9743350791622317,0.0,,,,,,
bofa,2024-05-31,2024-05,36911000.0,"Total Charge-Offs, printed in thousands",,,,,0.7328839471819206,0.8588793653559469,0.8904903863307373,1.063452497625988,59783923.22,45972463.01,41278780.04,35204374.55,35507392.87,17895.27,0.9766483829203604,0.000515585315412517,,,,,,
bofa,2024-06-30,2024-06,36904000.0,"Total Charge-Offs, printed in thousands",,,,,0.7421858953069892,0.8901915760114503,0.910013444525237,1.0393328548540095,64682225.51,44370784.58,40924299.3,37564244.81,34732811.61,88975.81,0.9866049902596552,0.002505839004450681,,,,,,
bofa,2024-07-31,2024-07,35419000.0,"Total Charge-Offs, printed in thousands",,,,,0.7308341359202561,0.8681871559098765,0.9281312990006405,1.0197562004972394,63482584.28,47271978.39,38522145.27,37983123.07,36953419.66,0.0,0.983739187275305,0.0,,,,,,
bofa,2024-08-31,2024-08,37344000.0,"Total Charge-Offs, printed in thousands",,,,,0.7320559477387425,0.8559612408470642,0.9231280906282713,1.0105695316859344,65939538.34,46472803.4,40462981.28,35560874.41,36781611.36,0.0,0.9683672217319859,0.0,,,,,,
bofa,2024-09-30,2024-09,36684000.0,"Total Charge-Offs, printed in thousands",,,,,0.737863605734186,0.8778428684162402,0.9303745057610842,0.9973461913061766,68979242.59,48654385.52,40795819.04,37645726.21,35068617.87,0.0,0.9861573555721799,0.0,,,,,,
bofa,2024-10-31,2024-10,36021000.0,"Total Charge-Offs, printed in thousands",,,,,0.7338850848347651,0.8511726484137087,0.9071087770958993,1.027157675090889,71289449.8,50622837.3,41413282.18,37006245.52,37336733.33,0.0,0.9917920860849824,0.0,,,,,,
bofa,2024-11-30,2024-11,38938000.0,"Total Charge-Offs, printed in thousands",,,,,0.7180905006788256,0.849427645968789,0.9038763695980978,1.0428871657262364,67856989.44,51192276.7,43000437.52,37432487.15,36299882.26,0.0,0.9809123230396812,0.0,,,,,,
bofa,2024-12-31,2024-12,37824000.0,"Total Charge-Offs, printed in thousands",,,,,0.7409737920138415,0.875322694917376,0.8952920567864956,1.0419868507860004,62895628.06,50280250.78,44809761.6,38497950.15,36031964.8,3719.95,0.9625853781933376,0.00010247829382353484,,,,,,
bofa,2025-01-31,2025-01,36689000.0,"Total Charge-Offs, printed in thousands",,,,,0.7434507698276414,0.8572608676634765,0.909614443251133,1.0182347869078736,61552961.63,46759803.1,43103291.41,40759606.35,37169208.57,0.0,0.9654853940320769,0.0,,,,,,
bofa,2025-02-28,2025-02,36222000.0,"Total Charge-Offs, printed in thousands",,,,,0.7379865016577919,0.8689863950688876,0.9203287531493874,0.9745163105042675,62143700.68,45425254.82,40633632.73,39669198.44,40512585.62,0.0,0.9939395702726161,0.0,,,,,,
bofa,2025-03-31,2025-03,40109000.0,"Total Charge-Offs, printed in thousands",,,,,0.6877582135007155,0.842829939022013,0.9067103705644977,0.9900380187089131,63430789.09,42739840.56,38285764.75,36842936.19,40029002.4,0.0,1.0090701091564582,0.0,,,,,,
bofa,2025-04-30,2025-04,39792000.0,"Total Charge-Offs, printed in thousands",,,,,0.7313945879527761,0.8598586821681863,0.8842100969133704,0.9940792329113853,62006385.55,46392935.85,36750222.98,33852659.76,36133677.14,0.0,0.980749117107759,0.0,,,,,,
bofa,2025-05-31,2025-05,36008000.0,"Total Charge-Offs, printed in thousands",,,,,0.7292286590957405,0.8827779777166226,0.9137608021664309,0.99652188346309,53890925.96,45216833.39,40954662.09,33580913.23,33465301.71,0.0,0.9885575298146086,0.0,,,,,,
bofa,2025-06-30,2025-06,33403000.0,"Total Charge-Offs, printed in thousands",,,,,0.7400558910344616,0.8838018223283636,0.9115995924458133,0.9981383191898316,59046270.21,39882297.23,39962719.75,37334253.27,33352311.87,0.0,0.9931925210480645,0.0,,,,,,
bofa,2025-07-31,2025-07,33787000.0,"Total Charge-Offs, printed in thousands",,,,,0.7093824858205213,0.88830385159837,0.9045815729296053,1.0130332233547803,56586337.42,41886389.94,35427598.24,36149539.89,37051294.33,0.0,0.9924209294356672,0.0,,,,,,
bofa,2025-08-31,2025-08,35946000.0,"Total Charge-Offs, printed in thousands",,,,,0.70982498004551,0.8677325809663702,0.9147667140870229,0.9701685366196491,59069103.64,40166395.83,36346185.25,32407987.63,35714992.97,0.0,0.9879791853140513,0.0,,,,,,
bofa,2025-09-30,2025-09,36901000.0,"Total Charge-Offs, printed in thousands",,,,,0.717977227798678,0.877028976637459,0.9096762059781776,1.0332075392257876,58280452.97,42410271.28,35227093.03,33063259.9,31390052.27,0.0,0.9685899855424007,0.0,,,,,,
bofa,2025-10-31,2025-10,32106000.0,"Total Charge-Offs, printed in thousands",,,,,0.7211197982904078,0.8589405658241759,0.910908788376967,1.0228081088824514,62967554.69,42027188.49,36427902.41,32088668.63,32627795.76,0.0,0.9868293646386636,0.0,,,,,,
bofa,2025-11-30,2025-11,33244000.0,"Total Charge-Offs, printed in thousands",,,,,0.7406298151420243,0.8700589861893947,0.9049840009714686,1.01888586788187,62086995.94,46635648.39,36566133.01,32966668.87,31738110.28,43802.43,0.9890753226928132,0.0013424881754868505,,,,,,
bofa,2025-12-31,2025-12,33140000.0,"Total Charge-Offs, printed in thousands",,,,,0.7208639403853883,0.8559322500715852,0.9073814010063954,1.044170547888083,58396512.72,44756276.54,39916955.46,33179429.0,32409643.63,26017.08,0.9831033811090661,0.0008197425672313846,,,,,,
bofa,2026-01-31,2026-01,34107000.0,"Total Charge-Offs, printed in thousands",,,,,0.6989516827093164,0.8723191129429018,0.8880546174299837,1.052371954143576,58587091.89,40816340.83,39041755.45,35448436.61,33365784.8,16547.03,1.0056166066028442,0.0005105588382552666,,,,,,
bofa,2026-02-28,2026-02,33185000.0,"Total Charge-Offs, printed in thousands",,,,,0.7284962030567174,0.8737114923782844,0.8952352143786608,0.9945817309233499,59925313.19,42680473.99,35661706.06,34951554.31,35569202.63,0.0,1.0034068080724874,0.0,,,,,,
bofa,2026-03-31,2026-03,35917000.0,"Total Charge-Offs, printed in thousands",,,,,0.6942148854207766,0.8568609701609361,0.8719101662630887,1.0097780479820668,57716833.66,41601044.43,36571232.35,31093804.06,33936960.98,32402.55,0.9709714388950731,0.0009109720658362703,,,,,,
bofa,2026-04-30,2026-04,35360000.0,"Total Charge-Offs, printed in thousands",,,,,0.7069250213959156,0.8665167443249212,0.8988547863359053,1.0419318341686117,52381381.68,40801473.87,36048001.58,32872227.24,30630784.3,77641.0,0.9851089381310009,0.002287800609069151,,,,,,
bofa,2026-05-31,2026-05,32459000.0,"Total Charge-Offs, printed in thousands",,,,,0.7140435904973632,0.8875136387321884,0.9010489862500722,1.0596855660662923,52045717.88,37402589.85,36211864.54,32481015.28,31895860.27,0.0,0.9702981193555414,0.0,,,,,,
bofa,2026-06-30,2026-06,33214000.0,"Total Charge-Offs, printed in thousands",,,,,0.6929668197325286,0.8803352629336708,0.8902036371088226,1.0413263576790808,55221553.55,36065955.6,32926818.77,32235933.52,31655265.28,0.0,0.9745774572351976,0.0,,,,,,
bofa,2026-07-31,2026-07,32369000.0,"Total Charge-Offs, printed in thousands",,,,,0.6990615712223114,0.8473739270615638,0.9176858563552023,1.0225471091044984,53530346.3,38603265.99,30561350.43,30216475.88,31042931.55,38779.5,0.9629915488794568,0.0012250568635891715,,,,,,
chase,2018-12-31,2018-12,63387634.4,"Gross Losses, dollars",,,,,,,,,105703189.2,76251695.75,67236133.78,55174334.22,52812595.72,470525.39,,,,,,,,
chase,2019-01-31,2019-01,62896752.42,"Gross Losses, dollars",,,,,0.7182817844440212,0.8559221386233893,0.8662420984908689,1.1909422659977524,102351343.32,75924675.36,65265514.5,58242769.62,52525516.22,476600.23,0.9519918448052639,0.009024366697043687,,,,,,
chase,2019-02-28,2019-02,60815035.25,"Gross Losses, dollars",,,,,0.7345459013170479,0.8488447823374401,0.8705596297720138,1.1578188969201149,101110118.06,75181759.73,64448264.53,56817522.14,55813794.19,475817.22,0.9582956743670048,0.009058782364119333,,,,,,
chase,2019-03-31,2019-03,66589381.41,"Gross Losses, dollars",,,,,0.6967370614501289,0.8336399642025245,0.8550836333901202,1.1930631553790807,102167959.62,70447166.54,62674519.49,55108656.2,53628968.27,497185.97,0.9438808003252358,0.008907940719949825,,,,,,
chase,2019-04-30,2019-04,64966241.02,"Gross Losses, dollars",,,,,0.7235469066324494,0.8429761212082384,0.8584540031229843,1.2114020298306216,95582577.28,73923311.14,59385279.2,53803192.15,51719355.61,507081.94,0.9384978545348742,0.009455373772007865,,,,,,
chase,2019-05-31,2019-05,63885885.54,"Gross Losses, dollars",,,,,0.7279544167989189,0.8518707576658477,0.8579387406500565,1.2352413286380464,89939552.99,69579759.3,62973107.07,50948931.65,50554256.82,0.0,0.9396144503667707,0.0,,,,,,
chase,2019-06-30,2019-06,62533540.33,"Gross Losses, dollars",,,,,0.7288142878282722,0.8457682074792691,0.8645805557835881,1.236958947940875,93197280.72,65549231.26,58848348.3,54445323.91,47721078.79,0.0,0.9366453278711684,0.0,,,,,,
chase,2019-07-31,2019-07,58174285.77,"Gross Losses, dollars",,,,,0.7286750300583233,0.8547718658630689,0.877833615595291,1.2190480023722867,94416351.87,67910531.33,56029638.71,51659058.36,51274374.73,0.0,0.9417590170784604,0.0,,,,,,
chase,2019-08-31,2019-08,63313155.51,"Gross Losses, dollars",,,,,0.7337764953616397,0.8459412511564575,0.848029085747428,1.23479137177964,95337095.85,69280499.78,57448319.84,47514763.29,48676469.2,0.0,0.9422639658041185,0.0,,,,,,
chase,2019-09-30,2019-09,59546887.64,"Gross Losses, dollars",,,,,0.7173013583043814,0.8656065180019404,0.8556096562422981,1.2233197809671865,97304966.12,68385428.35,59969652.18,49153337.19,45466044.41,0.0,0.9568824773997943,0.0,,,,,,
chase,2019-10-31,2019-10,39954989.63,"Gross Losses, dollars",,,,,0.37411875530695676,0.4540111390557664,0.4353910213057367,0.8787874588274526,49859265.4,36403612.81,31047746.22,26110248.11,24382573.33,0.0,0.49605122915154803,0.0,,,,,,
chase,2019-11-30,2019-11,29182484.19,"Gross Losses, dollars",,,,,0.7399906479568791,0.8584293320858447,0.8729388293743918,1.196858255895995,49549329.91,36895390.11,31249929.03,27102783.24,24983229.26,0.0,0.956836149344427,0.0,,,,,,
chase,2019-12-31,2019-12,30514622.19,"Gross Losses, dollars",,,,,0.7270543281904094,0.8452827016334264,0.8688308115495262,1.2214042417189106,48927062.85,36025054.77,31187035.03,27150901.2,25598749.11,0.0,0.9445062849567327,0.0,,,,,,
chase,2020-01-31,2020-01,30402215.2,"Gross Losses, dollars",,,,,0.699730162935787,0.8357157362345351,0.8819642827072555,1.187644562996383,46399530.8,34235741.66,30106705.17,27505850.98,25517029.84,0.0,0.9398225735505237,0.0,,,,,,
chase,2020-02-29,2020-02,29284403.16,"Gross Losses, dollars",,,,,0.7034495853134791,0.8643872405012185,0.8629334004933891,1.147641529740046,44091774.49,32639730.7,29592938.26,25980081.47,26159531.09,0.0,0.9510533271274197,0.0,,,,,,
chase,2020-03-31,2020-03,32047266.68,"Gross Losses, dollars",,,,,0.7103275296190058,0.8397226184834914,0.832632589015512,1.22507037950121,45440680.93,31319601.25,27408320.13,24640044.8,24456280.62,0.0,0.941347341356124,0.0,,,,,,
chase,2020-04-30,2020-04,29730017.01,"Gross Losses, dollars",,,,,0.7165117479237563,0.8186767907844932,0.8415974138725882,1.2156393472884512,49463265.69,32558781.72,25640630.64,23066771.34,23074518.82,0.0,0.9364641585391923,0.0,,,,,,
chase,2020-05-31,2020-05,26995378.97,"Gross Losses, dollars",,,,,0.6193033719605989,0.8150689570703017,0.8295065003908187,1.1699216430290873,45033065.79,30632767.23,26537652.26,21269069.79,21361247.03,0.0,0.9260614203496067,0.0,,,,,,
chase,2020-06-30,2020-06,24715920.51,"Gross Losses, dollars",,,,,0.6250448472964159,0.7991146459672949,0.8526205230334116,1.1570448333511922,35139545.69,28147685.73,24479092.94,22626546.95,19926474.83,0.0,0.9368757085638393,0.0,,,,,,
chase,2020-07-31,2020-07,24569407.26,"Gross Losses, dollars",,,,,0.6018200905772724,0.8134714967204516,0.8416127137756599,1.2330032015000418,32528169.03,21147684.57,22897340.04,20601915.84,20994710.86,0.0,0.9278795790800063,0.0,,,,,,
chase,2020-08-31,2020-08,25716344.37,"Gross Losses, dollars",,,,,0.6799773036595045,0.8241767803140634,0.8410355524422741,1.2248963341998607,35199458.89,22118416.67,17429430.58,19257477.03,19120109.68,0.0,0.9280743513609072,0.0,,,,,,
chase,2020-09-30,2020-09,23208797.19,"Gross Losses, dollars",,,,,0.7601827310362952,0.8551227441905316,0.8364794864113112,1.213842262331625,37478670.83,26758020.79,18913961.16,14579361.14,18402940.21,0.0,0.9556257126170384,0.0,,,,,,
chase,2020-10-31,2020-10,22916284.66,"Gross Losses, dollars",,,,,0.7547606186011587,0.8628243688572155,0.8432108940631873,1.245251269552432,34609710.12,28287424.78,23087472.4,15948458.1,14118158.36,0.0,0.9683660500915473,0.0,,,,,,
chase,2020-11-30,2020-11,19608841.04,"Gross Losses, dollars",,,,,0.7536311225827743,0.8764568702460726,0.8775619084226821,1.3889092713081028,33834661.35,26082954.69,24792707.79,20260686.34,15215704.99,0.0,0.9540549245948736,0.0,,,,,,
chase,2020-12-31,2020-12,20770602.93,"Gross Losses, dollars",,,,,0.7273504775303448,0.8540971808895934,0.8645675120103532,1.3650766062861213,31025800.4,24609657.09,22277378.07,21434969.69,19043726.06,0.0,0.9399348936369744,0.0,,,,,,
chase,2021-01-31,2021-01,23256538.2,"Gross Losses, dollars",,,,,0.7106323883911791,0.8428548075311683,0.87779817034815,1.2212178502634898,28177895.76,22047938.64,20742367.79,19555041.71,20301443.67,0.0,0.9471179088940433,0.0,,,,,,
chase,2021-02-28,2021-02,23087935.87,"Gross Losses, dollars",,,,,0.7369504588585362,0.8607092526814107,0.8985626004079259,1.1372558644249362,27524060.49,20765713.21,18976864.79,18638315.94,18625847.75,0.0,0.952483151210829,0.0,,,,,,
chase,2021-03-31,2021-03,23499244.47,"Gross Losses, dollars",,,,,0.6877736759399196,0.813516058859218,0.8543007224535324,1.261646974967891,25578880.25,18930324.26,16893241.17,16211949.3,17404961.36,0.0,0.9338269302886384,0.0,,,,,,
chase,2021-04-30,2021-04,22593180.43,"Gross Losses, dollars",,,,,0.6967738972858282,0.8214427527191231,0.8330584799198719,1.2980885141131966,21264103.42,17822696.08,15550177.67,14073057.81,15320559.71,0.0,0.9450165076694387,0.0,,,,,,
chase,2021-05-31,2021-05,20234791.59,"Gross Losses, dollars",,,,,0.7168875907395299,0.8309608716617919,0.8479570368793092,1.3207605970682907,19794575.92,15243971.87,14809963.07,13185882.58,13145334.28,0.0,0.9340780417074119,0.0,,,,,,
chase,2021-06-30,2021-06,16383552.25,"Gross Losses, dollars",,,,,0.6835842361405841,0.8711938360458285,0.8647458254600495,1.2463397203163402,22359541.93,13531260.06,13280454.33,12806853.74,12329277.01,0.0,0.9350361597107442,0.0,,,,,,
chase,2021-07-31,2021-07,15702617.11,"Gross Losses, dollars",,,,,0.6651009124675749,0.8122135522683909,0.8067224895912126,1.2736040480933277,20352701.15,14871351.74,10990272.8,10713641.18,11983008.83,0.0,0.9356715609684163,0.0,,,,,,
chase,2021-08-31,2021-08,15787110.64,"Gross Losses, dollars",,,,,0.6702850088279315,0.8122619282488976,0.8762337373463559,1.3174579827126773,20974577.16,13642110.47,12079432.84,9630047.81,10287654.75,0.0,0.9602388746418704,0.0,,,,,,
chase,2021-09-30,2021-09,13069836.08,"Gross Losses, dollars",,,,,0.7111185706496502,0.8519939187972284,0.8647639014482075,1.2704388315519628,21213439.03,14915411.33,11622995.16,10445857.47,9028638.89,0.0,0.9375487088054238,0.0,,,,,,
chase,2021-10-31,2021-10,13141380.98,"Gross Losses, dollars",,,,,0.704065321463344,0.8512162185204717,0.8538982821016678,1.4555218278311273,22475586.48,14935646.77,12696240.03,9924855.6,9777361.67,0.0,0.9360037410121774,0.0,,,,,,
chase,2021-11-30,2021-11,13261544.67,"Gross Losses, dollars",,,,,0.7074401076985822,0.8550524631883752,0.8725810502812305,1.356352062815735,23031057.93,15900131.32,12770761.56,11078498.46,9494288.54,0.0,0.9566172972833982,0.0,,,,,,
chase,2021-12-31,2021-12,12790901.02,"Gross Losses, dollars",,,,,0.704870955530613,0.7994304967790669,0.8525752022575542,1.3472205912124091,22714280.93,16233923.81,12711049.88,10888034.62,10715205.66,0.0,0.9672073971656263,0.0,,,,,,
chase,2022-01-31,2022-01,13030112.28,"Gross Losses, dollars",,,,,0.7391048231611353,0.8100702728381229,0.8673959322076077,1.2160394017113059,22657333.12,16788234.59,13150619.09,11025512.96,10435104.89,0.0,0.9584011489853255,0.0,,,,,,
chase,2022-02-28,2022-02,12799866.93,"Gross Losses, dollars",,,,,0.7361703348606634,0.7977228980334377,0.8947258717992417,1.2266160297311586,22048782.68,16679656.51,13392359.15,11766199.13,10499830.62,0.0,0.9523212804785455,0.0,,,,,,
chase,2022-03-31,2022-03,13576069.87,"Gross Losses, dollars",,,,,0.6719250098754205,0.8077260866806663,0.8478036336114836,1.292979892850881,23075532.2,14815128.52,13472593.68,11354090.75,11012239.66,0.0,0.9359215782709602,0.0,,,,,,
chase,2022-04-30,2022-04,14425104.5,"Gross Losses, dollars",,,,,0.7381411705858728,0.827876335560807,0.8644303440464182,1.3099155980410255,22449765.08,17033000.35,12265094.31,11646118.79,10853128.84,0.0,0.9558782890651107,0.0,,,,,,
chase,2022-05-31,2022-05,15125704.98,"Gross Losses, dollars",,,,,0.6963724450697014,0.8083376972395823,0.8415324341684577,1.393672295149866,21177317.27,15633397.8,13768416.28,10321474.67,11136920.8,0.0,0.9562774518119097,0.0,,,,,,
chase,2022-06-30,2022-06,13877978.22,"Gross Losses, dollars",,,,,0.7313508383774618,0.8223534419369792,0.856245788931071,1.2461234545189546,21213069.75,15488048.74,12856178.49,11789148.46,9695431.65,0.0,0.9393455838418485,0.0,,,,,,
chase,2022-07-31,2022-07,11828002.05,"Gross Losses, dollars",,,,,0.6086616949911269,0.6926133982452847,0.750220199377459,1.2199562099950445,18650052.88,12911582.99,10727230.07,9644964.79,9830185.21,0.0,0.8338333547459628,0.0,,,,,,
chase,2022-08-31,2022-08,11926503.83,"Gross Losses, dollars",,,,,0.7235886335996277,0.8110209118518008,0.8830220996649139,1.21325321702662,18792517.63,13494966.28,10471563.81,9472381.22,9031354.22,0.0,0.9363802166871364,0.0,,,,,,
chase,2022-09-30,2022-09,11551488.1,"Gross Losses, dollars",,,,,0.7392939617532237,0.7980563320088563,0.8865074021833229,1.279042745817581,20364144.9,13893194.81,10769743.29,9283118.83,9184366.42,0.0,0.9695942558359153,0.0,,,,,,
chase,2022-10-31,2022-10,11460209.61,"Gross Losses, dollars",,,,,0.7102627834866762,0.8343083566104548,0.8813875813376051,1.2477953389407561,22840627.27,14463894.24,11591208.53,9492317.99,9010478.74,0.0,0.9706305504655487,0.0,,,,,,
chase,2022-11-30,2022-11,12374199.49,"Gross Losses, dollars",,,,,0.7244205924997786,0.8322226352230296,0.8215467425466118,1.3733121010615692,21925822.97,16546220.74,12037180.18,9522719.61,9155959.63,0.0,0.9645652031090459,0.0,,,,,,
chase,2022-12-31,2022-12,11547077.89,"Gross Losses, dollars",,,,,0.7316179037816979,0.8417337529125699,0.8746547299751395,1.261154303494892,23700463.22,16041324.64,13927512.48,10528376.58,9249565.33,0.0,0.9713155179206207,0.0,,,,,,
chase,2023-01-31,2023-01,11201194.5,"Gross Losses, dollars",,,,,0.7114485461098934,0.8202188731466257,0.8866768102152869,1.210996852324519,24203896.19,16861660.1,13157397.22,12349202.34,10430968.8,0.0,0.9907480721970908,0.0,,,,,,
chase,2023-02-28,2023-02,12111095.47,"Gross Losses, dollars",,,,,0.7207999461346227,0.8245351464533436,0.9228490739447326,1.1610710090514316,23977736.66,17446167.07,13903031.38,12142291.84,11739868.04,0.0,0.9506580033897152,0.0,,,,,,
chase,2023-03-31,2023-03,14477447.9,"Gross Losses, dollars",,,,,0.6791070333658422,0.7985448548154938,0.8858436223999948,1.2331865955113412,24475260.05,16283449.61,13931546.95,12315911.68,11819484.02,0.0,0.9734145889216248,0.0,,,,,,
chase,2023-04-30,2023-04,13600135.87,"Gross Losses, dollars",,,,,0.7498157426114865,0.8352066396083502,0.8923998537003819,1.1506539411523313,23377395.31,18351935.29,13600045.23,12432510.46,12037759.14,0.0,0.9774151888039523,0.0,,,,,,
chase,2023-05-31,2023-05,14175848.58,"Gross Losses, dollars",,,,,0.7143333518793117,0.8419037123795351,0.8893571885569383,1.1776152367840116,22277869.94,16699253.15,15450562.45,12095297.99,11937798.6,0.0,0.9602082088254281,0.0,,,,,,
chase,2023-06-30,2023-06,14072209.21,"Gross Losses, dollars",,,,,0.7652835143537965,0.8444423072896526,0.9018329310076346,1.178794322263068,24232829.99,17048886.6,14101555.86,13933826.02,11173012.26,0.0,0.9237484077893313,0.0,,,,,,
chase,2023-07-31,2023-07,13484864.8,"Gross Losses, dollars",,,,,0.7075012236323621,0.8573054518410603,0.9015929338736102,1.2069139893703116,24225985.54,17144756.87,14616103.43,12713863.12,13285366.77,0.0,0.9534615080546269,0.0,,,,,,
chase,2023-08-31,2023-08,14749655.76,"Gross Losses, dollars",,,,,0.7280571108604732,0.8727452178795464,0.8924564801057925,1.1102181833102678,24438827.92,17637901.04,14963004.57,13044236.22,12160597.62,0.0,0.9564832895573915,0.0,,,,,,
chase,2023-09-30,2023-09,13769939.0,"Gross Losses, dollars",,,,,0.7335218284069001,0.8546688189152013,0.8895967415988031,1.1323406488964973,25497918.66,17926413.74,15074564.05,13311040.11,12865400.85,0.0,0.9862900849859034,0.0,,,,,,
chase,2023-10-31,2023-10,14162984.83,"Gross Losses, dollars",,,,,0.717501975512224,0.852908664374049,0.8968422559457033,1.1008584182590782,27831682.04,18294807.01,15289593.6,13519506.03,13211847.92,0.0,0.9925481262786159,0.0,,,,,,
chase,2023-11-30,2023-11,14656642.53,"Gross Losses, dollars",,,,,0.731029158451826,0.8433613708833542,0.8957864674702668,1.1093559825051331,28739180.81,20345771.1,15429133.52,13696211.04,13316347.81,0.0,0.9849729554061231,0.0,,,,,,
chase,2023-12-31,2023-12,14636250.04,"Gross Losses, dollars",,,,,0.7189522421185534,0.8589952356241736,0.9164402234040684,1.099118936275366,28635816.1,20662098.48,17476920.44,14139878.57,13584160.67,0.0,0.9918188782523316,0.0,,,,,,
chase,2024-01-31,2024-01,15099041.49,"Gross Losses, dollars",,,,,0.7283970600719146,0.8588998453946001,0.9279907215736,1.1115181759698665,27141246.98,20858244.26,17746673.19,16218420.01,13683231.16,0.0,0.9677049977664695,0.0,,,,,,
chase,2024-02-29,2024-02,14507928.85,"Gross Losses, dollars",,,,,0.832244176055908,0.8575101766499305,0.9326972003590493,1.0602706831710063,29671354.53,22588144.73,17886156.72,16552272.4,15835147.54,0.0,0.9763680759430523,0.0,,,,,,
chase,2024-03-31,2024-03,17911168.75,"Gross Losses, dollars",,,,,0.7471086427007146,0.8155483117448575,0.8868317508513925,1.1311021071799878,30670361.44,22167725.41,18421723.3,15862011.68,15837148.42,0.0,0.9567960239707026,0.0,,,,,,
chase,2024-04-30,2024-04,17935152.85,"Gross Losses, dollars",,,,,0.7488759320600951,0.8343402057685447,0.9300371692153252,1.1324736230513903,31703208.97,22968295.51,18495424.58,17132887.39,15370293.35,0.0,0.9690002541972659,0.0,,,,,,
chase,2024-05-31,2024-05,18622011.57,"Gross Losses, dollars",,,,,0.7508266432121997,0.8315262380564868,0.9200756471631104,1.2115586310524127,30075843.1,23803613.97,19098740.36,17017189.74,16389572.65,0.0,0.9566147419824954,0.0,,,,,,
chase,2024-06-30,2024-06,19459567.72,"Gross Losses, dollars",,,,,0.788716298363719,0.8271071100721602,0.9077881872414753,1.1873139181575914,30915332.06,23721307.64,19688138.36,17337610.89,16249605.46,0.0,0.9548935933765996,0.0,,,,,,
chase,2024-07-31,2024-07,19113569.71,"Gross Losses, dollars",,,,,0.7480055085651246,0.8448545221093048,0.9317455944575148,1.1762482330447916,30372530.25,23124838.68,20041054.03,18344336.18,16669700.73,0.0,0.9614762285162809,0.0,,,,,,
chase,2024-08-31,2024-08,20208581.84,"Gross Losses, dollars",,,,,0.7634568361323799,0.8372376061911624,0.9063721435413944,1.212294219753518,31211728.58,23188115.85,19360984.58,18164653.1,17449751.24,0.0,0.9512337251551611,0.0,,,,,,
chase,2024-09-30,2024-09,19437689.56,"Gross Losses, dollars",,,,,0.7824175106933472,0.8685440468851202,0.9104890046867647,1.1139235908098826,32534861.55,24420602.98,20139899.98,17627963.58,17234352.27,0.0,0.9487851034160404,0.0,,,,,,
chase,2024-10-31,2024-10,20208878.29,"Gross Losses, dollars",,,,,0.7705542678112304,0.8358019683918549,0.917209651902154,1.1725928525424065,32162464.69,25069876.42,20410788.04,18472510.65,16482292.38,0.0,0.9350083068415327,0.0,,,,,,
chase,2024-11-30,2024-11,19794954.99,"Gross Losses, dollars",,,,,0.7604572328564287,0.8554435610576495,0.9227499356266894,1.200983123805015,31175879.75,24458178.9,21445864.36,18834053.35,17366081.0,0.0,0.9401039917657322,0.0,,,,,,
chase,2024-12-31,2024-12,20280952.6,"Gross Losses, dollars",,,,,0.7694427513308586,0.851483391512849,0.9081844491345091,1.1678485548927247,31018974.45,23988054.69,20825733.12,19476800.51,17788724.03,0.0,0.9444979102175051,0.0,,,,,,
chase,2025-01-31,2025-01,21296507.25,"Gross Losses, dollars",,,,,0.7394235969010252,0.82715207324717,0.9285296166322906,1.1971913901235556,31249082.57,22936161.66,19841769.17,19337309.99,18544688.37,0.0,0.9521424404628765,0.0,,,,,,
chase,2025-02-28,2025-02,20579350.62,"Gross Losses, dollars",,,,,0.758323754846797,0.8510212043910054,0.9398199560850953,1.10971671291557,31705342.52,23696921.63,19519159.92,18647690.63,18532077.09,0.0,0.9583585876000119,0.0,,,,,,
chase,2025-03-31,2025-03,22270575.16,"Gross Losses, dollars",,,,,0.7176097090150597,0.8118276719810378,0.9310604367444517,1.2017311956908119,33176029.54,22752061.62,19237816.72,18173517.56,17429867.73,0.0,0.9346930982413022,0.0,,,,,,
chase,2025-04-30,2025-04,20367405.0,"Gross Losses, dollars",,,,,0.7567506262233693,0.8297392678211285,0.9040220854126113,1.168534685145313,32721785.53,25105981.13,18878278.95,17391411.19,17464394.45,0.0,0.9609804151750576,0.0,,,,,,
chase,2025-05-31,2025-05,22445428.67,"Gross Losses, dollars",,,,,0.7304036018477015,0.8329345358669119,0.8807061795217302,1.2852108176015231,28866683.1,23900110.01,20911638.74,16626216.93,16443248.33,0.0,0.9454809704835688,0.0,,,,,,
chase,2025-06-30,2025-06,21046694.47,"Gross Losses, dollars",,,,,0.7404658999426228,0.8570586755219709,0.8806704060343766,1.2799596556357546,30764196.34,21374794.48,20483796.63,18416261.38,15099535.54,0.0,0.9081762618382966,0.0,,,,,,
chase,2025-07-31,2025-07,19413070.2,"Gross Losses, dollars",,,,,0.7566936708739,0.8178378686333924,0.9003000114242006,1.2856733340289221,30688932.48,23279072.66,17481116.36,18441562.34,17897042.38,0.0,0.9718064926813066,0.0,,,,,,
chase,2025-08-31,2025-08,22062266.33,"Gross Losses, dollars",,,,,0.7455394476465022,0.7995066552621001,0.8884969323549541,1.2327325298539076,30184603.19,22879809.77,18611773.52,15531918.26,17727517.35,0.0,0.9612806671780066,0.0,,,,,,
chase,2025-09-30,2025-09,21284491.89,"Gross Losses, dollars",,,,,0.7569830922133782,0.7998451868247329,0.9306631504722932,1.2006470770708342,31429578.5,22849234.26,18300305.72,17321291.78,14801477.31,0.0,0.9529716202614114,0.0,,,,,,
chase,2025-10-31,2025-10,18124524.9,"Gross Losses, dollars",,,,,0.758485632888777,0.8247153653192051,0.9399603647714362,1.224507832590124,30706131.34,23838883.74,18844114.58,17201562.04,16886456.72,488.37,0.974895921994566,3.29946795020287e-05,,,,,,
chase,2025-11-30,2025-11,21149135.62,"Gross Losses, dollars",,,,,0.7442183060108021,0.8021779731201458,0.937984390031235,1.252431813889729,30706471.19,22852065.05,19123027.44,17675485.32,16969977.11,0.0,0.9865369825448713,0.0,,,,,,
chase,2025-12-31,2025-12,20029375.27,"Gross Losses, dollars",,,,,0.7483114050397011,0.7904974277149627,0.9497926349260104,1.1802829868401632,31749388.85,22978002.6,18064498.64,18162910.62,17179571.93,59440.22,0.9719434357234384,0.0035026694269948843,,,,,,
chase,2026-01-31,2026-01,21524677.27,"Gross Losses, dollars",,,,,0.7471628865700197,0.7947401150524719,0.9344804700320207,1.2529227944505599,31033217.54,23721965.02,18261540.43,16880921.18,17500901.26,0.0,0.9635515819104989,0.0,,,,,,
chase,2026-02-28,2026-02,19859156.91,"Gross Losses, dollars",,,,,0.7391212119863224,0.8321099501393666,0.9483258099930183,1.134750525985197,31308568.22,22937309.36,19739283.13,17317890.12,16501638.58,0.0,0.9775318777953088,0.0,,,,,,
chase,2026-03-31,2026-03,21400889.76,"Gross Losses, dollars",,,,,0.7151560340500298,0.7855802843825794,0.8816556622337682,1.2968948299436092,31777206.12,22390511.48,18019098.01,17403250.74,16954261.85,0.0,0.9790027383543649,0.0,,,,,,
chase,2026-04-30,2026-04,20418989.98,"Gross Losses, dollars",,,,,0.7223783917099128,0.817249298942768,0.9143944924910256,1.2043573563186414,28899331.96,22955167.05,18298629.81,16476563.98,17449455.58,27843.82,1.0026549545651147,0.0016422903129810985,,,,,,
chase,2026-05-31,2026-05,21154514.83,"Gross Losses, dollars",,,,,0.737326806013823,0.8292813403856278,0.9058517524050618,1.212330936802786,26879845.55,21308252.13,19036291.7,16575845.88,16145368.43,0.0,0.9798989916585751,0.0,,,,,,
chase,2026-06-30,2026-06,20248050.75,"Gross Losses, dollars",,,,,0.7243088690291972,0.8052381216121832,0.8944738648861953,1.2541089314739162,28334269.95,19469310.53,17158216.92,17027465.41,16125284.01,0.0,0.9728181672741276,0.0,,,,,,
chase,2026-07-31,2026-07,20157969.63,"Gross Losses, dollars",,,,,0.7099953228193198,0.8089350522059807,0.9242250155676432,1.2500846259513416,27904841.61,20117199.14,15749407.73,15858053.3,16436974.16,0.0,0.9653212480083376,0.0,,,,,,
citi,2018-12-26,2018-12,80410458.26485479,DERIVED: gross_co_rate (invested-amount basis) x days/365 x average_principal,170396940.0,140804989.0,122413385.0,,,,,,,,,,,,,,607868977.0,100747543.0,97107600.0,,,
citi,2019-01-28,2019-01,90475565.19473097,DERIVED: gross_co_rate (invested-amount basis) x days/365 x average_principal,180538166.0,133791981.0,125125058.0,,0.7851783077794707,0.8886407995103072,0.8578733771637799,0.9317042661411771,,,,,,,0.9631601139890826,,666472801.0,105015184.0,97036015.0,0.2970017764206447,,
citi,2019-02-25,2019-02,81606596.08765808,DERIVED: gross_co_rate (invested-amount basis) x days/365 x average_principal,170031715.0,134465615.0,118153601.0,,0.7448043700632253,0.8831142204255127,0.8536137981250725,0.8409928631926824,,,,,,,0.9477996153394351,,622819621.0,106808476.0,99533351.0,0.255121761525569,,
citi,2019-03-26,2019-03,87328974.48846439,DERIVED: gross_co_rate (invested-amount basis) x days/365 x average_principal,164666517.0,128061115.0,118430041.0,,0.753160167795755,0.8807459141134334,0.8339835702510666,0.8773840487744091,,,,,,,0.9417722803197753,,516700259.0,98538162.0,100589262.0,0.2643887755745576,,
citi,2019-04-25,2019-04,96393196.83661644,DERIVED: gross_co_rate (invested-amount basis) x days/365 x average_principal,167479485.0,130821450.0,113358525.0,,0.7944629690564233,0.8851908325177397,0.858479893627665,0.958285158077971,,,,,,,0.9612316190756633,,568037450.0,101669809.0,94717997.0,0.3241327676594023,,
citi,2019-05-28,2019-05,92512261.75117317,DERIVED: gross_co_rate (invested-amount basis) x days/365 x average_principal,158183135.0,129549992.0,114114045.0,,0.7735275278640844,0.8722884893876348,0.8596517024193814,0.9767126066989483,,,,,,,0.9439137433611191,,599815650.0,97448849.0,95967530.0,0.2784730742664942,,
citi,2019-06-25,2019-06,73817311.13969973,DERIVED: gross_co_rate (invested-amount basis) x days/365 x average_principal,147168038.0,119902265.0,112271836.0,,0.7579965146094746,0.8666294321345848,0.8524863963940635,0.769190487029308,,,,,,,0.9372498591543139,,513879628.0,97280671.0,91333920.0,0.2453554487949756,,
citi,2019-07-26,2019-07,92035593.00491917,DERIVED: gross_co_rate (invested-amount basis) x days/365 x average_principal,161281873.0,117318098.0,106894023.0,,0.7971710406304391,0.8915096224412441,0.86117055215878,1.0076825018012932,,,,,,,0.96401984110492,,627942742.0,96685199.0,93780497.0,0.3138514628955091,,
citi,2019-08-27,2019-08,85977808.06785753,DERIVED: gross_co_rate (invested-amount basis) x days/365 x average_principal,169581284.0,123165025.0,103627134.0,,0.7636631613274977,0.883300494694348,0.8613982373925622,0.9167983836538799,,,,,,,0.9653750311875554,,615098296.0,92078323.0,93337477.0,0.2700585143477938,,
citi,2019-09-25,2019-09,77569986.61910467,DERIVED: gross_co_rate (invested-amount basis) x days/365 x average_principal,163391742.0,129924538.0,108631252.0,,0.7661490403622607,0.8819975638376235,0.845327238327367,0.8310701029459439,,,,,,,0.9489912843004319,,592443035.0,87598839.0,87381526.0,0.2656351725611023,,
citi,2019-09-25,2019-09,77569986.61910467,DERIVED: gross_co_rate (invested-amount basis) x days/365 x average_principal,163391742.0,129924538.0,108631252.0,,,,,,,,,,,,,,592443035.0,87598839.0,87381526.0,,,
citi,2019-10-28,2019-10,87204862.63153727,DERIVED: gross_co_rate (invested-amount basis) x days/365 x average_principal,172764127.0,128367215.0,117069551.0,,0.7856407761415507,0.9010580510973224,0.8535469240472345,0.9979782526519081,,,,,,,0.9578789508842691,,637050536.0,92721871.0,83909084.0,0.2916130611612305,,
citi,2019-10-28,2019-10,87204862.63153727,DERIVED: gross_co_rate (invested-amount basis) x days/365 x average_principal,172764127.0,128367215.0,117069551.0,,,,,,,,,,,,,,637050536.0,92721871.0,83909084.0,,,
citi,2019-11-25,2019-11,73029334.00650522,DERIVED: gross_co_rate (invested-amount basis) x days/365 x average_principal,164383957.0,132472544.0,112268268.0,,0.7667827013648499,0.8745867704616012,0.8446917593456902,0.870338830137929,,,,,,,0.9377423585423551,,607615302.0,98887685.0,86949226.0,0.2580391157539188,,
citi,2019-12-26,2019-12,88496277.56517012,DERIVED: gross_co_rate (invested-amount basis) x days/365 x average_principal,160593952.0,128707894.0,118494866.0,,0.7829711387224971,0.8944862265195118,0.8500759626932162,1.0177925858151988,,,,,,,0.9728643157133267,,640090258.0,95436556.0,96204300.0,0.26430202049124824,,
citi,2020-01-28,2020-01,84391596.06225534,DERIVED: gross_co_rate (invested-amount basis) x days/365 x average_principal,158873477.0,125047346.0,115088210.0,,0.7786553879687823,0.8941814400288455,0.8621513019813027,0.8772123082050941,,,,,,,0.9748362671427497,,630963492.0,102160503.0,93035016.0,0.24820480395438232,,
citi,2020-02-25,2020-02,73603715.10783124,DERIVED: gross_co_rate (invested-amount basis) x days/365 x average_principal,123079832.0,102512288.0,93346668.0,,0.6452448195616692,0.746490597249461,0.7318924327696121,0.79113991991823,,,,,,,0.8304577552833702,,485634511.0,84232190.0,84839982.0,0.19506648730161397,,
citi,2020-03-26,2020-03,76349462.47823013,DERIVED: gross_co_rate (invested-amount basis) x days/365 x average_principal,131442309.0,94996738.0,87045081.0,,0.7718302540419457,0.8491185076271052,0.8453280196353661,0.8999231338619348,,,,,,,0.9575604409668085,,567913636.0,78908554.0,80657413.0,0.2706609724447693,,
citi,2020-04-27,2020-04,75289095.2006137,DERIVED: gross_co_rate (invested-amount basis) x days/365 x average_principal,152597271.0,96454581.0,82149489.0,,0.7338168488808272,0.8647611563251782,0.8650556715548349,0.933442970711368,,,,,,,0.9563772895901755,,593979405.0,75298841.0,75466349.0,0.2686980225986333,,
citi,2020-05-26,2020-05,68690348.68073425,DERIVED: gross_co_rate (invested-amount basis) x days/365 x average_principal,132831128.0,91932801.0,81134094.0,,0.6024537686522585,0.8411637182893367,0.8260281448616192,0.9102116319518021,,,,,,,0.9413935468143527,,344987390.0,67857790.0,70885843.0,0.2236291812171501,,
citi,2020-06-25,2020-06,59307499.05053425,DERIVED: gross_co_rate (invested-amount basis) x days/365 x average_principal,107545590.0,83704946.0,80597608.0,,0.6301606201823416,0.8767013201305592,0.8615015532187985,0.8366621110866136,,,,,,,0.9723678593128364,,369141519.0,69897148.0,65982734.0,0.3117377420664564,,
citi,2020-07-28,2020-07,59470738.27357315,DERIVED: gross_co_rate (invested-amount basis) x days/365 x average_principal,110978508.0,68766668.0,72701944.0,,0.6394187618478824,0.8685501571197477,0.837515078611266,0.9013075795491159,,,,,,,0.9655420990853589,,393493044.0,67501712.0,67488639.0,0.3006394628830684,,
citi,2020-08-26,2020-08,58543099.76478083,DERIVED: gross_co_rate (invested-amount basis) x days/365 x average_principal,102339388.0,72178187.0,58004810.0,,0.6503798645409794,0.8435018256228439,0.8158751848506279,0.8674511833729649,,,,,,,0.9460105693319304,,329900016.0,59315712.0,63857333.0,0.2600792810965167,,
citi,2020-09-25,2020-09,55216451.691863015,DERIVED: gross_co_rate (invested-amount basis) x days/365 x average_principal,118680222.0,73330755.0,63405835.0,,0.7165447872328492,0.8784625609950552,0.8126315559002779,0.864684588250233,,,,,,,0.9767941924055468,,371048535.0,47136539.0,57939243.0,0.35974603287075924,,
citi,2020-10-27,2020-10,46407301.97308493,DERIVED: gross_co_rate (invested-amount basis) x days/365 x average_principal,114279199.0,87898099.0,62347168.0,,0.7406297150337315,0.8502185474566571,0.8404434071406836,0.8009649344760152,,,,,,,0.9659024605094574,,360636291.0,53289016.0,45529299.0,0.30798989409835564,,
citi,2020-11-24,2020-11,36170701.47380603,DERIVED: gross_co_rate (invested-amount basis) x days/365 x average_principal,101554977.0,81711804.0,78653083.0,,0.7150190473421152,0.8948212065428173,0.8722061922684283,0.7944488992419152,,,,,,,0.9484517597397557,,307835828.0,54379586.0,50542061.0,0.28159943836600737,,
citi,2020-12-28,2020-12,51621806.63165315,DERIVED: gross_co_rate (invested-amount basis) x days/365 x average_principal,97986696.0,75677589.0,72859580.0,,0.7451883820524129,0.8916652972194813,0.8798838692693076,1.0213633083077707,,,,,,,0.9538966148068873,,445583987.0,69205579.0,51872503.0,0.31830828996292143,,
citi,2021-01-26,2021-01,41080138.31022083,DERIVED: gross_co_rate (invested-amount basis) x days/365 x average_principal,88410454.0,69158264.0,63949475.0,,0.7057923863459995,0.8450252689736191,0.8355525244586917,0.7919444008749844,,,,,,,0.9547376520034606,,224750879.0,60878006.0,66073172.0,0.19841479177751511,,
citi,2021-02-23,2021-02,52132844.326632336,DERIVED: gross_co_rate (invested-amount basis) x days/365 x average_principal,83513426.0,67249267.0,60006139.0,,0.760648361787623,0.8676640437359735,0.8530306464595683,0.7890168240542823,,,,,,,0.9763883692248396,,286297441.0,54550862.0,59440577.0,0.37158219968519013,,
citi,2021-03-26,2021-03,50829243.709755614,DERIVED: gross_co_rate (invested-amount basis) x days/365 x average_principal,82559277.0,62101872.0,55765494.0,,0.7436154277756489,0.8292357149409525,0.8390624832569215,0.8551270239142466,,,,,,,0.9620425613072805,,218171518.0,50348900.0,52480251.0,0.2883688960391371,,
citi,2021-04-27,2021-04,43893692.46001973,DERIVED: gross_co_rate (invested-amount basis) x days/365 x average_principal,65930156.0,61765563.0,50466945.0,,0.7481359484289088,0.8126477250154391,0.8252209332172329,0.8363849566958003,,,,,,,0.9639727978168341,,225320546.0,46018853.0,48534970.0,0.3021941480005653,,
citi,2021-05-25,2021-05,33220271.622911777,DERIVED: gross_co_rate (invested-amount basis) x days/365 x average_principal,54591696.0,47927608.0,49855631.0,,0.7269451629994627,0.8071752053810308,0.8258500886075034,0.6844605368646932,,,,,,,0.9413104885512901,,202104827.0,41678131.0,43318029.0,0.242284589528733,,
citi,2021-06-25,2021-06,37548623.10940713,DERIVED: gross_co_rate (invested-amount basis) x days/365 x average_principal,59992315.0,42222501.0,40536503.0,,0.7734235074872926,0.8457860655178118,0.850902859899617,0.8668128254267323,,,,,,,0.949738365187249,,237300902.0,42422299.0,39583320.0,0.2968376158576361,,
citi,2021-07-27,2021-07,32472703.001670137,DERIVED: gross_co_rate (invested-amount basis) x days/365 x average_principal,58267804.0,42480489.0,35853550.0,,0.7080988456604816,0.849157419642195,0.8444574757718988,0.8203632995329886,,,,,,,0.9581032135952839,,244226421.0,34231353.0,40644941.0,0.24554396341906867,,
citi,2021-08-26,2021-08,32328278.909063008,DERIVED: gross_co_rate (invested-amount basis) x days/365 x average_principal,56445505.0,41475843.0,35864730.0,,0.7118140748877373,0.8442635865137993,0.7971360994936345,0.7953826014672529,,,,,,,0.9502690997928127,,208097072.0,28580159.0,32528997.0,0.2311195683451464,,
citi,2021-09-27,2021-09,25509975.12380493,DERIVED: gross_co_rate (invested-amount basis) x days/365 x average_principal,59887787.0,42425946.0,34564196.0,,0.751626652999207,0.8333572870357331,0.821330315326506,0.7842226160187149,,,,,,,0.9649901877732731,,258438670.0,29456790.0,27579573.0,0.28778774455798206,,
citi,2021-10-26,2021-10,19015151.966520548,DERIVED: gross_co_rate (invested-amount basis) x days/365 x average_principal,58198435.0,43064355.0,34494992.0,,0.7190840930555674,0.8130635908507496,0.8225286073484828,0.6894650604822833,,,,,,,0.9448344507327513,,190845621.0,28430040.0,27831790.0,0.2251924412085854,,
citi,2021-11-24,2021-11,22747270.531524386,DERIVED: gross_co_rate (invested-amount basis) x days/365 x average_principal,62037270.0,44574541.0,36828128.0,,0.7659061794359247,0.8551881945056417,0.8311398941620279,0.8173125239707681,,,,,,,0.9463848450441856,,244749681.0,28670164.0,26905759.0,0.32506520021227,,
citi,2021-12-28,2021-12,22318443.55352548,DERIVED: gross_co_rate (invested-amount basis) x days/365 x average_principal,62081743.0,45722359.0,37872262.0,,0.7370143624953194,0.8496388555072277,0.8215166950652502,0.8295043285538045,,,,,,,0.941555374430366,,271693834.0,30254922.0,26994547.0,0.25365403029881783,,
citi,2022-01-26,2022-01,21418521.28946466,DERIVED: gross_co_rate (invested-amount basis) x days/365 x average_principal,56762813.0,44874471.0,37822963.0,,0.7228287872007717,0.827231224005743,0.8168246723683946,0.7934388115297752,,,,,,,0.95482176420749,,209595269.0,30934998.0,28888058.0,0.20892197722823552,,
citi,2022-02-23,2022-02,20208603.25107726,DERIVED: gross_co_rate (invested-amount basis) x days/365 x average_principal,60952004.0,42047734.0,37727696.0,,0.7407619844351265,0.8407385125498192,0.8130713873474165,0.6995486941724245,,,,,,,0.9482677192996748,,262593977.0,30752769.0,29334660.0,0.2908081097956462,,
citi,2022-03-28,2022-03,25886893.274563562,DERIVED: gross_co_rate (invested-amount basis) x days/365 x average_principal,65311175.0,44124509.0,35310042.0,,0.7239222027876229,0.83976087748272,0.820087449814057,0.8824678136567311,,,,,,,0.9345808502642478,,227060826.0,30940010.0,28740949.0,0.24871543417006856,,
citi,2022-04-26,2022-04,25699399.807563838,DERIVED: gross_co_rate (invested-amount basis) x days/365 x average_principal,57128998.0,46388741.0,35866890.0,,0.7102726447656162,0.8128564104815308,0.8320687072533077,0.8941736686413464,,,,,,,0.9262673800040788,,226295002.0,29380381.0,28658722.0,0.2516021764141737,,
citi,2022-05-25,2022-05,26318025.361640275,DERIVED: gross_co_rate (invested-amount basis) x days/365 x average_principal,54237287.0,40794668.0,38645636.0,,0.7140798793635414,0.8330822343292309,0.8043461811157867,0.9183251563569469,,,,,,,0.9210635151395756,,211024326.0,28849396.0,27061197.0,0.23967514315671895,,
citi,2022-06-27,2022-06,23913907.101082195,DERIVED: gross_co_rate (invested-amount basis) x days/365 x average_principal,59531952.0,40945440.0,34058541.0,,0.7549315658063797,0.8348772687646336,0.8313815044989815,0.8836973139466888,,,,,,,0.9429444554055828,,275392600.0,32129267.0,27203378.0,0.2821094284646596,,
citi,2022-07-26,2022-07,22780075.850036442,DERIVED: gross_co_rate (invested-amount basis) x days/365 x average_principal,58025152.0,43357559.0,33379672.0,,0.7283073634138522,0.8152231848039733,0.8327122996842408,0.8373987910632438,,,,,,,0.9294493708804499,,195677761.0,28360966.0,29862527.0,0.2106997501022177,,
citi,2022-08-26,2022-08,27182636.34920822,DERIVED: gross_co_rate (invested-amount basis) x days/365 x average_principal,64010741.0,44612363.0,36590545.0,,0.7688452586905761,0.8439253925711085,0.8451753210756535,0.9102590798564442,,,,,,,0.9462249981188934,,246850468.0,28211675.0,26835855.0,0.32712322888853984,,
citi,2022-09-27,2022-09,23772059.90680548,DERIVED: gross_co_rate (invested-amount basis) x days/365 x average_principal,66796102.0,47679666.0,37076415.0,,0.7448697711529382,0.8310793803950712,0.8303984266973886,0.8858320298274633,,,,,,,0.9526228059836929,,279028036.0,30384731.0,26875085.0,0.27059337801214944,,
citi,2022-10-26,2022-10,25249839.74915178,DERIVED: gross_co_rate (invested-amount basis) x days/365 x average_principal,68678308.0,50850049.0,39794406.0,,0.7612727012124151,0.8346200663402298,0.838874119841414,0.939525949374738,,,,,,,0.9491298112858066,,254020145.0,31102445.0,28839054.0,0.24613407664884254,,
citi,2022-11-25,2022-11,26249332.34866849,DERIVED: gross_co_rate (invested-amount basis) x days/365 x average_principal,77982708.0,53064276.0,43811016.0,,0.7726497280626075,0.8615727390941157,0.8452600599189746,0.9102008806762001,,,,,,,0.9579736898497851,,311998247.0,33636622.0,29795324.0,0.3069941874098214,,
citi,2022-12-27,2022-12,28970898.96938959,DERIVED: gross_co_rate (invested-amount basis) x days/365 x average_principal,79407397.0,58489542.0,44849064.0,,0.7500321994460618,0.8451837541324412,0.8423934747370387,0.9723303888015983,,,,,,,0.9635615312381843,,299901997.0,36906114.0,32410955.0,0.25451231782081135,,
citi,2023-01-26,2023-01,30232562.28287671,DERIVED: gross_co_rate (invested-amount basis) x days/365 x average_principal,77095827.0,59446824.0,50099830.0,,0.7486308108046912,0.8565604770849462,0.8399461134796481,0.9327883822885413,,,,,,,0.9533341819732091,,253626957.0,37670797.0,35183860.0,0.2570700687931731,,
citi,2023-02-23,2023-02,28521281.269408222,DERIVED: gross_co_rate (invested-amount basis) x days/365 x average_principal,80068857.0,59659655.0,50854955.0,,0.7738376682826167,0.85546967151685,0.8465460461642285,0.8106353671657465,,,,,,,0.953803207296092,,300123304.0,42411813.0,35930527.0,0.3156953738162777,,
citi,2023-03-28,2023-03,35488653.45111041,DERIVED: gross_co_rate (invested-amount basis) x days/365 x average_principal,84067570.0,59927048.0,50469983.0,,0.7484439049754388,0.8459650495799883,0.8404860057392638,0.9877020020082201,,,,,,,0.9538569360380798,,294539825.0,42742878.0,40454802.0,0.28011010434564587,,
citi,2023-04-25,2023-04,36244019.61267069,DERIVED: gross_co_rate (invested-amount basis) x days/365 x average_principal,78527775.0,61689852.0,50792881.0,,0.7338127175556519,0.84757855918416,0.840816728628579,0.8959139044277288,,,,,,,0.935652437816658,,222475063.0,42436006.0,39992478.0,0.2666117391765273,,
citi,2023-05-25,2023-05,40128677.19465205,DERIVED: gross_co_rate (invested-amount basis) x days/365 x average_principal,75189987.0,61599972.0,54396470.0,,0.7844354688516261,0.8817733911892024,0.8526974282084925,1.0034056202931974,,,,,,,0.9533954020083794,,279590273.0,43310959.0,40458293.0,0.33797040435044173,,
citi,2023-06-27,2023-06,38070774.915576994,DERIVED: gross_co_rate (invested-amount basis) x days/365 x average_principal,85445516.0,58289502.0,53887999.0,,0.7752295794385494,0.8748055762103268,0.8592514734871582,0.9409881656543689,,,,,,,0.9559332546757969,,287729409.0,46740247.0,41402386.0,0.3056097591778524,,
citi,2023-07-26,2023-07,31214458.031206854,DERIVED: gross_co_rate (invested-amount basis) x days/365 x average_principal,82331205.0,66756383.0,50818012.0,,0.781274268388759,0.8718210013185564,0.8453992325823789,0.7539289651375854,,,,,,,0.9535252562957145,,281347172.0,45556873.0,44568006.0,0.28614108403496563,,
citi,2023-08-28,2023-08,42049160.77683863,DERIVED: gross_co_rate (invested-amount basis) x days/365 x average_principal,94397239.0,66194060.0,58177897.0,,0.8039972207378722,0.8714956440944381,0.858305594480949,0.9434831070709924,,,,,,,0.9693081436910738,,315699516.0,43617384.0,44158648.0,0.33551870569361897,,
citi,2023-09-26,2023-09,40033713.12117452,DERIVED: gross_co_rate (invested-amount basis) x days/365 x average_principal,95543012.0,72235833.0,56988210.0,,0.7652324767676733,0.8609263429377197,0.8566241574527865,0.9065882886897833,,,,,,,0.9624888782876112,,314430936.0,49836592.0,41981247.0,0.302639082918328,,
citi,2023-10-26,2023-10,39853161.921846576,DERIVED: gross_co_rate (invested-amount basis) x days/365 x average_principal,95910223.0,74277943.0,65220754.0,,0.7774293634368571,0.9028864386460387,0.8614589579142774,0.9493086739859484,,,,,,,0.9737404194893583,,300981390.0,49093004.0,48527904.0,0.3050279473772899,,
citi,2023-11-27,2023-11,45331796.185819186,DERIVED: gross_co_rate (invested-amount basis) x days/365 x average_principal,102352058.0,75588649.0,65551482.0,,0.7881187910490001,0.8825161192199412,0.8606394062846927,0.9341387624287087,,,,,,,0.9699642539698732,,331774863.0,56131551.0,47618459.0,0.3400610848398301,,
citi,2023-12-26,2023-12,44455369.67896932,DERIVED: gross_co_rate (invested-amount basis) x days/365 x average_principal,93162644.0,79452065.0,65583913.0,,0.7762625056352067,0.8676423493162313,0.874877855545661,0.9335743031703173,,,,,,,0.9772777523998936,,251216816.0,57349540.0,54856116.0,0.28080079110755296,,
citi,2024-01-26,2024-01,53034152.373054795,DERIVED: gross_co_rate (invested-amount basis) x days/365 x average_principal,95950784.0,74545064.0,71259863.0,,0.8001604591642977,0.8968912639337946,0.8782353227383672,0.9667864996686021,,,,,,,0.9700408059070744,,285292939.0,57598109.0,55631394.0,0.3819441131679656,,
citi,2024-02-26,2024-02,44507773.06950137,DERIVED: gross_co_rate (invested-amount basis) x days/365 x average_principal,94039319.0,72877677.0,65522819.0,,0.7595318554145425,0.8789692500632906,0.8524236988780065,0.8000477764317998,,,,,,,0.9735988901996765,,299316721.0,60743596.0,56077455.0,0.3296237170454471,,
citi,2024-03-26,2024-03,52188206.94779453,DERIVED: gross_co_rate (invested-amount basis) x days/365 x average_principal,92395595.0,71783018.0,62814963.0,,0.7633298365335887,0.8619232333654103,0.8498647013340498,0.9306450684645822,,,,,,,0.9617707025445118,,234300079.0,55685531.0,58421411.0,0.30868838430179113,,
citi,2024-04-25,2024-04,51975475.50904109,DERIVED: gross_co_rate (invested-amount basis) x days/365 x average_principal,91919108.0,72432205.0,63479438.0,,0.7839356952027854,0.8843238939884083,0.8511028972507713,0.8896648440935652,,,,,,,0.9566529409587564,,256580082.0,53461997.0,53271727.0,0.3923136022502152,,
citi,2024-05-28,2024-05,49048593.0643726,DERIVED: gross_co_rate (invested-amount basis) x days/365 x average_principal,85500107.0,72584098.0,63897251.0,,0.7896518969701055,0.8821663098617528,0.8370579304750618,0.9207246662825967,,,,,,,0.9607727709834707,,284639174.0,53135967.0,51364831.0,0.33322971266335477,,
citi,2024-06-25,2024-06,42964949.90563616,DERIVED: gross_co_rate (invested-amount basis) x days/365 x average_principal,84426702.0,65725417.0,63624951.0,,0.7687173654648175,0.8765687354825296,0.8491969552805957,0.8364662955016081,,,,,,,0.9525766793704912,,242691054.0,54261351.0,50616083.0,0.296609566468177,,
citi,2024-07-26,2024-07,49087702.36013096,DERIVED: gross_co_rate (invested-amount basis) x days/365 x average_principal,93622765.0,67630206.0,59466575.0,,0.8010523258388087,0.9047728826125211,0.8572674892904829,0.9698044465457937,,,,,,,0.9621741080497609,,285464962.0,54543602.0,52208867.0,0.385769328769737,,
citi,2024-08-27,2024-08,46454341.088561095,DERIVED: gross_co_rate (invested-amount basis) x days/365 x average_principal,95234088.0,72300960.0,59063416.0,,0.7722583284097623,0.8733289382557847,0.8638902274092631,0.8897787628404404,,,,,,,0.9486486426033983,,277325173.0,51372593.0,51742714.0,0.33361042746815284,,
citi,2024-09-25,2024-09,44382708.67370247,DERIVED: gross_co_rate (invested-amount basis) x days/365 x average_principal,87523228.0,75280412.0,63367998.0,,0.7904775861349143,0.8764475326468694,0.8725053423933353,0.8577576482304826,,,,,,,0.9405092516937971,,261268782.0,51533146.0,48316399.0,0.31559784873910457,,
citi,2024-10-28,2024-10,46269802.42747726,DERIVED: gross_co_rate (invested-amount basis) x days/365 x average_principal,98847290.0,69286647.0,65956486.0,,0.791637244001101,0.8761440625484356,0.8619136744701955,0.957641781778424,,,,,,,0.9518238222832349,,290068811.0,54617744.0,49050476.0,0.3783356329192058,,
citi,2024-11-25,2024-11,39900868.49095891,DERIVED: gross_co_rate (invested-amount basis) x days/365 x average_principal,92825747.0,74973909.0,61197825.0,,0.7584821900529595,0.8832556870590086,0.8594480609533989,0.8134654695493456,,,,,,,0.9549448069477201,,272658160.0,56686174.0,52156931.0,0.32001285033019283,,
citi,2024-12-26,2024-12,53252042.597404934,DERIVED: gross_co_rate (invested-amount basis) x days/365 x average_principal,88312763.0,72488411.0,67070517.0,,0.7809084585120548,0.8945847681491437,0.848206680547879,1.0209964730747854,,,,,,,0.9746282223951117,,283702271.0,51908404.0,55247945.0,0.3238955437827351,,
citi,2025-01-28,2025-01,44661695.261853695,DERIVED: gross_co_rate (invested-amount basis) x days/365 x average_principal,88588052.0,68058858.0,63501994.0,,0.7706571019638464,0.8760296042356343,0.8551501250542023,0.808386542917636,,,,,,,0.9859321238233408,,305471404.0,57355361.0,51178163.0,0.31225711266865397,,
citi,2025-02-25,2025-02,37308982.08695672,DERIVED: gross_co_rate (invested-amount basis) x days/365 x average_principal,82671164.0,65749785.0,60451919.0,,0.742196983855114,0.8882299935153187,0.8478458172510299,0.7290019785774006,,,,,,,0.9715744095830903,,267119853.0,53839900.0,55725001.0,0.2706347072670671,,
citi,2025-03-26,2025-03,49314194.48063014,DERIVED: gross_co_rate (invested-amount basis) x days/365 x average_principal,86534425.0,64049083.0,56178546.0,,0.7747451457197336,0.8544293490845636,0.834046707433721,0.8849563678003368,,,,,,,0.9560378083911746,,237949089.0,50419724.0,51472980.0,0.32395355129219844,,
citi,2025-04-25,2025-04,46134072.21920548,DERIVED: gross_co_rate (invested-amount basis) x days/365 x average_principal,86954213.0,67851385.0,55813806.0,,0.7840970226589014,0.8714224058445926,0.8464583615247002,0.8962774686681337,,,,,,,0.957213549998806,,254889072.0,47552800.0,48262443.0,0.36543200633980993,,
citi,2025-05-27,2025-05,42706590.895184666,DERIVED: gross_co_rate (invested-amount basis) x days/365 x average_principal,79671604.0,66919632.0,60333606.0,,0.769596201163939,0.8892022764163178,0.8386020655892916,0.8848824933123395,,,,,,,0.9532667476993995,,270171362.0,46805573.0,45330503.0,0.31257363595407495,,
citi,2025-06-25,2025-06,35231871.854695894,DERIVED: gross_co_rate (invested-amount basis) x days/365 x average_principal,81650052.0,62104832.0,58233741.0,,0.7795102506032137,0.8702041427842879,0.8542749292989383,0.7772221688053162,,,,,,,0.9404503604731,,240578479.0,51541487.0,44018318.0,0.3022157914723767,,
citi,2025-07-28,2025-07,38731019.87946822,DERIVED: gross_co_rate (invested-amount basis) x days/365 x average_principal,85251166.0,64971880.0,53277583.0,,0.7957359292312515,0.8578653429092281,0.8684525351033175,0.8798841400407035,,,,,,,0.9441137777029988,,260271274.0,50573240.0,48661028.0,0.35435906966557884,,
citi,2025-08-26,2025-08,39172238.5510822,DERIVED: gross_co_rate (invested-amount basis) x days/365 x average_principal,80154136.0,64508285.0,55494588.0,,0.7566850757208412,0.854132403125783,0.831842878457906,0.8050022813139542,,,,,,,0.928120859964677,,202548247.0,44318578.0,46938079.0,0.3079638208556201,,
citi,2025-09-25,2025-09,42082647.23219178,DERIVED: gross_co_rate (invested-amount basis) x days/365 x average_principal,82982503.0,63523167.0,57482818.0,,0.7925126533707506,0.8910920201955455,0.8432700500452405,0.8965566578085093,,,,,,,0.9607346156277848,,254759840.0,46796924.0,42578392.0,0.4096925262453642,,
citi,2025-10-28,2025-10,35581811.59644658,DERIVED: gross_co_rate (invested-amount basis) x days/365 x average_principal,86384390.0,65703195.0,55276277.0,,0.7917716702278792,0.8701750811636958,0.8478651655526004,0.8356776741697193,,,,,,,0.9485025340554435,,263752224.0,48737679.0,44387001.0,0.33908166216464886,,
citi,2025-11-24,2025-11,31332219.392441098,DERIVED: gross_co_rate (invested-amount basis) x days/365 x average_principal,78646286.0,66692203.0,56819945.0,,0.7720399831497334,0.8647972902992008,0.8356044492649171,0.7058872797565462,,,,,,,0.9398383743304641,,235404008.0,46189103.0,45805541.0,0.29818245627380946,,
citi,2025-12-26,2025-12,44533997.99532713,DERIVED: gross_co_rate (invested-amount basis) x days/365 x average_principal,88468097.0,62985555.0,58680653.0,,0.8008713215014375,0.8798727641370612,0.8415463443338427,0.9722404107251376,,,,,,,0.9661651363959157,,283302798.0,47816617.0,44626301.0,0.3758138943836504,,
citi,2026-01-27,2026-01,35857110.6126378,DERIVED: gross_co_rate (invested-amount basis) x days/365 x average_principal,87041995.0,65982542.0,55370071.0,,0.7458343090617174,0.8790915790136326,0.8288259505223979,0.8034972607888295,,,,,,,0.9496128720273121,,258001265.0,48636048.0,45407275.0,0.30724015298994684,,
citi,2026-02-24,2026-02,32892525.15864,DERIVED: gross_co_rate (invested-amount basis) x days/365 x average_principal,78560707.0,66829984.0,55600451.0,,0.7677901224575563,0.8426539705002575,0.8252822901382951,0.7243888817076118,,,,,,,0.9478904207019452,,261038805.0,45695939.0,46101644.0,0.3044973713597877,,
citi,2026-03-26,2026-03,40349962.1647726,DERIVED: gross_co_rate (invested-amount basis) x days/365 x average_principal,82965802.0,59299706.0,55919574.0,,0.7548265317927956,0.8367437885365946,0.845759308678989,0.8752391165220181,,,,,,,0.9368100084342287,,221705771.0,47024599.0,42808413.0,0.31782938172736425,,
citi,2026-04-27,2026-04,35577212.74837041,DERIVED: gross_co_rate (invested-amount basis) x days/365 x average_principal,76622784.0,63807368.0,49881518.0,,0.7690803495155751,0.8411764807063293,0.8272541024722398,0.8310799269379692,,,,,,,0.9522452493427961,,232901496.0,46259697.0,44778951.0,0.34560572624877683,,
citi,2026-05-26,2026-05,34847743.58398356,DERIVED: gross_co_rate (invested-amount basis) x days/365 x average_principal,69438504.0,57056927.0,52986494.0,,0.744647009954637,0.830413409310348,0.8206780916330574,0.7782170597069941,,,,,,,0.9399595289177964,,191919524.0,40936669.0,43482243.0,0.2981453755883131,,
citi,2026-06-25,2026-06,35450562.26712328,DERIVED: gross_co_rate (invested-amount basis) x days/365 x average_principal,74558348.0,55824914.0,49227351.0,,0.8039475332014642,0.8627760657351911,0.8400516554275133,0.8152882607073255,,,,,,,0.953884767712781,,229166540.0,44511392.0,39048865.0,0.38848756210962676,,
citi,2026-07-28,2026-07,32733473.191265754,DERIVED: gross_co_rate (invested-amount basis) x days/365 x average_principal,76269089.0,57536794.0,48137590.0,,0.7717015672074709,0.8622958201064134,0.8284272497213998,0.8382695167008248,,,,,,,0.9489978880013458,,252230180.0,40781279.0,42241217.0,0.3328107541353986,,
comet,2018-12-31,2018-12,76270686.05,"Defaulted Amount (gross), dollars",,,,,,,,,162574638.88,118444424.37,104293414.98,89466335.19,,,,,,,,,82008522.99,
comet,2019-01-31,2019-01,80779108.91,"Defaulted Amount (gross), dollars",,,,,0.7109464935998633,0.8499350310954616,0.9098579349252027,0.9850087035447533,158146364.52,115581869.46,100670065.51,94892191.18,,,0.9054395218935313,,,,,,81006355.76,
comet,2019-02-28,2019-02,75730001.39,"Defaulted Amount (gross), dollars",,,,,0.7011801708914807,0.8429188843819208,0.9105337347862822,0.9348649334919791,147523007.64,110889094.9,97426140.46,91663490.73,,,0.8974583832557674,,,,,,85161792.48,
comet,2019-02-28,2019-02,75730001.39,"Defaulted Amount (gross), dollars",,,,,,,,,147523007.64,110889094.9,97426140.46,91663490.73,,,,,,,,,85161792.48,
comet,2019-03-31,2019-03,80713945.0,"Defaulted Amount (gross), dollars",,,,,0.6853787585915844,0.8273556473946836,0.8895505007260555,0.9477717958902219,143003723.54,101109135.84,91744718.9,86665472.03,,,0.8741065026206426,,,,,,80123653.3,
comet,2019-04-30,2019-04,78068302.45,"Defaulted Amount (gross), dollars",,,,,0.7041643994803634,0.8454407904867324,0.892415089518575,0.9743477641701593,128777468.89,100698131.11,85481787.73,81874371.53,,,0.8805541752958246,,,,,,76313643.25,
comet,2019-08-31,2019-08,71491728.8,"Defaulted Amount (gross), dollars",,,,,,,,,125551809.94,99992570.36,84710406.42,71498289.81,,,,,,,,,66795380.8,
comet,2019-09-30,2019-09,67725472.87,"Defaulted Amount (gross), dollars",,,,,0.7632307803112823,0.863570781600218,0.9132184065609161,1.0139244968568246,136127701.52,95825005.87,86350662.14,77359102.37,,,0.9130530211768711,,,,,,65281729.52,
comet,2019-10-31,2019-10,66354083.67,"Defaulted Amount (gross), dollars",,,,,0.7574411551703983,0.8557475836865295,0.916893542421654,1.0164265585162149,144437428.6,103108723.49,82002017.23,79174364.5,,,0.8953422471052387,,,,,,69262872.55,
comet,2019-11-30,2019-11,68469116.36,"Defaulted Amount (gross), dollars",,,,,0.7505638321090964,0.8598523177197371,0.9085777357284652,0.9885399470051289,133801549.91,108409509.91,88658274.87,74505207.14,,,0.9136781721816031,,,,,,72339888.64,
comet,2019-12-31,2019-12,71373290.07,"Defaulted Amount (gross), dollars",,,,,0.7410722624416273,0.8764253193181879,0.9130915697232086,0.98663809706965,130011434.2,99156617.31,95012839.34,80953123.37,,,0.9232982174083249,,,,,,68790524.94,
comet,2020-01-31,2020-01,66876952.05,"Defaulted Amount (gross), dollars",,,,,0.7307336520405834,0.8760913388000287,0.9097893871024274,0.9721826095720444,126365593.19,95003730.12,86870253.61,86441672.87,,,0.9138701491709967,,,,,,73980642.93,
comet,2020-02-29,2020-02,71377298.97,"Defaulted Amount (gross), dollars",,,,,0.7106314972540034,0.8536498773002071,0.9055538082479417,0.9648104712679603,117198103.3,89799370.69,81099922.56,78665688.98,,,0.9105330907740448,,,,,,78708003.57,
comet,2020-03-31,2020-03,76695395.18,"Defaulted Amount (gross), dollars",,,,,0.7338413600418736,0.8540757242582855,0.8976787874999421,0.974429431586204,120081903.26,86004815.52,76695462.56,72801680.15,,,0.9027301029303207,,,,,,71013885.51,
comet,2020-04-30,2020-04,67867245.94,"Defaulted Amount (gross), dollars",,,,,0.7045243725594826,0.8337623284980451,0.8806723655543462,0.955689798587955,117298305.29,84600627.55,71707575.25,67543574.44,,,0.8908640794603969,,,,,,64856401.77,
comet,2020-05-31,2020-05,61881578.07,"Defaulted Amount (gross), dollars",,,,,0.6570398234608629,0.8316129264930021,0.8662978630001856,0.9541321501222099,102064884.86,77069657.8,70354975.46,62120119.2,,,0.8856633526722784,,,,,,59820868.59,
comet,2020-06-30,2020-06,59483335.97,"Defaulted Amount (gross), dollars",,,,,0.6762318431522502,0.8245416425087592,0.8753027466410264,0.9943576108479236,80662390.25,69019525.21,63547142.23,61581903.26,,,0.8916750853562432,,,,,,55390962.59,
comet,2020-07-31,2020-07,55959458.66,"Defaulted Amount (gross), dollars",,,,,0.6767211709300915,0.858219222166104,0.8878243348190294,1.0102633361728692,72057801.34,54585947.18,59233883.24,56418699.28,,,0.8885931015961913,,,,,,54721254.42,
comet,2020-08-31,2020-08,57377385.53,"Defaulted Amount (gross), dollars",,,,,0.6879002018964461,0.8774903370651742,0.9011049164839458,1.0485392949805845,75233802.2,49568576.09,47898641.19,53375943.41,,,0.9080537092098661,,,,,,51231209.15,
comet,2020-09-30,2020-09,52938458.82,"Defaulted Amount (gross), dollars",,,,,0.6964864662921423,0.8764303693356305,0.9089118331625893,1.0333244071011742,77078272.34,52399325.04,43443405.45,43535641.77,,,0.9258631794176658,,,,,,49418820.67,
comet,2020-10-31,2020-10,51171144.86,"Defaulted Amount (gross), dollars",,,,,0.6972256942000887,0.8921133963904203,0.9145266067073478,1.035458640377142,80095170.91,53740951.94,46746139.83,39730150.17,,,0.903310148676832,,,,,,39326187.04,
comet,2020-11-30,2020-11,43867264.89,"Defaulted Amount (gross), dollars",,,,,0.7212954900229452,0.8844649765986262,0.9323484954800385,1.115472111379146,83244752.86,57772285.55,47531989.8,43583693.14,,,0.9250029164941361,,,,,,36750504.78,
comet,2020-12-31,2020-12,41168417.86,"Defaulted Amount (gross), dollars",,,,,0.7171971055089513,0.8832294494535539,0.9211289854311969,1.1202136707086612,90245539.82,59702895.8,51026183.96,43783093.54,,,0.9299309530702151,,,,,,40529825.3,
comet,2021-01-31,2021-01,45100938.77,"Defaulted Amount (gross), dollars",,,,,0.7146422616412469,0.8680523034194264,0.9042410376243233,1.1127839421010286,84026827.96,64493276.68,51825236.22,46139969.53,,,0.9142835362564927,,,,,,40030161.59,
comet,2021-02-28,2021-02,43756023.52,"Defaulted Amount (gross), dollars",,,,,0.7395315469909356,0.8688137708992583,0.9108222961033712,1.0930763649710262,71328624.62,62140490.07,56032646.91,47203580.65,,,0.918231589261303,,,,,,42367177.55,
comet,2021-03-31,2021-03,47771805.76,"Defaulted Amount (gross), dollars",,,,,0.6662025603768048,0.8204430984140773,0.875752001664631,1.1275663974457983,63921385.03,47519312.35,50982736.21,49070702.69,,,0.8702682884290899,,,,,,41079779.34,
comet,2021-04-30,2021-04,43244167.6,"Defaulted Amount (gross), dollars",,,,,0.7096722068633187,0.8532471800383702,0.8945560513296742,1.0526874363682985,51167055.78,45363230.38,40545719.26,45606915.19,,,0.8995506002606217,,,,,,44141580.06,
comet,2021-05-31,2021-05,46684172.07,"Defaulted Amount (gross), dollars",,,,,0.7445124981158336,0.85760165852633,0.906958522654162,1.0576008381789674,51370059.23,38094512.52,38903581.61,36773285.64,,,0.8890337257208384,,,,,,40546085.73,
comet,2021-06-30,2021-06,43044595.13,"Defaulted Amount (gross), dollars",,,,,0.7278116819488822,0.8721797907915583,0.9133496577823186,1.0616214698661124,53066256.77,37387729.21,33225263.96,35532572.95,,,0.9044357399987824,,,,,,33259073.81,
comet,2021-07-31,2021-07,36191584.76,"Defaulted Amount (gross), dollars",,,,,0.719449038877441,0.8768974538638475,0.9011184310241971,1.0881717562777795,54726414.37,38178467.43,32785204.55,29939897.73,,,0.9236548925455734,,,,,,32819834.85,
comet,2021-08-31,2021-08,37134524.31,"Defaulted Amount (gross), dollars",,,,,0.7272204820679173,0.879903192855848,0.9168989214069125,1.1314659101643834,58143437.7,39798169.44,33593355.39,30060718.69,,,0.9175778286801783,,,,,,27472186.35,
comet,2021-09-30,2021-09,32081130.08,"Defaulted Amount (gross), dollars",,,,,0.7281744044521811,0.860956869678577,0.9134221465455106,1.1677676349192352,60481399.65,42338563.12,34264507.38,30684914.79,,,0.918409938055942,,,,,,27608062.79,
comet,2021-10-31,2021-10,32841297.1,"Defaulted Amount (gross), dollars",,,,,0.72921791666903,0.8440228150567429,0.9115604127503436,1.1895545641795464,61951342.01,44104120.25,35734713.23,31234168.49,,,0.9181356944547019,,,,,,28172915.55,
comet,2021-11-30,2021-11,33296761.37,"Defaulted Amount (gross), dollars",,,,,0.7260399872005937,0.85929990928682,0.9218407215968584,1.1818713370615275,61513805.76,44979151.56,37898666.53,32941713.83,,,0.92298364239246,,,,,,28828626.6,
comet,2021-12-31,2021-12,33416181.04,"Defaulted Amount (gross), dollars",,,,,0.7387554947795185,0.8568505183693598,0.9188298865986512,1.1591319109180178,62927008.89,45443662.01,38540409.33,34822427.47,,,0.9120260440924364,,,,,,30043700.95,
comet,2022-01-31,2022-01,35195210.25,"Defaulted Amount (gross), dollars",,,,,0.7243397883359969,0.8659286844299809,0.9038564201985345,1.171467200681213,61969775.09,45580536.3,39350970.46,34834996.41,,,0.9342081541565777,,,,,,32531395.69,
comet,2022-02-28,2022-02,36134040.74,"Defaulted Amount (gross), dollars",,,,,0.7162226773542417,0.8621145771819276,0.9039380140867815,1.1107436362193166,64515289.74,44384158.23,39295644.78,35570838.09,,,0.9237389320000795,,,,,,32178442.38,
comet,2022-03-31,2022-03,36240972.47,"Defaulted Amount (gross), dollars",,,,,0.6894384453554188,0.8355310184734803,0.8955148830618068,1.1262500540587073,62609384.69,44479321.06,37084340.93,35189834.74,,,0.903378889715668,,,,,,32133944.22,
comet,2022-04-30,2022-04,35564273.04,"Defaulted Amount (gross), dollars",,,,,0.7126587501366484,0.8397542266801857,0.8845391965281989,1.1067509421350454,53531016.83,44619125.84,37351697.86,32802553.13,,,0.9064793445517612,,,,,,31898858.33,
comet,2022-05-31,2022-05,35174627.85,"Defaulted Amount (gross), dollars",,,,,0.7298992026264486,0.8575304159298159,0.8995085199588836,1.1026923749468247,59635558.29,39072246.5,38262257.54,33598170.46,,,0.914397593416839,,,,,,29994575.64,
comet,2022-06-30,2022-06,31863159.92,"Defaulted Amount (gross), dollars",,,,,0.7320094239365929,0.8810845409157623,0.9248611505216481,1.0622974067853823,60218887.11,43653790.67,34425952.37,35387275.53,,,0.914685547136783,,,,,,30731760.93,
comet,2022-07-31,2022-07,33306712.85,"Defaulted Amount (gross), dollars",,,,,0.7399251384139371,0.8734403944032106,0.9098859149441159,1.0837879718596393,65825379.04,44557468.38,38128984.14,31323689.17,,,0.9194066093734117,,,,,,32535295.01,
comet,2022-08-31,2022-08,35598718.47,"Defaulted Amount (gross), dollars",,,,,0.729013384652741,0.8622310018233581,0.91420858268898,1.094156928930825,69433058.77,47987582.37,38418830.6,34857844.55,,,0.9217146011540505,,,,,,28871501.67,
comet,2022-09-30,2022-09,31968418.67,"Defaulted Amount (gross), dollars",,,,,0.747717909302759,0.8604276435858297,0.9228720353086437,1.1072655324755056,74563145.75,51916341.54,41289842.42,35455664.39,,,0.9229824412651472,,,,,,32173178.46,
comet,2022-10-31,2022-10,35814210.54,"Defaulted Amount (gross), dollars",,,,,0.7440999145345206,0.8632164536376535,0.926382901172622,1.1131697971503434,81075491.92,55482430.38,44815040.23,38250204.01,,,0.9219227684030997,,,,,,32687384.27,
comet,2022-11-30,2022-11,34992450.19,"Defaulted Amount (gross), dollars",,,,,0.7561581275447905,0.8577188955867077,0.9291924734706414,1.0705185187337107,91978938.78,61305892.16,47588328.91,41641798.08,,,0.933313040648538,,,,,,35699414.21,
comet,2022-12-31,2022-12,38051234.44,"Defaulted Amount (gross), dollars",,,,,0.746451729066144,0.8623751914745809,0.9292765165936987,1.0658783983447329,99172200.09,68657837.89,52868680.49,44222716.52,,,0.9254329439849203,,,,,,38536691.79,
comet,2023-01-31,2023-01,41992828.0,"Defaulted Amount (gross), dollars",,,,,0.7394429684271412,0.8660449543323071,0.918721629135178,1.0896842995458382,97600176.45,73332186.02,59460774.08,48571600.27,,,0.9132415314589543,,,,,,40386021.36,
comet,2023-02-28,2023-02,41746034.45,"Defaulted Amount (gross), dollars",,,,,0.736176774299264,0.8518566636342039,0.9209778180203604,1.0336753422149927,101305082.24,71850983.07,62468511.32,54762053.97,,,0.9167763677225041,,,,,,44529295.27,
comet,2023-03-31,2023-03,46009717.59,"Defaulted Amount (gross), dollars",,,,,0.7189117324584091,0.8594407653384388,0.9010794072177355,1.0332460307539917,104996300.04,72829412.18,61751663.88,56289089.15,,,0.9084470859557864,,,,,,49748428.35,
comet,2023-04-30,2023-04,49679927.1,"Defaulted Amount (gross), dollars",,,,,0.7500618326550319,0.8654651770937855,0.9118517387551242,0.9986230469529999,94364520.28,78753717.23,63031320.11,56308362.08,,,0.9178359676832681,,,,,,51664150.61,
comet,2023-05-31,2023-05,52130861.6,"Defaulted Amount (gross), dollars",,,,,0.7497628041775279,0.8487825983474533,0.9195972278360077,1.009033555850421,103441763.31,70751007.34,66844784.74,57963427.24,,,0.9248416151052782,,,,,,52076316.53,
comet,2023-06-30,2023-06,51841305.81,"Defaulted Amount (gross), dollars",,,,,0.7616719201110456,0.8799635784804078,0.9258921416342644,0.995487186197883,114795933.25,78788686.48,62258309.6,61891060.9,,,0.9237446614103972,,,,,,53543406.47,
comet,2023-07-31,2023-07,54220237.98,"Defaulted Amount (gross), dollars",,,,,0.7733611443940241,0.8720948580281496,0.9225838441331533,1.012640800326726,127250812.75,88778714.31,68711208.35,57438510.6,,,0.9137266360867956,,,,,,56551510.88,
comet,2023-08-31,2023-08,56767583.9,"Defaulted Amount (gross), dollars",,,,,0.7565657174947985,0.8759492492587326,0.9266760917034579,1.003820817810836,125920068.46,96273602.45,77765648.15,63673034.01,,,0.9165042305257824,,,,,,52642637.96,
comet,2023-09-30,2023-09,52999016.27,"Defaulted Amount (gross), dollars",,,,,0.7715367542931528,0.8661717198471781,0.9213904498267851,1.0067697654184957,133860657.4,97151960.92,83389471.81,71652525.53,,,0.9141778926516714,,,,,,58208480.05,
comet,2023-10-31,2023-10,58733173.43,"Defaulted Amount (gross), dollars",,,,,0.7767249620574477,0.8717839131393622,0.9182476672171164,1.0090140367786498,142265681.14,103972914.04,84695516.66,76572187.96,,,0.9291801913126508,,,,,,66578107.38,
comet,2023-11-30,2023-11,64547016.34,"Defaulted Amount (gross), dollars",,,,,0.7733804516194369,0.875347557201158,0.9255673943721593,0.9694931093729148,138660168.35,110025496.73,91012436.32,78391408.67,,,0.9325187226895064,,,,,,71404998.91,
comet,2023-12-31,2023-12,67980105.0,"Defaulted Amount (gross), dollars",,,,,0.7785886749934846,0.8910705316840245,0.9323676864515784,0.9520356562946414,146775407.92,107959236.75,98040477.87,84857054.69,,,0.9350762814911922,,,,,,73301946.92,
comet,2024-01-31,2024-01,70678440.99,"Defaulted Amount (gross), dollars",,,,,0.7675820079573996,0.8826200157440441,0.9298525668232751,0.9642096009692179,135778619.74,112662162.33,95286983.24,91163190.0,,,0.9318872721765451,,,,,,79077209.22,
comet,2024-02-29,2024-02,72849204.04,"Defaulted Amount (gross), dollars",,,,,0.7678064536200888,0.8678345818857497,0.9239040215835466,0.9212414646213283,135799847.46,104251700.5,97772120.54,88036027.02,,,0.9239354470812177,,,,,,84228902.71,
comet,2024-03-31,2024-03,77053090.07,"Defaulted Amount (gross), dollars",,,,,0.7578467325621545,0.8605599858776404,0.9209010016629837,0.9148058159476883,133181363.14,102915470.68,89714841.91,90038443.74,,,0.9169426090941286,,,,,,80723984.31,
comet,2024-04-30,2024-04,77222689.86,"Defaulted Amount (gross), dollars",,,,,0.7710911668778103,0.880846201752026,0.9164406966517276,0.9566263424689969,118481058.25,102694972.71,90652701.45,82218332.22,,,0.9130303570926647,,,,,,82207832.44,
comet,2024-05-31,2024-05,76209468.2,"Defaulted Amount (gross), dollars",,,,,0.7860806099780089,0.8827236008523012,0.9212306814271998,0.9270341515891695,126770289.12,93135662.54,90651276.1,83512049.93,,,0.9290900388930318,,,,,,76388233.48,
comet,2024-06-30,2024-06,71700456.93,"Defaulted Amount (gross), dollars",,,,,0.7906434698206201,0.8886174458087448,0.9381193117037654,0.9386322168161232,125815147.83,100230101.26,82761974.56,85041712.74,,,0.9199617653308392,,,,,,76827892.88,
comet,2024-07-31,2024-07,72467110.71,"Defaulted Amount (gross), dollars",,,,,0.7809587261524581,0.8892381013244522,0.9341549606691743,0.9432395968894884,136640028.34,98256437.58,89128424.94,77312509.09,,,0.9260984206748704,,,,,,78756995.86,
comet,2024-08-31,2024-08,74466380.2,"Defaulted Amount (gross), dollars",,,,,0.77366969536154,0.8831394684887578,0.9328870123753811,0.945520831347769,133078130.22,105714249.1,86774138.06,83146750.06,,,0.9282632358556143,,,,,,71766359.86,
comet,2024-09-30,2024-09,68633042.16,"Defaulted Amount (gross), dollars",,,,,0.7743101476527493,0.8831085265685343,0.9359160252775434,0.9563400218972733,141689346.6,103043746.66,93357154.76,81213306.39,,,0.9215652280420593,,,,,,76625153.68,
comet,2024-10-31,2024-10,72252077.38,"Defaulted Amount (gross), dollars",,,,,0.7720587672609114,0.8799320007178784,0.9313414692588046,0.9429289718848364,141292228.79,109392502.27,90671490.16,86947389.68,,,0.9303836458418573,,,,,,75559532.09,
comet,2024-11-30,2024-11,70290205.71,"Defaulted Amount (gross), dollars",,,,,0.7715180057214526,0.87862612277367,0.9289679942544797,0.930262585880976,133639476.8,109009498.58,96115110.13,84230912.35,,,0.9335445985064561,,,,,,81169265.99,
comet,2024-12-31,2024-12,76433366.83,"Defaulted Amount (gross), dollars",,,,,0.7859904885530051,0.8767198727169854,0.932784828407708,0.9416540349079483,136432460.23,105039357.66,95570793.72,89654716.51,,,0.935968207638677,,,,,,78837456.06,
comet,2025-01-31,2025-01,72458889.51,"Defaulted Amount (gross), dollars",,,,,0.7707433866744691,0.8661878360347924,0.9401804614414999,0.9190921819554206,127522133.09,105154416.45,90983813.91,89853792.94,,,0.920986501929211,,,,,,82570783.74,
comet,2025-02-28,2025-02,75924476.54,"Defaulted Amount (gross), dollars",,,,,0.7634315601613342,0.8642184536605834,0.9309150482940004,0.9195077617171714,129335596.36,97354421.02,90876387.18,84698201.52,,,0.9136805102353422,,,,,,82097659.38,
comet,2025-03-31,2025-03,77272927.75,"Defaulted Amount (gross), dollars",,,,,0.7395453370297508,0.8511115203795191,0.9168838716592121,0.9412318004382064,129426787.96,95649537.2,82859469.29,83323093.72,,,0.9057413884034501,,,,,,76714666.64,
comet,2025-04-30,2025-04,73303016.04,"Defaulted Amount (gross), dollars",,,,,0.7569153222768429,0.8495641697678804,0.9084543880742009,0.9555280528557871,108722912.08,97965118.92,81260419.66,75274048.47,,,0.9121946466055918,,,,,,76006880.03,
comet,2025-05-31,2025-05,72002278.11,"Defaulted Amount (gross), dollars",,,,,0.7795545819048301,0.8691294102294752,0.9217525742962673,0.9473126390871539,115323112.8,84755444.27,85144366.03,74902001.01,,,0.906184848383511,,,,,,68212202.2,
comet,2025-06-30,2025-06,66266653.39,"Defaulted Amount (gross), dollars",,,,,0.78753094063205,0.8816357157182535,0.927486925584429,0.9714779944459849,116302867.59,90820519.5,74723426.77,78970286.28,,,0.9178834315897804,,,,,,68751305.72,
comet,2025-07-31,2025-07,65551372.22,"Defaulted Amount (gross), dollars",,,,,0.7718997176103937,0.8809130852857543,0.9311284491028436,0.9534563966969266,122122680.52,89774150.65,80004984.04,69577108.48,,,0.9332721060258514,,,,,,73700765.39,
comet,2025-08-31,2025-08,69393319.78,"Defaulted Amount (gross), dollars",,,,,0.766431522395804,0.8770355790606413,0.9194877352043528,0.9415549406141656,121550497.93,93598671.95,78735124.2,73563601.58,,,0.9348867028398821,,,,,,65046713.54,
comet,2025-09-30,2025-09,63712847.05,"Defaulted Amount (gross), dollars",,,,,0.7621363011885771,0.8774544278135988,0.9269362387060284,0.9794937143260934,128236321.07,92638046.9,82128569.14,72982439.88,,,0.9253927130792879,,,,,,68075220.85,
comet,2025-10-31,2025-10,66127954.88,"Defaulted Amount (gross), dollars",,,,,0.7527728261738412,0.8882274713630648,0.9123558639171003,0.9713953778528213,124513842.43,96532817.83,82283658.15,74930481.65,,,0.9108046383389834,,,,,,66472744.76,
comet,2025-11-30,2025-11,64108815.4,"Defaulted Amount (gross), dollars",,,,,0.7697292903307601,0.8823086302110487,0.9215361109950846,0.9644376147166035,122261298.14,95841951.57,85171738.27,75827362.33,,,0.9282665031421161,,,,,,69555456.18,
comet,2025-12-31,2025-12,67037460.08,"Defaulted Amount (gross), dollars",,,,,0.7660231740935448,0.8849317703850675,0.9200357176178601,0.9637987263934582,126702207.43,93654987.67,84813587.88,78361041.34,,,0.9289976630524319,,,,,,70443442.4,
comet,2026-01-31,2026-01,66601030.83,"Defaulted Amount (gross), dollars",,,,,0.7592051781982122,0.8839733790976645,0.9131184679932917,0.9454539494509426,118790190.85,96192971.97,82788515.92,77444853.43,,,0.9132615459956827,,,,,,71564125.76,
comet,2026-02-28,2026-02,68204375.0,"Defaulted Amount (gross), dollars",,,,,0.74869650182063,0.8795439509487899,0.8998069267479628,0.9530525843176316,115546448.19,88937800.34,84605946.62,74493680.08,,,0.9053058152324015,,,,,,70111276.17,
comet,2026-03-31,2026-03,67201157.21,"Defaulted Amount (gross), dollars",,,,,0.7309585055450418,0.8713024802025365,0.8909010330980917,0.9584928542315534,110962171.05,84459659.09,77491726.02,75375525.25,,,0.8973612382716373,,,,,,66847741.0,
comet,2026-04-30,2026-04,64772092.59,"Defaulted Amount (gross), dollars",,,,,0.7410979489842994,0.8767968575517016,0.899104415250964,0.9689496102792764,95556414.7,82233837.38,74053963.68,69673153.01,,,0.8926216914156762,,,,,,67281828.84,
comet,2026-05-31,2026-05,64681718.03,"Defaulted Amount (gross), dollars",,,,,0.7676512649652604,0.8894029883589994,0.9181680937945981,0.9613549326047124,102671666.73,73354002.62,73139020.71,67993986.67,,,0.8948429457620722,,,,,,62346529.48,
comet,2026-06-30,2026-06,61016900.52,"Defaulted Amount (gross), dollars",,,,,0.7570972336936562,0.8957467631368906,0.9447332136695217,0.9786735689846775,104490395.2,77732434.86,65706610.41,69096862.08,,,0.890716422526251,,,,,,60563360.56,
comet,2026-07-31,2026-07,57730080.66,"Defaulted Amount (gross), dollars",,,,,0.7499523852887102,0.8957985582905231,0.9364312127206563,0.9532179213008981,110110539.56,78362821.12,69632603.08,61529720.87,,,0.9075706219103605,,,,,,62710282.09,
synchrony,2018-12-31,2018-12,20279675.49,"Default Amount for Defaulted Accounts, dollars",,,,,,,,,48901359.41,38758683.72,34553036.97,31360821.42,25083875.97,0.0,,,,,,,,155458833.29
synchrony,2019-01-31,2019-01,25865087.3,"Default Amount for Defaulted Accounts, dollars",,,,,0.8086548997227561,0.884881086204235,0.937153108657702,1.0311439639924198,47370359.82,39544323.89,34296826.15,32381486.01,27567025.96,0.0,0.8790275481247264,0.0,,,,0.30471320810463803,,138833837.03
synchrony,2019-02-28,2019-02,27523256.92,"Default Amount for Defaulted Accounts, dollars",,,,,0.8081958772421247,0.8720085715947741,0.9245486008331415,0.9984122683359639,45835259.27,38284529.51,34482989.39,31709082.63,27865379.58,0.0,0.8605343056644977,0.0,,,,0.3301447273267803,,146324846.32
synchrony,2019-03-31,2019-03,28971194.45,"Default Amount for Defaulted Accounts, dollars",,,,,0.7780304869648881,0.8305340286784683,0.9109005981108182,1.0396841847004188,44372440.08,35661229.09,31796604.53,31410575.66,27242798.14,0.0,0.8591481014409909,0.0,,,,0.303246107519985,,113264868.28
synchrony,2019-04-30,2019-04,29353053.13,"Default Amount for Defaulted Accounts, dollars",,,,,0.8419852224182665,0.8366850992347554,0.9162497983868845,1.077461022144475,39092611.15,37360938.83,29837219.0,29133632.49,26914440.75,2460.15,0.8568592005868383,9.030460040695364e-05,,,,0.34514330651371855,,125995056.49
synchrony,2019-05-31,2019-05,29058922.78,"Default Amount for Defaulted Accounts, dollars",,,,,0.830544798233566,0.8566080835287191,0.9128201354824657,1.0796777480877064,40797000.49,32468164.84,32003682.21,27236014.29,25370203.64,0.0,0.8708218464933345,0.0,,,,0.32379842214871335,,123122780.15
synchrony,2019-06-30,2019-06,27108958.38,"Default Amount for Defaulted Accounts, dollars",,,,,0.8557684516183409,0.8458852844114119,0.9150090107709515,1.0685353087690075,42473712.66,34912785.94,27464342.85,29283657.6,23475474.51,0.0,0.8619276763494459,0.0,,,,0.34497038328938345,,131487763.77
synchrony,2019-07-31,2019-07,25854319.37,"Default Amount for Defaulted Accounts, dollars",,,,,0.8444605913572143,0.8481114732833608,0.9001628582567741,1.1013331960121473,45003356.22,35867376.51,29609934.32,24722381.36,24703907.55,0.0,0.8436073077838473,0.0,,,,0.34226269372654644,,132210087.09
synchrony,2019-08-31,2019-08,25978910.1,"Default Amount for Defaulted Accounts, dollars",,,,,0.8428298686119637,0.8634019770407791,0.9170683094578373,1.0516113714973807,46787907.94,37930172.81,30967963.79,27154332.41,21415174.74,0.0,0.8662262113086342,0.0,,,,0.3538906067594513,,156364930.98
synchrony,2019-09-30,2019-09,23698253.52,"Default Amount for Defaulted Accounts, dollars",,,,,0.8337235868725615,0.8503645892036735,0.899397136630403,1.1066103269162493,50524850.97,39008182.43,32254475.82,27852497.96,23269445.27,0.0,0.8569330638904115,0.0,,,,0.3231213716102521,,154425196.53
synchrony,2019-10-31,2019-10,25602569.06,"Default Amount for Defaulted Accounts, dollars",,,,,0.8251944259025293,0.8532690024645171,0.9004457319994977,1.1002655526562108,52263188.81,41692825.39,33284472.91,29043405.09,23939134.23,0.0,0.8594968488779668,0.0,,,,0.3384369259963797,,146370511.7
synchrony,2019-11-30,2019-11,25474264.87,"Default Amount for Defaulted Accounts, dollars",,,,,0.8338893167892791,0.8565791211301738,0.8953579175065267,1.0641264059615074,51880412.64,43581714.81,35713203.73,29801516.35,26667796.67,0.0,0.9182048932403608,0.0,,,,0.3544457967485537,,155610096.08
synchrony,2019-12-31,2019-12,29436516.74,"Default Amount for Defaulted Accounts, dollars",,,,,0.8187096308338074,0.8411756542812363,0.9011729267784736,1.1038226031292144,50942268.79,42474993.48,36659877.47,32183772.33,26075861.38,0.0,0.8749843824641492,0.0,,,,0.32737123151578995,,194181011.84
synchrony,2020-01-31,2020-01,28373070.32,"Default Amount for Defaulted Accounts, dollars",,,,,0.8164704146071465,0.8408795193062854,0.911468257015972,1.0880971449618897,55802503.42,41592855.32,35716352.1,33414314.62,28358318.9,0.0,0.8811371957651429,0.0,,,,0.2873736360277069,,182002794.9
synchrony,2020-02-29,2020-02,27865157.08,"Default Amount for Defaulted Accounts, dollars",,,,,0.7909578019788418,0.841014756762316,0.9101074345159678,0.9826096242961708,59199504.65,44137425.45,34980205.1,32505717.58,31245239.65,0.0,0.9350854567969588,0.0,,,,0.3252670085782292,,196540097.73
synchrony,2020-03-31,2020-03,32942249.33,"Default Amount for Defaulted Accounts, dollars",,,,,0.7723002244749356,0.8190449819270099,0.8872769856915448,1.0543125832609832,57080772.47,45719790.73,36150536.83,31037130.94,28547535.7,0.0,0.8782312105475446,0.0,,,,0.2904281270299132,,184421749.49
synchrony,2020-04-30,2020-04,30935468.03,"Default Amount for Defaulted Accounts, dollars",,,,,0.7542584997886593,0.8386169461366649,0.8857367706757787,1.083647581882173,45925647.11,43053657.81,38341391.28,32019859.75,26377986.64,0.0,0.8498848263711324,0.0,,,,0.24902511356172904,,138097865.94
synchrony,2020-05-31,2020-05,27719813.41,"Default Amount for Defaulted Accounts, dollars",,,,,0.785389064058416,0.8580361458026834,0.8804467522702791,1.0508691883240715,37602465.5,36069501.0,36941594.61,33757553.43,26944682.55,0.0,0.8414990808946313,0.0,,,,0.27228853425104566,,118950830.89
synchrony,2020-06-30,2020-06,28633723.07,"Default Amount for Defaulted Accounts, dollars",,,,,0.8319119010959534,0.858046490302153,0.9037798658253426,1.0626854859717023,31112526.04,31281938.56,30949308.74,33387069.42,28616307.67,0.0,0.8477008776521398,0.0,,,,0.26155787065305464,,120502753.38
synchrony,2020-07-31,2020-07,30515778.15,"Default Amount for Defaulted Accounts, dollars",,,,,0.8167054782800915,0.8737412509642114,0.8944628176532256,1.0663772035828127,31924512.36,25409770.46,27332320.13,27683005.9,27823537.81,0.0,0.8333626848163183,0.0,,,,0.26492765903304705,,134393834.07
synchrony,2020-08-31,2020-08,28732485.7,"Default Amount for Defaulted Accounts, dollars",,,,,0.8372433341688168,0.8563189621981339,0.8977060173925309,1.0326683075389973,35582509.18,26728585.17,21758868.27,24536388.25,23046284.24,0.0,0.8325065682263934,0.0,,,,0.26476295900202235,,159557951.76
synchrony,2020-09-30,2020-09,26752893.02,"Default Amount for Defaulted Accounts, dollars",,,,,0.7976969922614098,0.8601496133736434,0.878374686718024,1.1608332493602882,45836953.33,28384060.55,22990582.2,19112439.1,20952017.13,0.0,0.8539161068255431,0.0,,,,0.28727464112190354,,164422544.36
synchrony,2020-10-31,2020-10,23119832.56,"Default Amount for Defaulted Accounts, dollars",,,,,0.8068796506550013,0.9012308589512221,0.8930304879360559,1.1034657148545393,51491220.0,36984904.89,25580591.27,20531290.84,17492740.28,0.0,0.9152542063561108,0.0,,,,0.31316398977053267,,161780594.0
synchrony,2020-11-30,2020-11,21327950.69,"Default Amount for Defaulted Accounts, dollars",,,,,0.8173901704018667,0.904280800220276,0.8899666692497057,1.2192458327632587,49832585.45,42088417.09,33444739.39,22765873.61,18060547.59,0.0,0.8796596244603196,0.0,,,,0.30802572927875393,,168293009.83
synchrony,2020-12-31,2020-12,22227398.06,"Default Amount for Defaulted Accounts, dollars",,,,,0.7975742101496761,0.903850210110147,0.9118165680524981,1.2307156219508624,52868719.9,39745184.98,38041624.63,30495467.49,19990014.92,0.0,0.8780693094606002,0.0,,,,0.3141468558522125,,173510621.25
synchrony,2021-01-31,2021-01,23718076.72,"Default Amount for Defaulted Accounts, dollars",,,,,0.7508745268485307,0.8824221879366885,0.9016940231556035,1.186496198973322,45684867.26,39697775.04,35072033.09,34301905.56,27314708.12,0.0,0.89569730744272,0.0,,,,0.2632972375459119,,127293210.62
synchrony,2021-02-28,2021-02,28401202.49,"Default Amount for Defaulted Accounts, dollars",,,,,0.7852368160738747,0.8972162186447817,0.8987617806219399,1.0397768984104376,40003700.41,35873439.71,35617487.61,31521402.91,30371909.41,0.0,0.8854292178279788,0.0,,,,0.3142642110695157,,155062441.56
synchrony,2021-03-31,2021-03,32449462.48,"Default Amount for Defaulted Accounts, dollars",,,,,0.7187584434767045,0.8514393597858865,0.8569581763939582,1.0684037688231733,36598060.13,28752997.44,30544058.54,30522697.23,26590848.85,0.0,0.8435807545090004,0.0,,,,0.23602143602155726,,100178858.8
synchrony,2021-04-30,2021-04,29049925.93,"Default Amount for Defaulted Accounts, dollars",,,,,0.7443032104226448,0.8405715978111254,0.8592442744840287,1.0924783219171281,28721395.09,27240053.65,24168953.0,26244807.42,26954843.08,0.0,0.8831081629806541,0.0,,,,0.2867011606444852,,109992588.32
synchrony,2021-05-31,2021-05,28543076.05,"Default Amount for Defaulted Accounts, dollars",,,,,0.7842882509506957,0.884818545135281,0.8604507079806063,1.0589219890943622,27669170.09,22525852.72,24102504.64,20796192.72,22461929.52,0.0,0.8558618533768612,0.0,,,,0.2515548594010939,,123376599.38
synchrony,2021-06-30,2021-06,24591567.6,"Default Amount for Defaulted Accounts, dollars",,,,,0.7665764170377399,0.865000383434985,0.8715469086618544,1.0948110035740155,29403992.29,21210533.27,19484871.24,21006463.41,17627744.9,0.0,0.8476428900876237,0.0,,,,0.2383271417575361,,128793960.15
synchrony,2021-07-31,2021-07,19127323.84,"Default Amount for Defaulted Accounts, dollars",,,,,0.7571001362822083,0.8775253560609795,0.8743354251695841,1.0850692444499808,32100414.77,22261766.57,18612780.76,17036313.18,19463391.71,0.0,0.9265430039372821,0.0,,,,0.24923851035106165,,162648933.52
synchrony,2021-08-31,2021-08,21468701.38,"Default Amount for Defaulted Accounts, dollars",,,,,0.7330933381581349,0.8713826218149946,0.8670791327797276,1.103029816173802,35887344.77,23532600.22,19398516.52,16138753.8,14554236.05,0.0,0.8543066739983469,0.0,,,,0.22064297621470197,,160834662.95
synchrony,2021-09-30,2021-09,17260277.83,"Default Amount for Defaulted Accounts, dollars",,,,,0.5945177595817991,0.6884046177877067,0.7048480694852639,1.1859281222802482,32816669.75,21335663.81,16199950.66,13673006.92,11342976.27,0.0,0.7028409015075252,0.0,,,,0.2040397831417845,,134209182.36
synchrony,2021-10-31,2021-10,14581731.63,"Default Amount for Defaulted Accounts, dollars",,,,,0.732636700285531,0.8678251131479561,0.8774628903715438,1.2855295896691497,34047229.48,24042696.64,18515624.86,14214855.53,12075302.27,0.0,0.883148991341255,0.0,,,,0.25368777963844824,,140358124.52
synchrony,2021-11-30,2021-11,15735651.17,"Default Amount for Defaulted Accounts, dollars",,,,,0.7376554481401523,0.8768062071260239,0.8778300485614828,1.3031268963836877,36581910.75,25115124.32,21080785.65,16253571.87,12557442.16,0.0,0.8834027284693762,0.0,,,,0.2606326557518752,,165074440.44
synchrony,2021-12-31,2021-12,16117073.9,"Default Amount for Defaulted Accounts, dollars",,,,,0.7281054344598443,0.8822189035455271,0.8728043567958769,1.2834678985294248,38831973.53,26635488.02,22157037.44,18399401.56,14572934.46,0.0,0.8965988877126737,0.0,,,,0.2352391649882003,,160269251.98
synchrony,2022-01-31,2022-01,17024574.52,"Default Amount for Defaulted Accounts, dollars",,,,,0.7162168082575946,0.8394835804476468,0.8519256151060599,1.1682324220100828,37182147.59,27812112.14,22360054.85,18876147.75,15711952.14,0.0,0.8539382158035798,0.0,,,,0.2319980104146238,,142626265.1
synchrony,2022-02-28,2022-02,16639217.94,"Default Amount for Defaulted Accounts, dollars",,,,,0.7336407635942042,0.8876875699236267,0.8800337236203156,1.0590165876103539,37852663.32,27278339.15,24688466.24,19677602.33,16959669.3,647.85,0.8984708916574358,4.1232941281095326e-05,,,,0.26539756400029296,,153400977.33
synchrony,2022-03-31,2022-03,19099549.88,"Default Amount for Defaulted Accounts, dollars",,,,,0.705965860158661,0.8636359801985967,0.8695559331757015,1.1261746642665962,37653838.98,26722688.02,23558555.17,21468002.3,17300213.88,0.0,0.8791830218880128,0.0,,,,0.2454602287115689,,116894172.46
synchrony,2022-04-30,2022-04,18981166.16,"Default Amount for Defaulted Accounts, dollars",,,,,0.7536760757667638,0.8801502301114692,0.8725017316076773,1.0971636704412813,33574295.39,28378797.6,23519980.01,20554880.18,19700692.53,0.0,0.9176770271726681,0.0,,,,0.2872195823233941,,137481438.31
synchrony,2022-05-31,2022-05,21995462.93,"Default Amount for Defaulted Accounts, dollars",,,,,0.7456373710662109,0.8697399952561766,0.8747421065516457,1.1164817123309523,34772836.28,25034249.35,24682175.29,20573916.86,17480372.49,0.0,0.8504244411508897,0.0,,,,0.2529274984859591,,131962552.38
synchrony,2022-06-30,2022-06,19392433.97,"Default Amount for Defaulted Accounts, dollars",,,,,0.7655914673061003,0.8738627543469762,0.8867158875930663,1.1093833372883692,36902414.84,26621786.75,21876498.09,21886076.97,18025318.62,0.0,0.8761247915337401,0.0,,,,0.27964308187777115,,139606883.17
synchrony,2022-07-31,2022-07,19833313.08,"Default Amount for Defaulted Accounts, dollars",,,,,0.7681665742718098,0.8926230483008434,0.9034518645849683,1.100303051397601,39730075.59,28347201.59,23763220.44,19764362.99,19398722.22,6347.24,0.8863499039407792,0.00035212914311303305,,,,0.28458536347108687,,143376760.38
synchrony,2022-08-31,2022-08,21814397.1,"Default Amount for Defaulted Accounts, dollars",,,,,0.7653367862620771,0.8935778545750978,0.8846640266238257,1.1245275257104024,42883456.57,30406888.37,25330431.58,21022466.28,16692793.32,0.0,0.8445905050643882,0.0,,,,0.2990962862903543,,144836895.47
synchrony,2022-09-30,2022-09,19021672.82,"Default Amount for Defaulted Accounts, dollars",,,,,0.7724683724113333,0.8818086357186833,0.8763147923435421,1.1395140678588358,44156338.22,33126113.9,26813056.75,22197431.89,18513004.59,0.0,0.8806295295434765,0.0,,,,0.30486940552482417,,149907407.51
synchrony,2022-10-31,2022-10,21272352.72,"Default Amount for Defaulted Accounts, dollars",,,,,0.7748196872562139,0.8873745875757555,0.8834926017899842,1.1490491787319326,45775379.42,34213200.17,29395271.66,23689137.27,19939870.77,6027.83,0.8982962925086375,0.00032559976802771373,,,,0.3053576883246842,,149770981.9
synchrony,2022-11-30,2022-11,22336420.42,"Default Amount for Defaulted Accounts, dollars",,,,,0.7788974038393671,0.9004842293885892,0.8997403513024721,1.120188825576827,46351628.62,35654324.19,30808447.19,26448112.05,20523351.49,0.0,0.8663612885552754,0.0,,,,0.309483372760074,,157256447.41
synchrony,2022-12-31,2022-12,21726544.0,"Default Amount for Defaulted Accounts, dollars",,,,,0.7908739127708346,0.8989694464322422,0.8962459935002001,1.0586255373829296,51036124.37,36658293.89,32052148.08,27611947.36,24778808.28,0.0,0.9368838211648457,0.0,,,,0.32454074354699297,,191012572.88
synchrony,2023-01-31,2023-01,25957331.93,"Default Amount for Defaulted Accounts, dollars",,,,,0.7782310200918574,0.8763775367288377,0.8886459818202613,1.0475617566705673,52326233.73,39717895.13,32126505.3,28483012.6,24344175.28,0.0,0.8816536900713547,0.0,,,,0.27394130627659236,,165190152.68
synchrony,2023-02-28,2023-02,25109222.71,"Default Amount for Defaulted Accounts, dollars",,,,,0.7709729205461775,0.8847323244342329,0.8851515300047279,1.031426303056096,54012657.04,40342109.24,35139705.68,28436825.32,25218489.3,7533.1,0.8853870078335745,0.0003094415774351096,,,,0.32697262012119593,,176921810.05
synchrony,2023-03-31,2023-03,27569564.19,"Default Amount for Defaulted Accounts, dollars",,,,,0.756928362174867,0.8661039684894769,0.8793886614021292,1.093228220851437,53558111.38,40883712.03,34940460.91,30901458.74,24407978.55,1632.81,0.8583229061379627,6.474654292634412e-05,,,,0.3027219276405996,,143616643.34
synchrony,2023-04-30,2023-04,27104072.26,"Default Amount for Defaulted Accounts, dollars",,,,,0.790588463801055,0.8826971519493897,0.8883133768598018,1.1104595247196332,49945050.22,42342425.0,36087936.17,31038078.82,27087584.03,658.46,0.8765794604685385,2.697724429129343e-05,,,,0.3477664500329492,,162916123.45
synchrony,2023-05-31,2023-05,29870840.47,"Default Amount for Defaulted Accounts, dollars",,,,,0.8045801094000782,0.8925444511031193,0.8929756364618398,1.102750265099962,55210023.43,40184793.97,37792496.48,32225647.77,26778154.4,0.0,0.8627516720765902,0.0,,,,0.3388861842575349,,164032097.39
synchrony,2023-06-30,2023-06,28400461.99,"Default Amount for Defaulted Accounts, dollars",,,,,0.7915365887393176,0.8938038046633788,0.8975265563086189,1.060583248784315,57040750.24,43700753.61,35917321.74,33919769.22,28160248.84,0.0,0.8738458584598375,0.0,,,,0.3477413942003123,,169622990.18
synchrony,2023-07-31,2023-07,30649473.49,"Default Amount for Defaulted Accounts, dollars",,,,,0.8074472507148426,0.9140778595373976,0.8956845433208518,1.0883949806034454,60870626.24,46057396.96,39945891.32,32170589.92,30390859.46,0.0,0.8959630374513498,0.0,,,,0.3588583491860714,,172858391.61
synchrony,2023-08-31,2023-08,31594252.21,"Default Amount for Defaulted Accounts, dollars",,,,,0.804008614385499,0.9071329770608902,0.8966293510158181,1.0395971937412263,60808630.99,48940507.86,41780183.62,35816658.61,28468553.72,0.0,0.8849248270172845,0.0,,,,0.35178292719045623,,174443376.88
synchrony,2023-09-30,2023-09,29903831.07,"Default Amount for Defaulted Accounts, dollars",,,,,0.8058457794923628,0.901458396717177,0.8978186419947572,1.0504162369510073,67127708.2,49002378.64,44117831.75,37511027.72,33775963.05,0.0,0.9430238431166709,0.0,,,,0.3848108733080609,,190229350.57
synchrony,2023-10-31,2023-10,35586008.63,"Default Amount for Defaulted Accounts, dollars",,,,,0.7881226980425945,0.9010565879746445,0.8931820492288812,1.0535897548597066,67484258.41,52904870.5,44153916.1,39405255.37,33138177.55,0.0,0.8834249436554761,0.0,,,,0.3547520832499891,,175225105.76
synchrony,2023-11-30,2023-11,34330573.59,"Default Amount for Defaulted Accounts, dollars",,,,,0.8199196942171748,0.9150059675507569,0.8901022192683833,1.0359825472659405,67045489.28,55331672.52,48408272.22,39301498.71,35320697.17,0.0,0.8963448361989388,0.0,,,,0.3826249040581547,,174742652.53
synchrony,2023-12-31,2023-12,36913295.48,"Default Amount for Defaulted Accounts, dollars",,,,,0.8236183724364641,0.912084192137122,0.8909224523444477,1.0450896623680657,65787512.89,55219896.76,50467143.83,43128016.6,35615776.68,0.0,0.9062193007651844,0.0,,,,0.3764822837326767,,195968837.31
synchrony,2024-01-31,2024-01,37229239.66,"Default Amount for Defaulted Accounts, dollars",,,,,0.8171149129756986,0.9217889557314703,0.8934391813787732,1.0453019175882814,69293407.15,53755957.87,50901090.97,45089323.67,37807740.64,0.0,0.8766399111430503,0.0,,,,0.35359401066602164,,191136502.4
synchrony,2024-02-29,2024-02,39059459.61,"Default Amount for Defaulted Accounts, dollars",,,,,0.7941952793700952,0.8941857593951567,0.8884680944589978,1.0331074787546468,71607019.89,55032496.85,48067812.01,45223995.3,40122448.6,0.0,0.8898436555324805,0.0,,,,0.37463811982990436,,192530197.99
synchrony,2024-03-31,2024-03,41485110.06,"Default Amount for Defaulted Accounts, dollars",,,,,0.7866037674312716,0.8901806560499534,0.8814590574912254,1.0339625697719754,70396920.89,56326351.62,48988864.15,42369808.27,39773227.33,0.0,0.8794717730301905,0.0,,,,0.3656409312665663,,163279700.45
synchrony,2024-04-30,2024-04,41425535.05,"Default Amount for Defaulted Accounts, dollars",,,,,0.8378109194883566,0.8944537620666865,0.88297882795472,1.0415432146426222,64221910.37,58979309.02,50381317.11,43256129.85,36789108.67,0.0,0.8682859369002285,0.0,,,,0.39332452345884983,,178523450.23
synchrony,2024-05-31,2024-05,39918087.49,"Default Amount for Defaulted Accounts, dollars",,,,,0.8291506118895292,0.8948424560569733,0.8913365399311213,1.0850517702961244,66289913.3,53249636.28,52777189.74,44906708.87,38372409.69,0.0,0.8870976165242854,0.0,,,,0.37132328114091256,,183698343.43
synchrony,2024-06-30,2024-06,40745074.2,"Default Amount for Defaulted Accounts, dollars",,,,,0.8279923985056714,0.9159067662649583,0.9023692167888436,1.0618325648341633,71600071.91,54887544.31,48771702.17,47624511.37,40182330.2,0.0,0.894795704497594,0.0,,,,0.3897698290201723,,192378877.7
synchrony,2024-07-31,2024-07,43134963.96,"Default Amount for Defaulted Accounts, dollars",,,,,0.8318354174960214,0.9206303350830308,0.8876580247106844,1.0734808993232552,74121043.86,59559475.71,50531138.31,43292592.81,41990607.12,0.0,0.8817015841647259,0.0,,,,0.3852868087503143,,191202241.98
synchrony,2024-08-31,2024-08,41582957.3,"Default Amount for Defaulted Accounts, dollars",,,,,0.8204639538653146,0.9180446254468885,0.8861407652306655,0.9902918807809797,75169404.44,60813644.71,54678256.57,44777701.57,40558387.59,884.78,0.9368435789466406,2.1070902772886604e-05,,,,0.39314081080630225,,223901419.07
synchrony,2024-09-30,2024-09,43075384.38,"Default Amount for Defaulted Accounts, dollars",,,,,0.8211078529864697,0.9022066376984955,0.8907537457352401,1.0620586009346333,83399435.28,61722188.29,54866473.92,48704861.85,40080567.33,1132.74,0.895101041917994,2.7928625059031838e-05,,,,0.3724828347511554,,225383009.75
synchrony,2024-10-31,2024-10,43850782.31,"Default Amount for Defaulted Accounts, dollars",,,,,0.8244555862896725,0.8994984340014883,0.9025989448895133,1.0940659085226578,86070184.8,68759130.31,55519011.71,49522421.47,43811851.97,0.0,0.8995375472972417,0.0,,,,0.38188408653993494,,188803016.85
synchrony,2024-11-30,2024-11,43150603.81,"Default Amount for Defaulted Accounts, dollars",,,,,0.8271012928044742,0.908058708254479,0.8982456368368233,0.9849070940791824,83425088.91,71188761.12,62437327.05,49869710.03,46957089.11,0.0,0.9481985677628053,0.0,,,,0.44186311374610854,,193559291.51
synchrony,2024-12-31,2024-12,49610037.59,"Default Amount for Defaulted Accounts, dollars",,,,,0.8260332879518174,0.9084269212241068,0.8851810655786233,1.056497294237837,80229740.38,68911900.49,64669787.09,55268339.69,44491831.86,0.0,0.8921614309213981,0.0,,,,0.4144969727575957,,183296521.25
synchrony,2025-01-31,2025-01,46111976.87,"Default Amount for Defaulted Accounts, dollars",,,,,0.8168630536455938,0.9060087351539534,0.8910509572237405,1.036414437038646,75485450.42,65536710.72,62434783.8,57624075.69,49301290.79,0.0,0.8920349528596451,0.0,,,,0.41182151142434736,,173314097.12
synchrony,2025-02-28,2025-02,47590998.94,"Default Amount for Defaulted Accounts, dollars",,,,,0.8201639270287341,0.9054965216905534,0.8867840018050964,0.965309390026216,75428848.98,61910443.45,59343263.6,55366167.43,51583490.8,0.0,0.8951725504024306,0.0,,,,0.43521473575097724,,196101767.48
synchrony,2025-03-31,2025-03,50356411.74,"Default Amount for Defaulted Accounts, dollars",,,,,0.7952267295753715,0.8908677445436711,0.8791020654280295,0.9762117871247288,77803253.89,59983036.89,55154017.12,52168785.6,48777268.52,0.0,0.8809941302451464,0.0,,,,0.3967493760500399,,159044512.89
synchrony,2025-04-30,2025-04,49461177.54,"Default Amount for Defaulted Accounts, dollars",,,,,0.8156282185796381,0.8935900130947838,0.884574170433517,1.0140210602346373,72687577.28,63458529.37,53600242.72,48787818.94,45216571.74,0.0,0.8667361377106697,0.0,,,,0.457026627069322,,167897293.61
synchrony,2025-05-31,2025-05,45315050.02,"Default Amount for Defaulted Accounts, dollars",,,,,0.8314090342728782,0.9055130742939246,0.8728281857675886,1.0021779245133016,72631614.27,60433108.43,57462528.02,46783802.61,45221570.65,0.0,0.9269028956923484,0.0,,,,0.43259550352677056,,171098864.66
synchrony,2025-06-30,2025-06,46485594.41,"Default Amount for Defaulted Accounts, dollars",,,,,0.8178134013267333,0.9073736096748384,0.8826844405861557,1.0279517880920839,72832069.13,59399107.51,54835407.74,50721279.4,41602504.38,3834.37,0.889250169055465,8.479073028393365e-05,,,,0.4256724278955832,,183703260.4
synchrony,2025-07-31,2025-07,43530219.18,"Default Amount for Defaulted Accounts, dollars",,,,,0.8112205615707736,0.914511509299275,0.9022060609920797,1.0463365085522767,78059841.17,59082872.02,54321167.46,49472837.22,45209596.61,0.0,0.8913339163522757,0.0,,,,0.4249235479001874,,180055809.93
synchrony,2025-08-31,2025-08,45653908.46,"Default Amount for Defaulted Accounts, dollars",,,,,0.8013586069662765,0.9234452335277658,0.8905230528342551,1.0098278215979861,79665957.7,62553925.58,54559796.55,48374251.88,43808397.81,0.0,0.8855040517524619,0.0,,,,0.4424514695247635,,186127426.18
synchrony,2025-09-30,2025-09,44180941.28,"Default Amount for Defaulted Accounts, dollars",,,,,0.8167912719387292,0.9143068574785999,0.8883520263053474,1.0085039282106536,86265991.98,65070458.92,57193483.12,48468305.82,43673589.74,775.52,0.902827186833592,1.7702541950141225e-05,,,,0.46347813296775475,,199331144.62
synchrony,2025-10-31,2025-10,45161774.85,"Default Amount for Defaulted Accounts, dollars",,,,,0.8029349054034954,0.9052571828703494,0.8889207905615664,1.0340751726354427,88145142.67,69265976.11,58905500.33,50840476.23,43409760.81,38928.78,0.8956318995595544,0.0008913574595482747,,,,0.44220456787140683,,185314551.14
synchrony,2025-11-30,2025-11,44461819.81,"Default Amount for Defaulted Accounts, dollars",,,,,0.8043208014924413,0.9061336697302192,0.9061411287736023,1.0242355401266723,85203016.8,70896971.8,62764233.12,53376696.56,45914962.45,0.0,0.9031182603853435,0.0,,,,0.45977510279606426,,195426067.53
synchrony,2025-12-31,2025-12,47710358.61,"Default Amount for Defaulted Accounts, dollars",,,,,0.813066782513269,0.9090861736918361,0.9005078405393572,1.039102638098749,86054342.19,69275742.73,64451456.82,56519684.03,46793665.12,802.11,0.8766684365226666,1.7469468713460746e-05,,,,0.4403421881105484,,207822193.79
synchrony,2026-01-31,2026-01,44480277.5,"Default Amount for Defaulted Accounts, dollars",,,,,0.799850649349319,0.9041460300775038,0.8957102018846189,0.9505619486298534,89110977.44,68830621.48,62635387.77,57729827.4,54077262.64,7431.89,0.9567863580287606,0.0001588225667072945,,,,0.4287847020325692,,213388043.73
synchrony,2026-02-28,2026-02,48573478.81,"Default Amount for Defaulted Accounts, dollars",,,,,0.7840702817679698,0.900136615474302,0.8923553719383319,0.898223697700095,89581275.88,69869269.19,61956962.66,55893024.75,54705424.06,400.74,0.9476110794677346,7.410508232781362e-06,,,,0.4198045697131337,,231133877.14
synchrony,2026-03-31,2026-03,53491651.59,"Default Amount for Defaulted Accounts, dollars",,,,,0.7638961526030008,0.8791511089512228,0.8702661763116198,0.9778125754281924,88232426.88,68430791.99,61425645.49,53919048.99,49130518.58,0.0,0.8790098370906291,0.0,,,,0.38173732025685175,,170157166.63
synchrony,2026-04-30,2026-04,49825393.98,"Default Amount for Defaulted Accounts, dollars",,,,,0.7875040432073854,0.894875287998256,0.8813107569022307,1.014143457469689,78147353.04,69483392.91,61237024.69,54135082.12,47905750.46,1287.12,0.8884754341435946,2.6197973015574058e-05,,,,0.459265716441602,,185978641.77
synchrony,2026-05-31,2026-05,49189992.03,"Default Amount for Defaulted Accounts, dollars",,,,,0.7872565016822737,0.9043448491554095,0.8832231494557284,1.0268076704293008,81106661.19,61522011.77,62836948.48,54085957.81,47896883.82,0.0,0.8847660693268752,0.0,,,,0.4361073960863995,,181024878.85
synchrony,2026-06-30,2026-06,48254909.8,"Default Amount for Defaulted Accounts, dollars",,,,,0.7936043864413944,0.9127763609216578,0.8881997364618047,1.0074749326353982,82512252.95,64366602.09,56155838.02,55811761.08,48462951.37,11230.25,0.8960357425904666,0.00023446723678734722,,,,0.4558061492662063,,197094172.0
synchrony,2026-07-31,2026-07,48860288.23,"Default Amount for Defaulted Accounts, dollars",,,,,0.7994157918578564,0.9041363444760954,0.8866987032099142,1.0081987755340456,86159844.94,65961598.03,58196184.32,49793308.75,49779111.1,0.0,0.8919107753766655,0.0,,,,0.4371506476609567,,192381334.48
