lender,score_b,age,at_risk,d_chargeoff,d_competing,aj_chargeoff,aj_lo95,aj_hi95,km_chargeoff,n_loans,entry_age_median
americredit,360,0,0,0,0,0.0,,,0.0,1,64.0
americredit,360,1,0,0,0,0.0,,,0.0,1,64.0
americredit,360,2,0,0,0,0.0,,,0.0,1,64.0
americredit,360,3,0,0,0,0.0,,,0.0,1,64.0
americredit,360,4,0,0,0,0.0,,,0.0,1,64.0
americredit,360,5,0,0,0,0.0,,,0.0,1,64.0
americredit,360,6,0,0,0,0.0,,,0.0,1,64.0
americredit,360,7,0,0,0,0.0,,,0.0,1,64.0
americredit,360,8,0,0,0,0.0,,,0.0,1,64.0
americredit,360,9,0,0,0,0.0,,,0.0,1,64.0
americredit,360,10,0,0,0,0.0,,,0.0,1,64.0
americredit,360,11,0,0,0,0.0,,,0.0,1,64.0
americredit,360,12,0,0,0,0.0,,,0.0,1,64.0
americredit,360,13,0,0,0,0.0,,,0.0,1,64.0
americredit,360,14,0,0,0,0.0,,,0.0,1,64.0
americredit,360,15,0,0,0,0.0,,,0.0,1,64.0
americredit,360,16,0,0,0,0.0,,,0.0,1,64.0
americredit,360,17,0,0,0,0.0,,,0.0,1,64.0
americredit,360,18,0,0,0,0.0,,,0.0,1,64.0
americredit,360,19,0,0,0,0.0,,,0.0,1,64.0
americredit,360,20,0,0,0,0.0,,,0.0,1,64.0
americredit,360,21,0,0,0,0.0,,,0.0,1,64.0
americredit,360,22,0,0,0,0.0,,,0.0,1,64.0
americredit,360,23,0,0,0,0.0,,,0.0,1,64.0
americredit,360,24,0,0,0,0.0,,,0.0,1,64.0
americredit,360,25,0,0,0,0.0,,,0.0,1,64.0
americredit,360,26,0,0,0,0.0,,,0.0,1,64.0
americredit,360,27,0,0,0,0.0,,,0.0,1,64.0
americredit,360,28,0,0,0,0.0,,,0.0,1,64.0
americredit,360,29,0,0,0,0.0,,,0.0,1,64.0
americredit,360,30,0,0,0,0.0,,,0.0,1,64.0
americredit,360,31,0,0,0,0.0,,,0.0,1,64.0
americredit,360,32,0,0,0,0.0,,,0.0,1,64.0
americredit,360,33,0,0,0,0.0,,,0.0,1,64.0
americredit,360,34,0,0,0,0.0,,,0.0,1,64.0
americredit,360,35,0,0,0,0.0,,,0.0,1,64.0
americredit,360,36,0,0,0,0.0,,,0.0,1,64.0
americredit,380,0,0,0,0,0.0,0.0,0.0,0.0,4,8.0
americredit,380,1,0,0,0,0.0,0.0,0.0,0.0,4,8.0
americredit,380,2,0,0,0,0.0,0.0,0.0,0.0,4,8.0
americredit,380,3,1,0,0,0.0,0.0,0.0,0.0,4,8.0
americredit,380,4,1,0,0,0.0,0.0,0.0,0.0,4,8.0
americredit,380,5,1,0,0,0.0,0.0,0.0,0.0,4,8.0
americredit,380,6,1,0,0,0.0,0.0,0.0,0.0,4,8.0
americredit,380,7,1,0,0,0.0,0.0,0.0,0.0,4,8.0
americredit,380,8,3,0,0,0.0,0.0,0.0,0.0,4,8.0
americredit,380,9,3,0,0,0.0,0.0,0.0,0.0,4,8.0
americredit,380,10,3,0,0,0.0,0.0,0.0,0.0,4,8.0
americredit,380,11,3,0,0,0.0,0.0,0.0,0.0,4,8.0
americredit,380,12,3,0,0,0.0,0.0,0.0,0.0,4,8.0
americredit,380,13,3,0,0,0.0,0.0,0.0,0.0,4,8.0
americredit,380,14,3,0,0,0.0,0.0,0.0,0.0,4,8.0
americredit,380,15,3,0,0,0.0,0.0,0.0,0.0,4,8.0
americredit,380,16,3,1,0,0.3333333333333333,0.0,1.0,0.33333333333333326,4,8.0
americredit,380,17,2,0,0,0.3333333333333333,0.0,1.0,0.33333333333333326,4,8.0
americredit,380,18,2,0,0,0.3333333333333333,0.0,1.0,0.33333333333333326,4,8.0
americredit,380,19,2,0,0,0.3333333333333333,0.0,1.0,0.33333333333333326,4,8.0
americredit,380,20,2,0,0,0.3333333333333333,0.0,1.0,0.33333333333333326,4,8.0
americredit,380,21,2,0,0,0.3333333333333333,0.0,1.0,0.33333333333333326,4,8.0
americredit,380,22,2,0,0,0.3333333333333333,0.0,1.0,0.33333333333333326,4,8.0
americredit,380,23,2,0,0,0.3333333333333333,0.0,1.0,0.33333333333333326,4,8.0
americredit,380,24,2,0,0,0.3333333333333333,0.0,1.0,0.33333333333333326,4,8.0
americredit,380,25,2,0,0,0.3333333333333333,0.0,1.0,0.33333333333333326,4,8.0
americredit,380,26,2,0,0,0.3333333333333333,0.0,1.0,0.33333333333333326,4,8.0
americredit,380,27,2,0,0,0.3333333333333333,0.0,1.0,0.33333333333333326,4,8.0
americredit,380,28,2,0,0,0.3333333333333333,0.0,1.0,0.33333333333333326,4,8.0
americredit,380,29,2,0,0,0.3333333333333333,0.0,1.0,0.33333333333333326,4,8.0
americredit,380,30,1,0,0,0.3333333333333333,0.0,1.0,0.33333333333333326,4,8.0
americredit,380,31,1,0,0,0.3333333333333333,0.0,1.0,0.33333333333333326,4,8.0
americredit,380,32,1,0,0,0.3333333333333333,0.0,1.0,0.33333333333333326,4,8.0
americredit,380,33,1,0,0,0.3333333333333333,0.0,1.0,0.33333333333333326,4,8.0
americredit,380,34,1,0,0,0.3333333333333333,0.0,1.0,0.33333333333333326,4,8.0
americredit,380,35,0,0,0,0.3333333333333333,0.0,1.0,0.33333333333333326,4,8.0
americredit,380,36,0,0,0,0.3333333333333333,0.0,1.0,0.33333333333333326,4,8.0
americredit,400,0,0,0,0,0.0,0.0,0.0,0.0,11,18.0
americredit,400,1,0,0,0,0.0,0.0,0.0,0.0,11,18.0
americredit,400,2,0,0,0,0.0,0.0,0.0,0.0,11,18.0
americredit,400,3,2,0,0,0.0,0.0,0.0,0.0,11,18.0
americredit,400,4,3,0,0,0.0,0.0,0.0,0.0,11,18.0
americredit,400,5,3,0,0,0.0,0.0,0.0,0.0,11,18.0
americredit,400,6,3,0,0,0.0,0.0,0.0,0.0,11,18.0
americredit,400,7,3,0,0,0.0,0.0,0.0,0.0,11,18.0
americredit,400,8,4,0,0,0.0,0.0,0.0,0.0,11,18.0
americredit,400,9,5,0,0,0.0,0.0,0.0,0.0,11,18.0
americredit,400,10,5,0,0,0.0,0.0,0.0,0.0,11,18.0
americredit,400,11,5,0,0,0.0,0.0,0.0,0.0,11,18.0
americredit,400,12,5,0,1,0.0,0.0,0.0,0.0,11,18.0
americredit,400,13,4,0,0,0.0,0.0,0.0,0.0,11,18.0
americredit,400,14,4,0,0,0.0,0.0,0.0,0.0,11,18.0
americredit,400,15,4,0,0,0.0,0.0,0.0,0.0,11,18.0
americredit,400,16,4,0,0,0.0,0.0,0.0,0.0,11,18.0
americredit,400,17,4,0,0,0.0,0.0,0.0,0.0,11,18.0
americredit,400,18,5,0,0,0.0,0.0,0.0,0.0,11,18.0
americredit,400,19,5,0,0,0.0,0.0,0.0,0.0,11,18.0
americredit,400,20,5,0,0,0.0,0.0,0.0,0.0,11,18.0
americredit,400,21,5,0,0,0.0,0.0,0.0,0.0,11,18.0
americredit,400,22,5,0,0,0.0,0.0,0.0,0.0,11,18.0
americredit,400,23,5,0,0,0.0,0.0,0.0,0.0,11,18.0
americredit,400,24,5,0,0,0.0,0.0,0.0,0.0,11,18.0
americredit,400,25,5,0,0,0.0,0.0,0.0,0.0,11,18.0
americredit,400,26,5,0,0,0.0,0.0,0.0,0.0,11,18.0
americredit,400,27,6,0,0,0.0,0.0,0.0,0.0,11,18.0
americredit,400,28,6,1,0,0.13333333333333333,0.0,0.42857142857142855,0.16666666666666663,11,18.0
americredit,400,29,5,0,0,0.13333333333333333,0.0,0.42857142857142855,0.16666666666666663,11,18.0
americredit,400,30,3,0,0,0.13333333333333333,0.0,0.42857142857142855,0.16666666666666663,11,18.0
americredit,400,31,2,0,0,0.13333333333333333,0.0,0.42857142857142855,0.16666666666666663,11,18.0
americredit,400,32,2,0,0,0.13333333333333333,0.0,0.42857142857142855,0.16666666666666663,11,18.0
americredit,400,33,2,0,0,0.13333333333333333,0.0,0.42857142857142855,0.16666666666666663,11,18.0
americredit,400,34,2,0,1,0.13333333333333333,0.0,0.42857142857142855,0.16666666666666663,11,18.0
americredit,400,35,2,0,0,0.13333333333333333,0.0,0.42857142857142855,0.16666666666666663,11,18.0
americredit,400,36,2,0,0,0.13333333333333333,0.0,0.42857142857142855,0.16666666666666663,11,18.0
americredit,420,0,0,0,0,0.0,0.0,0.0,0.0,33,16.0
americredit,420,1,0,0,0,0.0,0.0,0.0,0.0,33,16.0
americredit,420,2,1,0,0,0.0,0.0,0.0,0.0,33,16.0
americredit,420,3,4,0,0,0.0,0.0,0.0,0.0,33,16.0
americredit,420,4,6,0,0,0.0,0.0,0.0,0.0,33,16.0
americredit,420,5,11,0,0,0.0,0.0,0.0,0.0,33,16.0
americredit,420,6,12,0,0,0.0,0.0,0.0,0.0,33,16.0
americredit,420,7,12,0,0,0.0,0.0,0.0,0.0,33,16.0
americredit,420,8,13,0,0,0.0,0.0,0.0,0.0,33,16.0
americredit,420,9,14,0,0,0.0,0.0,0.0,0.0,33,16.0
americredit,420,10,15,0,0,0.0,0.0,0.0,0.0,33,16.0
americredit,420,11,15,0,0,0.0,0.0,0.0,0.0,33,16.0
americredit,420,12,15,0,0,0.0,0.0,0.0,0.0,33,16.0
americredit,420,13,15,0,1,0.0,0.0,0.0,0.0,33,16.0
americredit,420,14,15,0,0,0.0,0.0,0.0,0.0,33,16.0
americredit,420,15,15,1,0,0.06222222222222222,0.0,0.23076923076923078,0.06666666666666665,33,16.0
americredit,420,16,16,1,0,0.11666666666666667,0.0,0.28170135241596644,0.125,33,16.0
americredit,420,17,15,0,0,0.11666666666666667,0.0,0.28170135241596644,0.125,33,16.0
americredit,420,18,15,0,0,0.11666666666666667,0.0,0.28170135241596644,0.125,33,16.0
americredit,420,19,15,0,0,0.11666666666666667,0.0,0.28170135241596644,0.125,33,16.0
americredit,420,20,16,0,0,0.11666666666666667,0.0,0.28170135241596644,0.125,33,16.0
americredit,420,21,17,0,0,0.11666666666666667,0.0,0.28170135241596644,0.125,33,16.0
americredit,420,22,17,1,0,0.16470588235294117,0.0,0.3365648805401662,0.17647058823529416,33,16.0
americredit,420,23,16,1,0,0.21274509803921568,0.04151785714285714,0.3884958798511431,0.2279411764705883,33,16.0
americredit,420,24,16,0,0,0.21274509803921568,0.04151785714285714,0.3884958798511431,0.2279411764705883,33,16.0
americredit,420,25,17,0,1,0.21274509803921568,0.04151785714285714,0.3884958798511431,0.2279411764705883,33,16.0
americredit,420,26,16,0,0,0.21274509803921568,0.04151785714285714,0.3884958798511431,0.2279411764705883,33,16.0
americredit,420,27,16,0,0,0.21274509803921568,0.04151785714285714,0.3884958798511431,0.2279411764705883,33,16.0
americredit,420,28,17,1,0,0.25263925639459933,0.06092023172905526,0.4279388410687561,0.2733564013840831,33,16.0
americredit,420,29,15,0,0,0.25263925639459933,0.06092023172905526,0.4279388410687561,0.2733564013840831,33,16.0
americredit,420,30,14,0,0,0.25263925639459933,0.06092023172905526,0.4279388410687561,0.2733564013840831,33,16.0
americredit,420,31,13,0,0,0.25263925639459933,0.06092023172905526,0.4279388410687561,0.2733564013840831,33,16.0
americredit,420,32,11,0,0,0.25263925639459933,0.06092023172905526,0.4279388410687561,0.2733564013840831,33,16.0
americredit,420,33,10,0,0,0.25263925639459933,0.06092023172905526,0.4279388410687561,0.2733564013840831,33,16.0
americredit,420,34,10,0,0,0.25263925639459933,0.06092023172905526,0.4279388410687561,0.2733564013840831,33,16.0
americredit,420,35,9,0,0,0.25263925639459933,0.06092023172905526,0.4279388410687561,0.2733564013840831,33,16.0
americredit,420,36,9,0,0,0.25263925639459933,0.06092023172905526,0.4279388410687561,0.2733564013840831,33,16.0
americredit,440,0,0,0,0,0.0,0.0,0.0,0.0,185,21.0
americredit,440,1,0,0,0,0.0,0.0,0.0,0.0,185,21.0
americredit,440,2,1,0,0,0.0,0.0,0.0,0.0,185,21.0
americredit,440,3,22,0,0,0.0,0.0,0.0,0.0,185,21.0
americredit,440,4,35,0,0,0.0,0.0,0.0,0.0,185,21.0
americredit,440,5,43,0,0,0.0,0.0,0.0,0.0,185,21.0
americredit,440,6,55,0,0,0.0,0.0,0.0,0.0,185,21.0
americredit,440,7,63,0,0,0.0,0.0,0.0,0.0,185,21.0
americredit,440,8,71,0,1,0.0,0.0,0.0,0.0,185,21.0
americredit,440,9,76,0,0,0.0,0.0,0.0,0.0,185,21.0
americredit,440,10,81,0,0,0.0,0.0,0.0,0.0,185,21.0
americredit,440,11,83,1,1,0.011878499915153573,0.0,0.04046536796536798,0.012048192771084376,185,21.0
americredit,440,12,82,0,1,0.011878499915153573,0.0,0.04046536796536798,0.012048192771084376,185,21.0
americredit,440,13,83,0,0,0.011878499915153573,0.0,0.04046536796536798,0.012048192771084376,185,21.0
americredit,440,14,83,0,0,0.011878499915153573,0.0,0.04046536796536798,0.012048192771084376,185,21.0
americredit,440,15,84,0,2,0.011878499915153573,0.0,0.04046536796536798,0.012048192771084376,185,21.0
americredit,440,16,84,1,1,0.02292368669850428,0.0,0.06188766819444761,0.023809523809523836,185,21.0
americredit,440,17,83,0,2,0.02292368669850428,0.0,0.06188766819444761,0.023809523809523836,185,21.0
americredit,440,18,81,0,0,0.02292368669850428,0.0,0.06188766819444761,0.023809523809523836,185,21.0
americredit,440,19,82,0,0,0.02292368669850428,0.0,0.06188766819444761,0.023809523809523836,185,21.0
americredit,440,20,82,2,2,0.044481762106971925,0.010959561781683757,0.09544834591956529,0.04761904761904767,185,21.0
americredit,440,21,80,1,1,0.0549913238685999,0.011739332596349388,0.11143177366584839,0.059523809523809534,185,21.0
americredit,440,22,79,1,0,0.0653678532028655,0.022659754117264688,0.12408635601844835,0.0714285714285714,185,21.0
americredit,440,23,78,2,1,0.0861209118713967,0.03628221759157889,0.15217296106015377,0.09523809523809523,185,21.0
americredit,440,24,80,0,1,0.0861209118713967,0.03628221759157889,0.15217296106015377,0.09523809523809523,185,21.0
americredit,440,25,81,2,1,0.10509650949655833,0.04918029290304475,0.1750352821618249,0.11757789535567309,185,21.0
americredit,440,26,81,0,0,0.10509650949655833,0.04918029290304475,0.1750352821618249,0.11757789535567309,185,21.0
americredit,440,27,81,0,0,0.10509650949655833,0.04918029290304475,0.1750352821618249,0.11757789535567309,185,21.0
americredit,440,28,81,2,1,0.12336930720967693,0.06209162988562497,0.199779524032444,0.13936609547034784,185,21.0
americredit,440,29,78,0,0,0.12336930720967693,0.06209162988562497,0.199779524032444,0.13936609547034784,185,21.0
americredit,440,30,68,1,0,0.13384929413337732,0.07314067793463527,0.2074619372181279,0.1520224764193132,185,21.0
americredit,440,31,57,2,2,0.1584864563750589,0.08595503865669755,0.2346456653366502,0.1817760737379338,185,21.0
americredit,440,32,48,2,0,0.18568998968358233,0.11476991649792215,0.26813800168697377,0.2158687373321866,185,21.0
americredit,440,33,38,1,0,0.20215528615979386,0.12139582418241518,0.2948845518782481,0.23650377056028693,185,21.0
americredit,440,34,33,0,1,0.20215528615979386,0.12139582418241518,0.2948845518782481,0.23650377056028693,185,21.0
americredit,440,35,29,0,0,0.20215528615979386,0.12139582418241518,0.2948845518782481,0.23650377056028693,185,21.0
americredit,440,36,26,1,0,0.22487662768407646,0.1386465406217263,0.32731611740528316,0.265869010154122,185,21.0
americredit,460,0,0,0,0,0.0,0.0,0.0,0.0,734,9.0
americredit,460,1,0,0,0,0.0,0.0,0.0,0.0,734,9.0
americredit,460,2,7,0,0,0.0,0.0,0.0,0.0,734,9.0
americredit,460,3,85,0,0,0.0,0.0,0.0,0.0,734,9.0
americredit,460,4,165,0,1,0.0,0.0,0.0,0.0,734,9.0
americredit,460,5,217,0,0,0.0,0.0,0.0,0.0,734,9.0
americredit,460,6,260,0,3,0.0,0.0,0.0,0.0,734,9.0
americredit,460,7,302,2,5,0.006506429552787169,0.0,0.018377141516321128,0.0066225165562914245,734,9.0
americredit,460,8,334,3,1,0.01512647469383005,0.003155743091919005,0.03343154933389653,0.015545068802791828,734,9.0
americredit,460,9,367,4,1,0.025461133718513614,0.010611861674418119,0.04588918592010126,0.02627482282129001,734,9.0
americredit,460,10,404,3,2,0.032406331553171006,0.016221773533828452,0.05022286440257762,0.033505455325092304,734,9.0
americredit,460,11,406,2,5,0.03695663358277412,0.020382917940160852,0.06014114017942897,0.038266512195411995,734,9.0
americredit,460,12,403,5,1,0.04821947793644438,0.027320532991399363,0.0704240773783392,0.050198689463458956,734,9.0
americredit,460,13,403,2,4,0.05265754166687325,0.03194154989839771,0.07550328580523535,0.05491234361004238,734,9.0
americredit,460,14,407,5,4,0.06348009265569551,0.03967905609725818,0.08933847786788673,0.06652275707920652,734,9.0
americredit,460,15,405,8,2,0.08049688393886098,0.05353124085707845,0.10540136615894016,0.08496181372949374,734,9.0
americredit,460,16,399,4,7,0.08891998238102934,0.06099742737876936,0.11320205685553444,0.09413512888007525,734,9.0
americredit,460,17,390,3,3,0.09520490968018575,0.06778145165626023,0.12023840842649337,0.10110332019638235,734,9.0
americredit,460,18,387,1,2,0.09728364532435117,0.07128927715953468,0.12319792230394024,0.10342605063515131,734,9.0
americredit,460,19,387,2,7,0.10140888815308255,0.07377802216903818,0.12932292942834123,0.10805950773781203,734,9.0
americredit,460,20,384,1,3,0.10343928110784878,0.07587620374158044,0.12976719882312707,0.1103822694364115,734,9.0
americredit,460,21,384,3,3,0.10946701019231102,0.08115139925780326,0.137780761479203,0.11733240795643951,734,9.0
americredit,460,22,385,2,2,0.11341243286577721,0.08412850288941424,0.14372564772335944,0.12191769414887355,734,9.0
americredit,460,23,390,5,4,0.12304836901058887,0.09364734084181338,0.152548845476067,0.13317515960850335,734,9.0
americredit,460,24,389,1,3,0.1249359225690327,0.0956171508797148,0.15417091005028433,0.13540350110051236,734,9.0
americredit,460,25,388,6,2,0.1361736770020359,0.10427951743043382,0.1674624118699674,0.1487735500525662,734,9.0
americredit,460,26,384,4,3,0.1435874733293644,0.11057029843024986,0.17631350596851142,0.1576404922395186,734,9.0
americredit,460,27,379,5,4,0.15280581506881968,0.11835359311454857,0.18609573320834033,0.16875341450548798,734,9.0
americredit,460,28,371,6,4,0.1638380084173861,0.13065602894846604,0.19668570237094551,0.18219675551079006,734,9.0
americredit,460,29,358,5,7,0.17310854333086953,0.13992155654965818,0.2062386253081951,0.1936185885343824,734,9.0
americredit,460,30,306,7,4,0.18778386069064526,0.1556118169049194,0.21823217288304445,0.21206522213000112,734,9.0
americredit,460,31,247,2,2,0.1927916323750106,0.1597999841556397,0.22539783291516555,0.2184452608172076,734,9.0
americredit,460,32,214,3,4,0.20132122480001605,0.16655769066468834,0.2362444286560866,0.22940163566556449,734,9.0
americredit,460,33,177,2,3,0.2079714155042576,0.1707518262154766,0.24228513563991952,0.2381089618162361,734,9.0
americredit,460,34,147,1,3,0.21186200326320165,0.17175166278843332,0.24598761712772912,0.2432918940487787,734,9.0
americredit,460,35,123,0,1,0.21186200326320165,0.17175166278843332,0.24598761712772912,0.2432918940487787,734,9.0
americredit,460,36,100,1,0,0.21738031172194455,0.17829356143830025,0.25583132774602085,0.2508589751082909,734,9.0
americredit,480,0,0,0,0,0.0,0.0,0.0,0.0,2295,9.0
americredit,480,1,0,0,0,0.0,0.0,0.0,0.0,2295,9.0
americredit,480,2,29,0,0,0.0,0.0,0.0,0.0,2295,9.0
americredit,480,3,256,0,0,0.0,0.0,0.0,0.0,2295,9.0
americredit,480,4,469,0,6,0.0,0.0,0.0,0.0,2295,9.0
americredit,480,5,638,2,7,0.0030946922351966096,0.0,0.006683589826168094,0.0031347962382445305,2295,9.0
americredit,480,6,768,2,7,0.005629277412200083,0.0012010275644691447,0.010527674899092758,0.005730799373040774,2295,9.0
americredit,480,7,900,7,11,0.013110527992988667,0.006186902577429457,0.02228466357915783,0.013464004266806051,2295,9.0
americredit,480,8,1016,1,7,0.014038320879976227,0.007256833609509519,0.023480123293945766,0.014435004262606466,2295,9.0
americredit,480,9,1150,7,9,0.019730935323962515,0.011078663248512649,0.03030174892606886,0.020434095541008057,2295,9.0
americredit,480,10,1258,8,13,0.025595504735255223,0.014860991662143733,0.036647540594417514,0.026663449464435662,2295,9.0
americredit,480,11,1264,5,16,0.029182565831857812,0.018911079101702137,0.040790901365293064,0.03051367316117448,2295,9.0
americredit,480,12,1263,6,15,0.03341887646661033,0.022414612492134472,0.04703759190366456,0.03511930891812853,2295,9.0
americredit,480,13,1269,11,11,0.04102019980414498,0.02799024866064262,0.05519508459899375,0.04348312893538664,2295,9.0
americredit,480,14,1278,16,9,0.05180847717151526,0.037733508627890607,0.06572187129839498,0.055458301030092194,2295,9.0
americredit,480,15,1275,10,7,0.05843480635843436,0.044334981814570504,0.07229713227441906,0.06286647121809141,2295,9.0
americredit,480,16,1272,13,9,0.06695422361652201,0.053090360809462264,0.08138127547183337,0.07244409376067373,2295,9.0
americredit,480,17,1258,9,12,0.07281477419457545,0.05764333686519192,0.08865820939783198,0.07908002631723487,2295,9.0
americredit,480,18,1251,15,13,0.08247304899480476,0.06593814389829301,0.09844643395025551,0.09012223223669258,2295,9.0
americredit,480,19,1239,13,10,0.09073546013544752,0.07480213971648206,0.10776312994498728,0.09966897233428984,2295,9.0
americredit,480,20,1232,13,15,0.0988905672353027,0.08303426228466158,0.11479935771399684,0.1091692185677754,2295,9.0
americredit,480,21,1225,10,14,0.10505618666903938,0.08860865382139226,0.12008240805642187,0.11644130657946705,2295,9.0
americredit,480,22,1218,10,5,0.11113575065911963,0.09392173953468805,0.12643512510207242,0.12369548304433187,2295,9.0
americredit,480,23,1225,12,7,0.11830020663959297,0.10222603980656417,0.13552847825435513,0.132279690557367,2295,9.0
americredit,480,24,1221,5,6,0.12124872353573371,0.10413661820963238,0.1387495923681049,0.13583300877785276,2295,9.0
americredit,480,25,1223,15,7,0.13000024956434444,0.11269284914253336,0.14654826421814413,0.14643194979856589,2295,9.0
americredit,480,26,1208,14,10,0.138121008871467,0.12219456035460252,0.15476343865883513,0.15632429475123155,2295,9.0
americredit,480,27,1190,14,12,0.1462008231736797,0.1314431520180961,0.1629224757878515,0.16624989128356993,2295,9.0
americredit,480,28,1165,8,15,0.15081389679613247,0.1357120770880978,0.16780000197795236,0.17197521391853254,2295,9.0
americredit,480,29,1127,18,16,0.1613314590613431,0.14369822860363038,0.17949809678887496,0.18520009958797923,2295,9.0
americredit,480,30,954,6,5,0.16534812417520586,0.14874213658936855,0.1835269805856032,0.1903246272635265,2295,9.0
americredit,480,31,821,10,6,0.17303735519910474,0.15619530742611298,0.19179680117454115,0.20018669026884284,2295,9.0
americredit,480,32,689,6,6,0.17842762890671454,0.16098426708458066,0.19777096616164885,0.2071516828064146,2295,9.0
americredit,480,33,593,9,4,0.1876583590080261,0.1680307612804292,0.20623575813650574,0.21918479385994283,2295,9.0
americredit,480,34,498,0,7,0.1876583590080261,0.1680307612804292,0.20623575813650574,0.21918479385994283,2295,9.0
americredit,480,35,410,6,1,0.19624139788957345,0.17565932193104178,0.21532742579172412,0.2306113578522364,2295,9.0
americredit,480,36,326,3,3,0.2015465584252538,0.18259165496303778,0.22118089739228755,0.23769162143028322,2295,9.0
americredit,500,0,0,0,0,0.0,0.0,0.0,0.0,4581,9.0
americredit,500,1,0,0,0,0.0,0.0,0.0,0.0,4581,9.0
americredit,500,2,48,0,0,0.0,0.0,0.0,0.0,4581,9.0
americredit,500,3,557,0,4,0.0,0.0,0.0,0.0,4581,9.0
americredit,500,4,948,1,2,0.001047277079593058,0.0,0.004022486976005111,0.0010548523206751481,4581,9.0
americredit,500,5,1293,2,12,0.002578099724937899,0.0,0.005957226512501816,0.002600011095121091,4581,9.0
americredit,500,6,1568,6,15,0.006324124272251774,0.0024704813887529813,0.010537783646798438,0.006416592685318356,4581,9.0
americredit,500,7,1804,9,16,0.011142666379813773,0.0067346921971667174,0.0163258037996542,0.011373494384781857,4581,9.0
americredit,500,8,2102,14,15,0.017486392446572373,0.012051632543510224,0.02343453813910368,0.0179580667342647,4581,9.0
americredit,500,9,2407,9,12,0.020998615641643747,0.01521243352144957,0.027608222370922062,0.021630014137418718,4581,9.0
americredit,500,10,2657,11,18,0.02485349834050392,0.018330337059404962,0.03140035035567037,0.02568047324336087,4581,9.0
americredit,500,11,2704,18,23,0.030984192638072554,0.024076142321189455,0.037946998865156595,0.03216632808123787,4581,9.0
americredit,500,12,2700,14,24,0.03568716681095226,0.028209940047874416,0.042515015898940675,0.03718472489859437,4581,9.0
americredit,500,13,2693,24,31,0.04365660116342531,0.035523034165096445,0.050813133188563564,0.045765328909895375,4581,9.0
americredit,500,14,2687,18,29,0.04952467926776767,0.04175181224134775,0.05783762726782696,0.05215767132880933,4581,9.0
americredit,500,15,2681,27,22,0.058192187396524014,0.04737011823665521,0.06612615930266115,0.061703267328108935,4581,9.0
americredit,500,16,2668,20,27,0.06452593202279051,0.053783840079639246,0.0734746349226954,0.06873697596882777,4581,9.0
americredit,500,17,2645,18,25,0.07017457860082456,0.06029577800469177,0.07875457952950896,0.07507449371270725,4581,9.0
americredit,500,18,2632,18,23,0.07575884090935214,0.065820871238453,0.08493907601344308,0.08139997209917049,4581,9.0
americredit,500,19,2619,23,27,0.0828180013979204,0.07216924517521718,0.09171909348088123,0.08946709720101054,4581,9.0
americredit,500,20,2606,27,32,0.09098718537083506,0.0797551738795509,0.09949224326845861,0.0989008609675388,4581,9.0
americredit,500,21,2584,26,28,0.09874116572077134,0.08659187031758267,0.10765276835935869,0.10796764797018743,4581,9.0
americredit,500,22,2574,24,16,0.105776335269037,0.0939570320522806,0.11486370619483129,0.11628496593783133,4581,9.0
americredit,500,23,2579,24,27,0.11268875079261405,0.10071649445351866,0.12299558087085205,0.12450875842231846,4581,9.0
americredit,500,24,2573,27,21,0.12032921319022505,0.10681492682757758,0.13006674287957184,0.13369580215438115,4581,9.0
americredit,500,25,2563,27,42,0.12785639522454725,0.11518084718534431,0.1385452203666141,0.14282190958389018,4581,9.0
americredit,500,26,2505,26,23,0.13507296344859676,0.12037675755427632,0.1456297297158295,0.15171876800737083,4581,9.0
americredit,500,27,2466,29,27,0.14308957170846484,0.12933712936449895,0.1540624281303257,0.16169450025708132,4581,9.0
americredit,500,28,2414,28,28,0.15081691972686181,0.136452166176395,0.1618175627705324,0.17141801061035467,4581,9.0
americredit,500,29,2338,23,25,0.15721868241215053,0.1428694942959254,0.16832665514323458,0.17956915935114248,4581,9.0
americredit,500,30,1981,29,26,0.16654952234652765,0.15196108244584297,0.17765838514924062,0.19157950482252917,4581,9.0
americredit,500,31,1696,21,16,0.17422265084331148,0.15850588092556192,0.1873811963796481,0.20158942840668415,4581,9.0
americredit,500,32,1455,18,16,0.18172174962161158,0.16753916799085564,0.19425458982100383,0.21146667259134366,4581,9.0
americredit,500,33,1263,15,12,0.18875277321884332,0.17375624267117848,0.20112158394829838,0.2208316764798075,4581,9.0
americredit,500,34,1096,14,19,0.19615331046498066,0.18116340563185945,0.20909086985952477,0.23078455652477348,4581,9.0
americredit,500,35,886,6,11,0.19995858509863626,0.18490327380782517,0.21363886630373674,0.2359936904534996,4581,9.0
americredit,500,36,672,11,17,0.20898006828889268,0.19405290943262554,0.22343352991348886,0.24849974611571912,4581,9.0
americredit,520,0,0,0,0,0.0,0.0,0.0,0.0,6542,9.0
americredit,520,1,0,0,0,0.0,0.0,0.0,0.0,6542,9.0
americredit,520,2,81,0,1,0.0,0.0,0.0,0.0,6542,9.0
americredit,520,3,806,0,7,0.0,0.0,0.0,0.0,6542,9.0
americredit,520,4,1404,1,13,0.0006973480612545649,0.0,0.002773580514651324,0.0007122507122506727,6542,9.0
americredit,520,5,1920,3,12,0.002211900881791823,0.0004910664167505747,0.005029214018110864,0.0022736378205128194,6542,9.0
americredit,520,6,2370,12,16,0.0070814757731394624,0.003794811846944904,0.010705859002561189,0.007325416869522927,6542,9.0
americredit,520,7,2751,10,28,0.010536142074949765,0.006519135846060362,0.01433376252647899,0.010933830475958639,6542,9.0
americredit,520,8,3146,13,26,0.014409079957929663,0.01029884000552041,0.018721618806150534,0.015020880763248035,6542,9.0
americredit,520,9,3583,17,30,0.01880085964493701,0.014009105708226006,0.02397873409896636,0.019694239687899184,6542,9.0
americredit,520,10,3904,16,31,0.022544671837139995,0.017350694870880583,0.027864055420770594,0.02371188624655529,6542,9.0
americredit,520,11,3959,25,36,0.028243666069161538,0.02283722365522439,0.033745964465487464,0.029876878124260875,6542,9.0
americredit,520,12,3939,26,32,0.03410892798768827,0.02819368880000478,0.04099435608518547,0.03628033107393569,6542,9.0
americredit,520,13,3935,27,38,0.040116192191154795,0.03367506150910038,0.047791501060224104,0.04289289296999754,6542,9.0
americredit,520,14,3950,29,39,0.0464377605132837,0.038720960916113795,0.05343490440462691,0.04991975527477477,6542,9.0
americredit,520,15,3954,35,36,0.05392831122515693,0.04677040960890891,0.06080879018372144,0.0583296714521605,6542,9.0
americredit,520,16,3924,32,33,0.06070525799415736,0.053047312029174926,0.06825070514361964,0.06600894018649561,6542,9.0
americredit,520,17,3899,37,35,0.06846071444547651,0.0597740911727363,0.0761741420835489,0.07487215362919875,6542,9.0
americredit,520,18,3854,28,26,0.07428859205594479,0.06635193139563769,0.08230775743128937,0.08159337306313297,6542,9.0
americredit,520,19,3837,35,41,0.08150319165191151,0.0734680206723371,0.0896714770421116,0.08997081167214793,6542,9.0
americredit,520,20,3815,32,41,0.08800603000108798,0.08029773348478675,0.09744491896410037,0.09760408402509446,6542,9.0
americredit,520,21,3792,33,50,0.09462365836661413,0.087083032583559,0.10363406043608345,0.10545721304069888,6542,9.0
americredit,520,22,3748,40,36,0.10256155934256461,0.0944999378661021,0.1118149813884538,0.11500409443834358,6542,9.0
americredit,520,23,3739,30,34,0.10840830427109299,0.09960051289644649,0.1178349482212938,0.12210489068516084,6542,9.0
americredit,520,24,3730,35,41,0.11512892595502475,0.10612598732629921,0.12503421610202303,0.13034251235433492,6542,9.0
americredit,520,25,3697,40,30,0.1227203017062011,0.11309977679550019,0.13245959606532434,0.1397518441113883,6542,9.0
americredit,520,26,3644,30,31,0.12838727203746825,0.11953888902929422,0.1391415957764645,0.14683401883055913,6542,9.0
americredit,520,27,3591,34,33,0.13479553027283098,0.1257872897964997,0.14455607298453801,0.15491189222509016,6542,9.0
americredit,520,28,3534,49,40,0.14400482817763385,0.13381770338519774,0.15466353223215584,0.1666292994919183,6542,9.0
americredit,520,29,3400,38,31,0.151241257881822,0.14115045984680313,0.16195165785835994,0.17594344261524397,6542,9.0
americredit,520,30,2900,36,31,0.15911570166047376,0.14857936692893292,0.17055409946000036,0.18617311022415817,6542,9.0
americredit,520,31,2461,24,26,0.16515885464027072,0.15431423625580262,0.1774778442752554,0.1941096585194122,6542,9.0
americredit,520,32,2093,19,25,0.17066989929012577,0.1596445552827076,0.18404060220360444,0.20142543323901618,6542,9.0
americredit,520,33,1762,20,16,0.1774158999398378,0.16616175060389862,0.1899748292177539,0.21048984375843716,6542,9.0
americredit,520,34,1495,14,8,0.1828677514348091,0.17173248956200787,0.19584547818909637,0.2178832499038431,6542,9.0
americredit,520,35,1241,9,8,0.18702771432584367,0.1748565929557827,0.19919842346051622,0.2235553294774656,6542,9.0
americredit,520,36,943,15,6,0.19602699778046775,0.18318109950806452,0.21047473157025626,0.2359059870149396,6542,9.0
americredit,540,0,0,0,0,0.0,0.0,0.0,0.0,8393,8.0
americredit,540,1,0,0,0,0.0,0.0,0.0,0.0,8393,8.0
americredit,540,2,116,0,0,0.0,0.0,0.0,0.0,8393,8.0
americredit,540,3,1062,0,3,0.0,0.0,0.0,0.0,8393,8.0
americredit,540,4,1822,0,16,0.0,0.0,0.0,0.0,8393,8.0
americredit,540,5,2470,5,18,0.00200084694165857,0.0007836800593516262,0.0039691865078482205,0.002024291497975672,8393,8.0
americredit,540,6,3038,9,29,0.004901745703748543,0.002760230053922902,0.007606961919067387,0.0049807698970929515,8393,8.0
americredit,540,7,3573,15,28,0.008961217802950856,0.006190162476606089,0.012387808065607162,0.009158012676702132,8393,8.0
americredit,540,8,4142,12,39,0.011728950591011533,0.008320363256080312,0.014961884713232348,0.012028631664601663,8393,8.0
americredit,540,9,4691,26,43,0.01695869310744126,0.013386967809841431,0.02077261531260383,0.01750449087942163,8393,8.0
americredit,540,10,5116,35,46,0.02331894636180793,0.019494913067420086,0.02778314946160221,0.024226019968401347,8393,8.0
americredit,540,11,5183,25,50,0.027732258444679983,0.02341019087777575,0.03247309215534076,0.028932628014087247,8393,8.0
americredit,540,12,5174,29,42,0.03278639640726214,0.027778169248150113,0.03777908437437021,0.03437540995989152,8393,8.0
americredit,540,13,5180,39,66,0.03948230490745662,0.03378397873490353,0.04516161343430871,0.04164555648722057,8393,8.0
americredit,540,14,5182,33,42,0.045031084588948125,0.03936896651518756,0.051064115353865486,0.047748546961153715,8393,8.0
americredit,540,15,5165,41,61,0.051847607990446916,0.04529152991547469,0.05888539860937049,0.055307561399603467,8393,8.0
americredit,540,16,5132,38,48,0.058080418872468655,0.051991127070928955,0.06484405537905698,0.06230255607357371,8393,8.0
americredit,540,17,5086,40,52,0.06458967311231834,0.05779344559892311,0.0716060755569845,0.06967729019804425,8393,8.0
americredit,540,18,5038,47,50,0.07217124882028299,0.06486125955644466,0.08009350872528771,0.07835636271902324,8393,8.0
americredit,540,19,4982,44,57,0.07921048319259501,0.07162826626543936,0.08736770052043015,0.08649612988890742,8393,8.0
americredit,540,20,4932,48,41,0.08681024054080447,0.07938879533010369,0.09516383247409345,0.09538667850312732,8393,8.0
americredit,540,21,4901,61,53,0.09635396935074156,0.08815145256757134,0.10457970203115162,0.10664589348197029,8393,8.0
americredit,540,22,4840,57,52,0.1051742250726987,0.09729174268752525,0.1142474628658398,0.11716679928187268,8393,8.0
americredit,540,23,4788,51,55,0.11297208273164702,0.10473006288557901,0.12189715155840797,0.1265704110689705,8393,8.0
americredit,540,24,4738,49,51,0.12037559090668823,0.11271297323554737,0.12920018512280218,0.1356033468768263,8393,8.0
americredit,540,25,4687,51,46,0.1280007243269949,0.1188466876537198,0.1371907575033722,0.1450089857309509,8393,8.0
americredit,540,26,4611,45,44,0.1346981414495805,0.12601705520292264,0.14340722540962358,0.15335307500488438,8393,8.0
americredit,540,27,4534,51,46,0.1422684582247848,0.13307849471515573,0.15075423610646776,0.16287645241440152,8393,8.0
americredit,540,28,4448,43,54,0.14863548948738353,0.1390054599700914,0.1580513851859736,0.1709691485803594,8393,8.0
americredit,540,29,4301,40,49,0.15462716325142264,0.14449958969057344,0.1638161321764458,0.17867927042569431,8393,8.0
americredit,540,30,3655,31,39,0.15997835905660812,0.14911084007750364,0.17058468065571777,0.1856453285971864,8393,8.0
americredit,540,31,3128,46,38,0.16907894585053124,0.1581272292809165,0.1787846837087145,0.1976211325884042,8393,8.0
americredit,540,32,2653,25,30,0.17475385575578656,0.16350715125852017,0.18390764154395345,0.20518218486329676,8393,8.0
americredit,540,33,2249,28,36,0.18209606377975976,0.1710580666506453,0.19333299259607195,0.21507764899127702,8393,8.0
americredit,540,34,1875,20,28,0.18820757788733364,0.17651034526985868,0.19863605378295157,0.2234501540687034,8393,8.0
americredit,540,35,1488,11,14,0.19233469815009951,0.1805254430227865,0.2034330087154149,0.22919077792975473,8393,8.0
americredit,540,36,1149,7,7,0.1956787790592684,0.1842625806245015,0.20719577593384936,0.23388674359946027,8393,8.0
americredit,560,0,0,0,0,0.0,0.0,0.0,0.0,9225,9.0
americredit,560,1,0,0,0,0.0,0.0,0.0,0.0,9225,9.0
americredit,560,2,109,0,0,0.0,0.0,0.0,0.0,9225,9.0
americredit,560,3,1101,0,9,0.0,0.0,0.0,0.0,9225,9.0
americredit,560,4,1900,2,13,0.0010440269611358096,0.0,0.0026096177477167573,0.001052631578947416,9225,9.0
americredit,560,5,2611,4,29,0.0025514883335915743,0.0007483241071282638,0.004218863813629626,0.002582999052591295,9225,9.0
americredit,560,6,3199,17,31,0.0077145081920822235,0.004414063811380182,0.01051969219859159,0.007883433255812866,9225,9.0
americredit,560,7,3763,13,32,0.011020580982305177,0.007372248622991396,0.01492396599737296,0.011310888841163491,9225,9.0
americredit,560,8,4398,17,46,0.014675452720837236,0.010712828118644553,0.018572490585313343,0.015132561167152558,9225,9.0
americredit,560,9,5008,24,69,0.019141869462014592,0.014825803290370029,0.023362459421216973,0.019852373174338744,9225,9.0
americredit,560,10,5477,26,57,0.023483992547607788,0.019163711026870586,0.028368502035653467,0.024505255828614292,9225,9.0
americredit,560,11,5547,29,55,0.028193544112466138,0.0226705607510799,0.033072658733942925,0.029605192295347638,9225,9.0
americredit,560,12,5530,18,77,0.03108129770465159,0.02558056232418114,0.03697058621671551,0.032763801072686505,9225,9.0
americredit,560,13,5524,39,67,0.03723729064623568,0.031582326987892755,0.043670930615363215,0.03959258669147092,9225,9.0
americredit,560,14,5519,38,60,0.04312566902575027,0.037214533426265774,0.04950602940345383,0.04620528495306253,9225,9.0
americredit,560,15,5478,35,73,0.04849274244784631,0.042977236421605565,0.05478204189281945,0.05229926359976622,9225,9.0
americredit,560,16,5444,35,66,0.053786861528789684,0.04767302883757309,0.061378733591878225,0.058392122852890416,9225,9.0
americredit,560,17,5389,47,68,0.06083542329601701,0.05517929198589431,0.06875944598278907,0.06660432738544086,9225,9.0
americredit,560,18,5316,41,69,0.06693558941505802,0.061016187502458116,0.07532663047812191,0.07380320296429665,9225,9.0
americredit,560,19,5258,37,70,0.07238617434571847,0.06606780917701056,0.08040894561878452,0.08032075364712687,9225,9.0
americredit,560,20,5218,34,73,0.07733050810332615,0.0711567341749172,0.08527881615691589,0.08631329760573125,9225,9.0
americredit,560,21,5177,43,60,0.08350391686215032,0.07653059109430217,0.09160150495478042,0.09390235076450149,9225,9.0
americredit,560,22,5116,30,68,0.08777558750449543,0.08041616491907837,0.09576674499066062,0.09921566770685197,9225,9.0
americredit,560,23,5088,49,43,0.09465666009936638,0.08785948012916266,0.10249997392979945,0.10789067405165631,9225,9.0
americredit,560,24,5074,44,65,0.10074059702508979,0.09445136404452015,0.1082880806028076,0.11562674230978154,9225,9.0
americredit,560,25,5025,43,62,0.10661526963457564,0.10025589016876592,0.11471836086621215,0.12319451347011579,9225,9.0
americredit,560,26,4957,44,58,0.11258169309260069,0.10655080625164928,0.12029854152175386,0.13097733400820633,9225,9.0
americredit,560,27,4873,42,53,0.11825587834028219,0.11155655374870518,0.12689105611201232,0.13846737135104548,9225,9.0
americredit,560,28,4798,45,46,0.12431002079102556,0.11727298778554288,0.1329931308864181,0.14654760650927867,9225,9.0
americredit,560,29,4648,53,47,0.13153096634146252,0.12493496498369328,0.14075763166557895,0.1562793140942632,9225,9.0
americredit,560,30,3986,38,40,0.13743821100821466,0.1298110073784326,0.1461596054995024,0.1643228128560339,9225,9.0
americredit,560,31,3426,30,50,0.1427579437388044,0.13477186462195404,0.15216237789595452,0.17164047649127,9225,9.0
americredit,560,32,2932,42,42,0.15125717839200176,0.14253570749936836,0.1602721214090481,0.18350647239419182,9225,9.0
americredit,560,33,2517,18,35,0.15537872109459092,0.1475539836039482,0.16421790959172508,0.1893455202674157,9225,9.0
americredit,560,34,2136,18,20,0.16013315986761512,0.15078083774590678,0.1694639147660203,0.19617687824269026,9225,9.0
americredit,560,35,1734,26,17,0.1684423078296465,0.1592099930165425,0.1780408575290604,0.2082295894109083,9225,9.0
americredit,560,36,1300,17,16,0.1755092627546322,0.1656704219855359,0.18556480132734393,0.21858351016476563,9225,9.0
americredit,580,0,0,0,0,0.0,0.0,0.0,0.0,9357,9.0
americredit,580,1,0,0,0,0.0,0.0,0.0,0.0,9357,9.0
americredit,580,2,98,0,2,0.0,0.0,0.0,0.0,9357,9.0
americredit,580,3,1041,0,12,0.0,0.0,0.0,0.0,9357,9.0
americredit,580,4,1812,3,12,0.0016031452182376853,0.0,0.0035084071374698123,0.0016556291390728006,9357,9.0
americredit,580,5,2520,4,22,0.0031274055130382783,0.0011265977619369307,0.0055231039867113625,0.0032403027436139764,9357,9.0
americredit,580,6,3197,9,37,0.005802847065829498,0.0032446247155424215,0.008621543146813224,0.0060463200333567,9357,9.0
americredit,580,7,3789,12,49,0.008769440303392665,0.005552368637135555,0.012105664049777708,0.009194233509102201,9357,9.0
americredit,580,8,4411,24,51,0.013783931162442989,0.010401844022440132,0.01819767331886288,0.014585151304563837,9357,9.0
americredit,580,9,5108,22,69,0.01768583595253148,0.013599043792399599,0.022030228999217128,0.01882930296300156,9357,9.0
americredit,580,10,5633,18,43,0.020529189356770554,0.01670582853498497,0.025160083688481036,0.02196459011845442,9357,9.0
americredit,580,11,5726,33,62,0.025601805984219073,0.021645471810246914,0.03072028472800962,0.027601189581620833,9357,9.0
americredit,580,12,5695,38,68,0.031377357960743826,0.026970407712129784,0.03649233817925516,0.034089539853069284,9357,9.0
americredit,580,13,5664,22,70,0.0346768223523284,0.030493220217594902,0.03966541735789903,0.03784131070815977,9357,9.0
americredit,580,14,5675,35,74,0.039830699369924095,0.035178575076887694,0.04537430609916011,0.04377532905621517,9357,9.0
americredit,580,15,5628,34,68,0.044782168058714225,0.03966434686252076,0.04992507051791636,0.04955209501429769,9357,9.0
americredit,580,16,5590,37,67,0.050108839589006804,0.04435010099123427,0.05576269292287715,0.05584307399184174,9357,9.0
americredit,580,17,5533,32,73,0.054676557802995226,0.04880278489867829,0.06125975649380125,0.06130358757077925,9357,9.0
americredit,580,18,5467,29,76,0.05878652247454924,0.05279726314011964,0.06500375876549674,0.06628295394364325,9357,9.0
americredit,580,19,5412,41,73,0.06454347925847626,0.058472537245018115,0.07048972510332875,0.07335656792891865,9357,9.0
americredit,580,20,5339,36,57,0.06955954992798517,0.06313203558029931,0.07545044806120114,0.0796047723781711,9357,9.0
americredit,580,21,5309,39,58,0.07492914224793194,0.0676470402329168,0.08153559611829682,0.08636601062967819,9357,9.0
americredit,580,22,5270,46,76,0.08119280447676412,0.07346143165157985,0.08845724859376757,0.09434080446478921,9357,9.0
americredit,580,23,5210,47,54,0.08751647408470586,0.08004626094456196,0.09491667146130675,0.10251085862796672,9357,9.0
americredit,580,24,5182,33,64,0.09189394981858892,0.08449695420466564,0.09914262908809983,0.10822624683045168,9357,9.0
americredit,580,25,5131,46,65,0.09794118113927534,0.0905380344218695,0.10568870282158246,0.1162211002012955,9357,9.0
americredit,580,26,5057,38,54,0.10290016974196185,0.09507115080509738,0.1106550664818514,0.12286211230181976,9357,9.0
americredit,580,27,4984,39,52,0.10797025590231289,0.10001772347276282,0.11623808069918447,0.12972575147120757,9357,9.0
americredit,580,28,4903,39,76,0.11303000127914292,0.10516155909934995,0.12165977968487497,0.13664818583641725,9357,9.0
americredit,580,29,4740,46,55,0.11905834056160565,0.11088402664556789,0.12757842220705104,0.14502670555192887,9357,9.0
americredit,580,30,4089,38,57,0.12470810985457137,0.11646043191737683,0.13358919220033652,0.15297216536827196,9357,9.0
americredit,580,31,3554,25,58,0.12888523765647453,0.1202563891504577,0.13781717716684788,0.15893043657417893,9357,9.0
americredit,580,32,3046,34,38,0.13535877095146862,0.12531646627366985,0.1445699021892371,0.1683186063563451,9357,9.0
americredit,580,33,2587,23,30,0.140393021667085,0.12950737917362382,0.15087276230405358,0.17571275867710434,9357,9.0
americredit,580,34,2172,15,25,0.1442234298202714,0.1342717253774145,0.15482119580049802,0.18140535012270442,9357,9.0
americredit,580,35,1754,19,26,0.15012088985331107,0.14060522472238723,0.16045993792546603,0.19027268099366712,9357,9.0
americredit,580,36,1280,12,20,0.15509396182525095,0.14464041752675366,0.1662560899379811,0.1978638746093515,9357,9.0
americredit,600,0,0,0,0,0.0,0.0,0.0,0.0,9532,9.0
americredit,600,1,0,0,0,0.0,0.0,0.0,0.0,9532,9.0
americredit,600,2,106,0,3,0.0,0.0,0.0,0.0,9532,9.0
americredit,600,3,1031,0,15,0.0,0.0,0.0,0.0,9532,9.0
americredit,600,4,1853,3,16,0.0015502874720976253,0.0004970585218141653,0.0036232718153660724,0.0016189962223421839,9532,9.0
americredit,600,5,2582,3,23,0.0026514599058029098,0.0007666327098072684,0.00484775594736658,0.0027790051345547573,9532,9.0
americredit,600,6,3196,4,33,0.003825676318214552,0.0017759093592301057,0.00610845585035597,0.004027091486076051,9532,9.0
americredit,600,7,3830,9,42,0.006004798173389187,0.0033577802612750935,0.009129343096482785,0.006367497798510868,9532,9.0
americredit,600,8,4520,16,68,0.009243697481434396,0.006328158998437316,0.012474460375490841,0.009884780992144515,9532,9.0
americredit,600,9,5206,25,78,0.013555956572653828,0.01009618642842075,0.01728055857717569,0.014639464141433134,9532,9.0
americredit,600,10,5794,15,82,0.015834740639877793,0.0122108644333092,0.01935619019351858,0.017190449305029665,9532,9.0
americredit,600,11,5855,28,78,0.01997368193526405,0.015344145799611592,0.023879238932199898,0.021890477899301097,9532,9.0
americredit,600,12,5832,30,74,0.024345149731261916,0.019909237418082502,0.02823401178186996,0.026921905482123587,9532,9.0
americredit,600,13,5804,19,85,0.02707749284620586,0.022856932495793337,0.030994759825981953,0.03010737822434273,9532,9.0
americredit,600,14,5783,35,77,0.032038517004412924,0.027326527705129,0.03632442153745463,0.03597738371667336,9532,9.0
americredit,600,15,5743,31,92,0.036377478761767015,0.03190303198349318,0.040891593351230264,0.041181057947003,9532,9.0
americredit,600,16,5682,40,83,0.04191504846719332,0.036872189113735826,0.046982492117030095,0.04793092730323667,9532,9.0
americredit,600,17,5611,33,87,0.04644120489987617,0.041324474584442286,0.051645086425258856,0.05353033550123931,9532,9.0
americredit,600,18,5533,32,77,0.05079688897229877,0.04579148863610067,0.05630123038012966,0.059004224759139245,9532,9.0
americredit,600,19,5486,29,76,0.05469961683558591,0.04938266940902386,0.06000494610823409,0.06397850063992394,9532,9.0
americredit,600,20,5420,34,89,0.0592423046680063,0.053748635714236784,0.0648197395000755,0.0698502222226256,9532,9.0
americredit,600,21,5343,43,84,0.06493800630224034,0.058941322521575606,0.06995769459940514,0.07733598685755483,9532,9.0
americredit,600,22,5275,39,70,0.070046095839295,0.06389584994574248,0.07593098421326616,0.08415757861348949,9532,9.0
americredit,600,23,5233,35,77,0.07457158579796387,0.0682861498785732,0.08028551554877869,0.09028302954957346,9532,9.0
americredit,600,24,5176,39,80,0.07956069116921242,0.07300868163860459,0.08571524270472923,0.09713754304408018,9532,9.0
americredit,600,25,5109,37,70,0.08424576937162519,0.07698062835524537,0.09048533646860779,0.10367618287719216,9532,9.0
americredit,600,26,5028,44,78,0.08978840354679893,0.08232771529516267,0.09596148959852761,0.11151990760937258,9532,9.0
americredit,600,27,4928,40,65,0.0948046674309862,0.08761129532317018,0.10118792250605166,0.11873159667098476,9532,9.0
americredit,600,28,4839,43,74,0.10017932103027176,0.09292465467613592,0.10681590282026789,0.1265626653511145,9532,9.0
americredit,600,29,4678,39,67,0.10509985682641416,0.09741138622964896,0.11140787310914198,0.13384442166819577,9532,9.0
americredit,600,30,4056,34,62,0.10993528549453954,0.10257512702313176,0.1164317466852688,0.14110509466210142,9532,9.0
americredit,600,31,3526,28,54,0.1144075447678516,0.10645553840264081,0.12103794079976846,0.14792558738741657,9532,9.0
americredit,600,32,3020,27,42,0.11932554908794078,0.11126645642130963,0.1259362374414601,0.1555434712087873,9532,9.0
americredit,600,33,2624,25,45,0.12444673484780104,0.1156493562960387,0.1308289578372808,0.1635889792955938,9532,9.0
americredit,600,34,2199,13,32,0.12753966089780341,0.11891120777352404,0.13419006904206718,0.16853365563445566,9532,9.0
americredit,600,35,1743,16,28,0.1322439551467677,0.12309665088493732,0.140657201932165,0.1761661636722346,9532,9.0
americredit,600,36,1264,4,17,0.13382476921500155,0.12462870176948564,0.14233301770174328,0.1787732327745376,9532,9.0
americredit,620,0,0,0,0,0.0,0.0,0.0,0.0,15169,8.0
americredit,620,1,0,0,0,0.0,0.0,0.0,0.0,15169,8.0
americredit,620,2,143,0,1,0.0,0.0,0.0,0.0,15169,8.0
americredit,620,3,1570,0,18,0.0,0.0,0.0,0.0,15169,8.0
americredit,620,4,2975,0,43,0.0,0.0,0.0,0.0,15169,8.0
americredit,620,5,4194,5,41,0.0011533548481851763,0.00023143906177953776,0.0021340571098784687,0.001192179303767249,15169,8.0
americredit,620,6,5339,8,69,0.0025870663028462323,0.001301552182183988,0.0041407457841039575,0.002688800874392827,15169,8.0
americredit,620,7,6370,17,91,0.005103770079636855,0.0033962523548057523,0.006735781264851024,0.005350384922294782,15169,8.0
americredit,620,8,7471,7,114,0.005972361522248996,0.004122252915024287,0.007884496897750358,0.0062823280765638145,15169,8.0
americredit,620,9,8636,30,120,0.00914056791899314,0.006860675648546238,0.011064128686173591,0.00973433481089725,15169,8.0
americredit,620,10,9658,19,119,0.010903605781120032,0.00834925087881402,0.012865475973511275,0.011682465649434537,15169,8.0
americredit,620,11,9787,18,143,0.012528286039325407,0.00981775022641178,0.014914147373380978,0.01350015397254789,15169,8.0
americredit,620,12,9719,25,142,0.01476319420395782,0.011948887951627657,0.017305479924625725,0.01603770888053091,15169,8.0
americredit,620,13,9669,34,146,0.017765890055902546,0.014962775519792871,0.020086224427243546,0.019497706594675313,15169,8.0
americredit,620,14,9627,45,140,0.021683078057355743,0.0186052266126292,0.024615471729207677,0.024080920805046202,15169,8.0
americredit,620,15,9538,43,147,0.025388494594058075,0.02206466147916737,0.028503065481918166,0.0284806398662103,15169,8.0
americredit,620,16,9460,29,123,0.027857909953140893,0.024508875582892654,0.03098080133561782,0.031458870462814925,15169,8.0
americredit,620,17,9385,42,151,0.03140496178867595,0.02817173269796723,0.0348477088378808,0.03579331131956098,15169,8.0
americredit,620,18,9258,54,128,0.03593294537430297,0.03235388644251779,0.039246261836938204,0.041417329594430785,15169,8.0
americredit,620,19,9160,53,141,0.04033632336279358,0.03636206962973145,0.043968685453836046,0.04696371404110056,15169,8.0
americredit,620,20,9033,43,144,0.04388237681236046,0.03966831871258887,0.047670771110156,0.051500474839975,15169,8.0
americredit,620,21,8931,47,146,0.04772140698502485,0.0434080557107977,0.051293187707989234,0.05649201864050368,15169,8.0
americredit,620,22,8822,39,132,0.050876653251131616,0.046170195914163346,0.054605620137996615,0.06066304689634372,15169,8.0
americredit,620,23,8757,54,131,0.05519257315754156,0.05064991127520839,0.05908075655418541,0.06645546387334467,15169,8.0
americredit,620,24,8670,47,114,0.058906561528625466,0.053758168367061744,0.06299788431364255,0.07151620126641889,15169,8.0
americredit,620,25,8600,47,133,0.06258125072043395,0.057501600536556556,0.06705038720549009,0.07659047318973033,15169,8.0
americredit,620,26,8463,49,116,0.06639284428228728,0.06115725977273046,0.07070047423163764,0.08193693033420668,15169,8.0
americredit,620,27,8327,47,137,0.07003612997619221,0.06475611153609843,0.07433488814188832,0.08711874422567933,15169,8.0
americredit,620,28,8168,58,130,0.07451833863040361,0.068720046582257,0.07880662748261204,0.09360100583622177,15169,8.0
americredit,620,29,7915,57,119,0.07895944222779527,0.07289434057571119,0.08361720589881004,0.10012845279356042,15169,8.0
americredit,620,30,6955,32,133,0.08173374425381934,0.07549743039491749,0.08613998241592902,0.10426876760457493,15169,8.0
americredit,620,31,5982,32,109,0.08488277647660493,0.07890157872321714,0.0893288444378251,0.10906037566820814,15169,8.0
americredit,620,32,5104,41,76,0.08950007042341697,0.08300700807943973,0.09454341459384187,0.11621721826178244,15169,8.0
americredit,620,33,4309,16,55,0.09158545675946929,0.08509169786802853,0.0971061375452253,0.11949884381476727,15169,8.0
americredit,620,34,3650,30,61,0.09612545708079961,0.08939561108722774,0.10172133550928282,0.12673583961902946,15169,8.0
americredit,620,35,2934,18,50,0.0994297231633384,0.0929918407352099,0.10520751912793432,0.13209328845572255,15169,8.0
americredit,620,36,2131,11,34,0.10214546153651004,0.09539847383289715,0.10799488000904292,0.13657333248528003,15169,8.0
americredit,640,0,0,0,0,0.0,0.0,0.0,0.0,2643,8.0
americredit,640,1,0,0,0,0.0,0.0,0.0,0.0,2643,8.0
americredit,640,2,27,0,0,0.0,0.0,0.0,0.0,2643,8.0
americredit,640,3,305,0,2,0.0,0.0,0.0,0.0,2643,8.0
americredit,640,4,554,0,2,0.0,0.0,0.0,0.0,2643,8.0
americredit,640,5,771,1,5,0.001283860165355257,0.0,0.003987746482384197,0.0012970168612191912,2643,8.0
americredit,640,6,958,3,10,0.004359495947704229,0.0010088025531569175,0.009455298382713556,0.004424479230129785,2643,8.0
americredit,640,7,1120,6,9,0.00954963133041812,0.005123915379018125,0.016462348655072002,0.009757919519968405,2643,8.0
americredit,640,8,1317,5,12,0.01317852249588183,0.007328218092629322,0.020775439011283668,0.013517380721487116,2643,8.0
americredit,640,9,1516,4,22,0.015667999284854295,0.009698118905153288,0.023793503525780735,0.016120237236733836,2643,8.0
americredit,640,10,1671,3,23,0.017332864821465146,0.010892804510076418,0.02646862245928698,0.017886628193220844,2643,8.0
americredit,640,11,1694,15,25,0.025416406166579815,0.017394201197425282,0.03548166081625878,0.0265830275893848,2643,8.0
americredit,640,12,1675,15,20,0.03339860162020349,0.024085628659940905,0.04307517677131169,0.0353001945064948,2643,8.0
americredit,640,13,1664,9,24,0.03811884220095211,0.028599145209414648,0.048902329354137915,0.040517921819861136,2643,8.0
americredit,640,14,1657,6,27,0.041216292366794395,0.03164190553370742,0.05306348722607311,0.04399220816209459,2643,8.0
americredit,640,15,1646,4,29,0.043253659345055984,0.03345822494184315,0.0551515741475104,0.0463154348737298,2643,8.0
americredit,640,16,1628,14,26,0.05031874243828437,0.039547347514825464,0.06106717329870705,0.05451665349275181,2643,8.0
americredit,640,17,1600,12,27,0.05632910955545223,0.043602759793283444,0.0674613851794626,0.061607778591556084,2643,8.0
americredit,640,18,1568,9,26,0.06081676089628404,0.0495286245402823,0.07338637267568064,0.06699395843382394,2643,8.0
americredit,640,19,1553,10,21,0.06573882536326205,0.05400270738579503,0.07933927905761395,0.07300172431641361,2643,8.0
americredit,640,20,1540,8,20,0.06963045243793245,0.058463349700078764,0.08443886707565423,0.07781729977451013,2643,8.0
americredit,640,21,1524,7,20,0.07300881373700656,0.06138452263567311,0.08641207373399462,0.08205304708525707,2643,8.0
americredit,640,22,1511,14,14,0.07970293268434467,0.06704653246050873,0.09376786944510339,0.09055818099710766,2643,8.0
americredit,640,23,1498,12,21,0.08538329415615609,0.0713861070164777,0.09993132645780928,0.09784342921341915,2643,8.0
americredit,640,24,1484,13,18,0.09145823150064443,0.0768067626159201,0.1057612583655846,0.10574641804106433,2643,8.0
americredit,640,25,1468,5,14,0.09377087139834449,0.07953284961142379,0.10848965668362319,0.10879224086789996,2643,8.0
americredit,640,26,1457,8,22,0.09745077828841162,0.0829646267841945,0.112177439270014,0.11368562595579068,2643,8.0
americredit,640,27,1432,17,23,0.10524327665137762,0.09104382083187441,0.12089723985134221,0.12420751447447198,2643,8.0
americredit,640,28,1398,10,23,0.1098074261596031,0.0958054877688345,0.1261703802279996,0.1304721245283027,2643,8.0
americredit,640,29,1347,15,24,0.11674513671497923,0.10246943215545791,0.13264772598254673,0.140155063007943,2643,8.0
americredit,640,30,1149,13,14,0.12358986141956965,0.10862661984094901,0.14047073183316994,0.14988350877025525,2643,8.0
americredit,640,31,980,6,15,0.1272067128097818,0.11090079094376408,0.14521613406547157,0.15508830361451897,2643,8.0
americredit,640,32,843,10,17,0.13406428592803693,0.11598389598884067,0.15089592189219597,0.1651109809144653,2643,8.0
americredit,640,33,716,4,13,0.1371904198188169,0.11888725819722658,0.1540475498842552,0.16977516537863035,2643,8.0
americredit,640,34,610,5,7,0.14166822225663497,0.12367507686472333,0.1596293612125071,0.1765802869738875,2643,8.0
americredit,640,35,470,1,6,0.14280768006847122,0.12478195201010171,0.16041297248118352,0.17833224381011326,2643,8.0
americredit,640,36,352,4,8,0.14880278196483698,0.1313198368964515,0.1676569894834671,0.18766937740318013,2643,8.0
americredit,660,0,0,0,0,0.0,0.0,0.0,0.0,1872,8.0
americredit,660,1,0,0,0,0.0,0.0,0.0,0.0,1872,8.0
americredit,660,2,20,0,1,0.0,0.0,0.0,0.0,1872,8.0
americredit,660,3,220,0,2,0.0,0.0,0.0,0.0,1872,8.0
americredit,660,4,417,0,9,0.0,0.0,0.0,0.0,1872,8.0
americredit,660,5,570,1,7,0.001615870939611947,0.0,0.005269907675521005,0.0017543859649122862,1872,8.0
americredit,660,6,708,0,5,0.001615870939611947,0.0,0.005269907675521005,0.0017543859649122862,1872,8.0
americredit,660,7,849,1,10,0.0026779512635016767,0.0,0.007167276723536055,0.0029301758518793797,1872,8.0
americredit,660,8,979,3,16,0.005405295425155181,0.000943233380238909,0.010766398774462099,0.0059855481424252455,1872,8.0
americredit,660,9,1118,2,15,0.006966565786030175,0.002197270356645479,0.01230586311358975,0.007763749308538959,1872,8.0
americredit,660,10,1227,6,17,0.011169398713471173,0.005069736249223745,0.017431738762540408,0.012615760314365176,1872,8.0
americredit,660,11,1246,4,13,0.013876841648002453,0.008023649120404585,0.020809605407965424,0.015785533154447418,1872,8.0
americredit,660,12,1244,9,16,0.019895134714491697,0.012640504596679291,0.02774252399729305,0.022906055824551852,1872,8.0
americredit,660,13,1235,3,28,0.021875242473749563,0.014387122531398677,0.029555656877699607,0.025279563381253256,1872,8.0
americredit,660,14,1221,10,19,0.02838370477827173,0.01998985655798603,0.03776276925803633,0.03326253174012905,1872,8.0
americredit,660,15,1208,9,13,0.03416373653347983,0.025498416673078592,0.044432910373362944,0.040465045990409565,1872,8.0
americredit,660,16,1198,2,10,0.03543532207636182,0.026610977037828422,0.04572294772050526,0.04206694073833872,1872,8.0
americredit,660,17,1195,15,18,0.04490038768634951,0.033387578547582675,0.057368091855008095,0.05409120508053533,1872,8.0
americredit,660,18,1165,7,16,0.04930604397657211,0.037545646121862425,0.06155501766625037,0.05977477723884972,1872,8.0
americredit,660,19,1145,11,18,0.056211078825951555,0.04342890401844555,0.06985165225975432,0.06880750863655505,1872,8.0
americredit,660,20,1126,9,21,0.061810478957323035,0.04847289578871985,0.07508921783689343,0.07625043263501952,1872,8.0
americredit,660,21,1104,3,16,0.06366342054668993,0.049513164878532606,0.07734236898122025,0.07876062167677211,1872,8.0
americredit,660,22,1094,6,14,0.06733881656947435,0.052742435707390824,0.08150049620340545,0.08381312283759412,1872,8.0
americredit,660,23,1086,9,18,0.07279099243752749,0.057550544294065156,0.08609618668086738,0.09140583176435446,1872,8.0
americredit,660,24,1074,11,9,0.0793616935224593,0.06419258047928483,0.09507075131859224,0.10071173106658171,1872,8.0
americredit,660,25,1062,8,11,0.08410438754301613,0.06939853160839113,0.10028991570984981,0.10748603064423456,1872,8.0
americredit,660,26,1048,8,12,0.08882445420660467,0.07224439226801439,0.10357296729085638,0.1142991143797748,1872,8.0
americredit,660,27,1029,8,19,0.09353993382776019,0.07675780590641428,0.11038583754377995,0.12118502991423719,1872,8.0
americredit,660,28,1005,9,19,0.0988290128356682,0.0812406604148192,0.11534675376353136,0.12905501472097536,1872,8.0
americredit,660,29,966,8,17,0.10358395204958687,0.0846984097798089,0.12160814266993177,0.13626780963011842,1872,8.0
americredit,660,30,829,5,13,0.10695729176633707,0.08775618931830828,0.12617716699131834,0.14147729208108273,1872,8.0
americredit,660,31,704,7,12,0.11239776039474358,0.09226000339890338,0.13349682731298976,0.1500137394609583,1872,8.0
americredit,660,32,600,3,8,0.11505970397364249,0.09579965455828858,0.13673416044872372,0.15426367076365355,1872,8.0
americredit,660,33,505,6,10,0.121269148599272,0.10024978976580969,0.14426124622957603,0.16431202319022398,1872,8.0
americredit,660,34,410,6,4,0.12867504718935208,0.10568994872190873,0.15122245525067782,0.17654160333865976,1872,8.0
americredit,660,35,322,2,6,0.13174167186433347,0.10747752252911599,0.1542721765369226,0.18165625176512767,1872,8.0
americredit,660,36,231,2,1,0.13591015735326922,0.11149174500721534,0.15990364905294585,0.18874147902257243,1872,8.0
americredit,680,0,0,0,0,0.0,0.0,0.0,0.0,787,7.0
americredit,680,1,0,0,0,0.0,0.0,0.0,0.0,787,7.0
americredit,680,2,8,0,1,0.0,0.0,0.0,0.0,787,7.0
americredit,680,3,119,0,1,0.0,0.0,0.0,0.0,787,7.0
americredit,680,4,196,0,0,0.0,0.0,0.0,0.0,787,7.0
americredit,680,5,261,0,2,0.0,0.0,0.0,0.0,787,7.0
americredit,680,6,327,1,7,0.0026330226983408223,0.0,0.007940308488248603,0.003058103975535187,787,7.0
americredit,680,7,385,2,3,0.006996317455591327,0.0,0.014020574302946173,0.008237022915921988,787,7.0
americredit,680,8,443,2,7,0.01073909851147212,0.001741548511738402,0.02078480394581098,0.012714508139777925,787,7.0
americredit,680,9,509,0,9,0.01073909851147212,0.001741548511738402,0.02078480394581098,0.012714508139777925,787,7.0
americredit,680,10,566,2,6,0.013558259927975528,0.002645149389431345,0.023218765375990495,0.01620314945377166,787,7.0
americredit,680,11,578,3,6,0.017640678795818696,0.005575203172701624,0.029245985238679318,0.02130936148082818,787,7.0
americredit,680,12,574,3,7,0.02168753652369807,0.007486598649561632,0.035884301462992395,0.02642446934765308,787,7.0
americredit,680,13,576,4,5,0.026970934112873924,0.011626045810437571,0.04179779773256415,0.033185410532738824,787,7.0
americredit,680,14,576,5,9,0.033471989740180154,0.014899701843539089,0.048902345555883374,0.04157789828853109,787,7.0
americredit,680,15,564,5,7,0.03994999197873707,0.018337477131073702,0.05868879508728736,0.050074548126398666,787,7.0
americredit,680,16,560,7,8,0.04888963506794561,0.02544528096554819,0.0698579482788575,0.061948616274818624,787,7.0
americredit,680,17,549,7,14,0.057764144145575215,0.030608871043892098,0.08138581985851828,0.07390919858096856,787,7.0
americredit,680,18,529,5,2,0.06409109633702598,0.034797594430254784,0.08777923351405854,0.08266241976640365,787,7.0
americredit,680,19,529,3,7,0.06783703476115145,0.03653456286974293,0.09210591832493872,0.08786471228190618,787,7.0
americredit,680,20,525,9,6,0.07894641785898644,0.04157308691618961,0.10506167487208606,0.10350131721421629,787,7.0
americredit,680,21,513,4,11,0.08385504716797136,0.04448375385423184,0.11044005099603112,0.1104915603548462,787,7.0
americredit,680,22,505,7,8,0.09232607774773445,0.0487156315762539,0.11946490963410762,0.12282138031032364,787,7.0
americredit,680,23,495,8,8,0.10190946587837552,0.055240544533626576,0.1290417088676167,0.13699800446692445,787,7.0
americredit,680,24,480,7,11,0.11027746077473996,0.06112447446896026,0.1396555852688628,0.1495834502351151,787,7.0
americredit,680,25,463,7,9,0.11862738224800211,0.06848294432731641,0.15175915625894235,0.16244071988598807,787,7.0
americredit,680,26,448,10,4,0.1305292154704134,0.07180795736292184,0.16342435446221892,0.18113623953139013,787,7.0
americredit,680,27,435,5,7,0.13646645181354733,0.0758971381196506,0.17140547087432123,0.19054846666321323,787,7.0
americredit,680,28,423,5,6,0.14240368815668125,0.08080323161967724,0.18075103037180598,0.2001164516908348,787,7.0
americredit,680,29,410,7,2,0.15075636601697306,0.08646601074251407,0.1899372372472096,0.21377300007660105,787,7.0
americredit,680,30,345,3,8,0.154917140951106,0.09081143287238563,0.19789710337992392,0.220609756597674,787,7.0
americredit,680,31,293,4,3,0.16124114016840022,0.09188581243006827,0.20673446973200352,0.23124989643934402,787,7.0
americredit,680,32,257,6,6,0.1717975435311209,0.09714786561464524,0.22153979390568682,0.24919736967422312,787,7.0
americredit,680,33,219,3,4,0.17770238102853314,0.09996906693119592,0.2265967488047946,0.25948233721293246,787,7.0
americredit,680,34,184,0,0,0.17770238102853314,0.09996906693119592,0.2265967488047946,0.25948233721293246,787,7.0
americredit,680,35,154,2,5,0.18312153925126645,0.10866890406543993,0.23240806161218502,0.26909944971666055,787,7.0
americredit,680,36,108,1,5,0.18680957748618218,0.11061564351494653,0.23902042628335346,0.2758670474044693,787,7.0
americredit,700,0,0,0,0,0.0,0.0,0.0,0.0,408,7.0
americredit,700,1,0,0,0,0.0,0.0,0.0,0.0,408,7.0
americredit,700,2,8,0,0,0.0,0.0,0.0,0.0,408,7.0
americredit,700,3,65,0,0,0.0,0.0,0.0,0.0,408,7.0
americredit,700,4,119,0,0,0.0,0.0,0.0,0.0,408,7.0
americredit,700,5,151,0,1,0.0,0.0,0.0,0.0,408,7.0
americredit,700,6,185,1,1,0.005369608018614642,0.0,0.01639739966082533,0.00540540540540535,408,7.0
americredit,700,7,215,1,4,0.009940018564691289,0.0,0.023599501665730913,0.01003142677561275,408,7.0
americredit,700,8,240,1,2,0.013939127792508357,0.0,0.027413112567404366,0.014156295830714316,408,7.0
americredit,700,9,278,2,4,0.020757752878786378,0.0035437076149984056,0.03596450367780913,0.02124869658013362,408,7.0
americredit,700,10,303,2,5,0.026878762857227373,0.008440605556635455,0.042985481309276576,0.027709101223169053,408,7.0
americredit,700,11,305,0,8,0.026878762857227373,0.008440605556635455,0.042985481309276576,0.027709101223169053,408,7.0
americredit,700,12,304,1,7,0.029780565214996488,0.011347685762932422,0.04659332801469989,0.030907426548092864,408,7.0
americredit,700,13,298,1,6,0.032662892389156414,0.014404408635430471,0.052703233116560756,0.0341594150496094,408,7.0
americredit,700,14,294,6,5,0.04978038642345312,0.026542031742976806,0.07291555471517551,0.053870447395535814,408,7.0
americredit,700,15,288,1,6,0.05258377230985704,0.030981190183254438,0.07612392917562054,0.05715561945319014,408,7.0
americredit,700,16,282,1,7,0.055377217111557395,0.03210514756618323,0.07979029107473007,0.06049903924236322,408,7.0
americredit,700,17,275,6,3,0.07207693803517698,0.04398098966639177,0.10082542573002562,0.08099724202252989,408,7.0
americredit,700,18,268,2,5,0.07760197008204614,0.047335529832999206,0.10874409025423071,0.08785547155967521,408,7.0
americredit,700,19,265,4,2,0.08848524075550163,0.059100417432835506,0.12027372499201117,0.1016236908568876,408,7.0
americredit,700,20,260,1,4,0.09119559374052563,0.05956212652257032,0.1208715022002994,0.10507898435359186,408,7.0
americredit,700,21,257,5,2,0.10464189746000273,0.07389874576718085,0.1308859350889083,0.12248989905488394,408,7.0
americredit,700,22,252,7,5,0.1233173192926098,0.09191164841210428,0.1511617383745795,0.14686517963669277,408,7.0
americredit,700,23,242,4,1,0.1339007932945595,0.09976551715700291,0.16130508192947587,0.16096658162616884,408,7.0
americredit,700,24,239,3,3,0.1417719753190221,0.10807152531905855,0.17300635269161882,0.17149838185680266,408,7.0
americredit,700,25,236,5,6,0.154723849695433,0.11968446585892518,0.19017832378068134,0.18905138224119233,408,7.0
americredit,700,26,226,4,4,0.1650395018536364,0.12774956059610224,0.2052043136664277,0.2034044551218792,408,7.0
americredit,700,27,219,2,1,0.1701737762154819,0.1313243030252477,0.2053475883206507,0.21067930028058346,408,7.0
americredit,700,28,216,6,0,0.18557659930101844,0.14538371499461528,0.22285351111357188,0.2326048752727895,408,7.0
americredit,700,29,208,0,3,0.18557659930101844,0.14538371499461528,0.22285351111357188,0.2326048752727895,408,7.0
americredit,700,30,179,1,3,0.18854488614133658,0.14587560414570075,0.2236400541951012,0.23689199887461754,408,7.0
americredit,700,31,146,2,6,0.1956606422653869,0.1531579554936828,0.23092416284009826,0.24734553313660912,408,7.0
americredit,700,32,125,3,0,0.20744433440681423,0.15997408310380923,0.2476411719548912,0.2654092403413305,408,7.0
americredit,700,33,106,1,1,0.21196512195792785,0.16925204149031978,0.25090869543707145,0.2723393418475444,408,7.0
americredit,700,34,89,0,0,0.21196512195792785,0.16925204149031978,0.25090869543707145,0.2723393418475444,408,7.0
americredit,700,35,73,0,2,0.21196512195792785,0.16925204149031978,0.25090869543707145,0.2723393418475444,408,7.0
americredit,700,36,49,0,0,0.21196512195792785,0.16925204149031978,0.25090869543707145,0.2723393418475444,408,7.0
americredit,720,0,0,0,0,0.0,0.0,0.0,0.0,254,9.0
americredit,720,1,0,0,0,0.0,0.0,0.0,0.0,254,9.0
americredit,720,2,4,0,0,0.0,0.0,0.0,0.0,254,9.0
americredit,720,3,29,0,1,0.0,0.0,0.0,0.0,254,9.0
americredit,720,4,44,0,0,0.0,0.0,0.0,0.0,254,9.0
americredit,720,5,63,0,0,0.0,0.0,0.0,0.0,254,9.0
americredit,720,6,81,0,2,0.0,0.0,0.0,0.0,254,9.0
americredit,720,7,105,1,2,0.008968355328508586,0.0,0.0278979885168004,0.00952380952380949,254,9.0
americredit,720,8,120,1,3,0.016591457357740882,0.0,0.04272800443254226,0.01777777777777767,254,9.0
americredit,720,9,140,0,1,0.016591457357740882,0.0,0.04272800443254226,0.01777777777777767,254,9.0
americredit,720,10,169,0,0,0.016591457357740882,0.0,0.04272800443254226,0.01777777777777767,254,9.0
americredit,720,11,177,1,7,0.021551703407754665,0.0,0.049868401758905986,0.023327055869428626,254,9.0
americredit,720,12,171,1,9,0.026453934884084075,0.005207249859078168,0.05345233391666301,0.029038593554402636,254,9.0
americredit,720,13,162,2,1,0.03619787646049192,0.013982454079506492,0.07117364530012375,0.041025771411755785,254,9.0
americredit,720,14,162,0,4,0.03619787646049192,0.013982454079506492,0.07117364530012375,0.041025771411755785,254,9.0
americredit,720,15,160,4,1,0.05508578543290842,0.027469231772176524,0.09511077932889221,0.06500012712646186,254,9.0
americredit,720,16,156,0,3,0.05508578543290842,0.027469231772176524,0.09511077932889221,0.06500012712646186,254,9.0
americredit,720,17,157,1,1,0.059657959625306525,0.031543943166165204,0.10124150133369136,0.07095554032947804,254,9.0
americredit,720,18,157,2,2,0.06868581949564673,0.04029289199379342,0.10981843053375602,0.08279050159916623,254,9.0
americredit,720,19,157,2,4,0.07748367019731583,0.045855860073631134,0.12239155216610287,0.09447469903102401,254,9.0
americredit,720,20,154,0,2,0.07748367019731583,0.045855860073631134,0.12239155216610287,0.09447469903102401,254,9.0
americredit,720,21,152,1,3,0.08179690219716011,0.047175484986804454,0.12970970044917673,0.1004321023268725,254,9.0
americredit,720,22,152,0,4,0.08179690219716011,0.047175484986804454,0.12970970044917673,0.1004321023268725,254,9.0
americredit,720,23,152,4,4,0.09815372936554463,0.058383468218689435,0.14632962511802444,0.12410494173932318,254,9.0
americredit,720,24,144,0,2,0.09815372936554463,0.058383468218689435,0.14632962511802444,0.12410494173932318,254,9.0
americredit,720,25,144,3,8,0.11025096612549568,0.06890449476425603,0.16307862946081156,0.14235275545308734,254,9.0
americredit,720,26,135,0,3,0.11025096612549568,0.06890449476425603,0.16307862946081156,0.14235275545308734,254,9.0
americredit,720,27,132,0,1,0.11025096612549568,0.06890449476425603,0.16307862946081156,0.14235275545308734,254,9.0
americredit,720,28,132,1,0,0.1141935429318673,0.07248273652055912,0.1669737108338509,0.14885008306329117,254,9.0
americredit,720,29,131,0,4,0.1141935429318673,0.07248273652055912,0.1669737108338509,0.14885008306329117,254,9.0
americredit,720,30,117,2,0,0.12275264129783647,0.07827820999306707,0.17245033770374793,0.16339965429297854,254,9.0
americredit,720,31,109,0,1,0.12275264129783647,0.07827820999306707,0.17245033770374793,0.16339965429297854,254,9.0
americredit,720,32,100,0,4,0.12275264129783647,0.07827820999306707,0.17245033770374793,0.16339965429297854,254,9.0
americredit,720,33,85,1,0,0.1282600261676219,0.07902430796476652,0.1781637645481567,0.17324201130129635,254,9.0
americredit,720,34,73,0,1,0.1282600261676219,0.07902430796476652,0.1781637645481567,0.17324201130129635,254,9.0
americredit,720,35,64,0,0,0.1282600261676219,0.07902430796476652,0.1781637645481567,0.17324201130129635,254,9.0
americredit,720,36,54,0,2,0.1282600261676219,0.07902430796476652,0.1781637645481567,0.17324201130129635,254,9.0
americredit,740,0,0,0,0,0.0,0.0,0.0,0.0,95,8.0
americredit,740,1,0,0,0,0.0,0.0,0.0,0.0,95,8.0
americredit,740,2,0,0,0,0.0,0.0,0.0,0.0,95,8.0
americredit,740,3,12,0,1,0.0,0.0,0.0,0.0,95,8.0
americredit,740,4,19,0,0,0.0,0.0,0.0,0.0,95,8.0
americredit,740,5,22,0,0,0.0,0.0,0.0,0.0,95,8.0
americredit,740,6,29,0,0,0.0,0.0,0.0,0.0,95,8.0
americredit,740,7,38,0,0,0.0,0.0,0.0,0.0,95,8.0
americredit,740,8,47,0,2,0.0,0.0,0.0,0.0,95,8.0
americredit,740,9,51,1,0,0.017209011264080098,0.0,0.053414115646258524,0.019607843137254943,95,8.0
americredit,740,10,64,0,0,0.017209011264080098,0.0,0.053414115646258524,0.019607843137254943,95,8.0
americredit,740,11,66,1,2,0.030246141009595322,0.0,0.07961783578390892,0.03446226975638744,95,8.0
americredit,740,12,64,1,1,0.04307956560283687,0.0,0.1046726097474916,0.04954879679144386,95,8.0
americredit,740,13,64,0,1,0.04307956560283687,0.0,0.1046726097474916,0.04954879679144386,95,8.0
americredit,740,14,65,2,0,0.06717925620918375,0.014759720042316305,0.1350010122780345,0.07879344919786102,95,8.0
americredit,740,15,65,1,1,0.07885833704149031,0.025208318661502548,0.14792254323619994,0.09296585767174004,95,8.0
americredit,740,16,65,1,0,0.09017806154049514,0.027176257396352415,0.16417571285768565,0.1069202290921748,95,8.0
americredit,740,17,65,0,3,0.09017806154049514,0.027176257396352415,0.16417571285768565,0.1069202290921748,95,8.0
americredit,740,18,63,2,1,0.11211538354882292,0.04539946535721727,0.19739335876575498,0.13527196785115336,95,8.0
americredit,740,19,60,0,0,0.11211538354882292,0.04539946535721727,0.19739335876575498,0.13527196785115336,95,8.0
americredit,740,20,61,0,0,0.11211538354882292,0.04539946535721727,0.19739335876575498,0.13527196785115336,95,8.0
americredit,740,21,62,0,2,0.11211538354882292,0.04539946535721727,0.19739335876575498,0.13527196785115336,95,8.0
americredit,740,22,61,0,2,0.11211538354882292,0.04539946535721727,0.19739335876575498,0.13527196785115336,95,8.0
americredit,740,23,63,0,2,0.11211538354882292,0.04539946535721727,0.19739335876575498,0.13527196785115336,95,8.0
americredit,740,24,61,0,1,0.11211538354882292,0.04539946535721727,0.19739335876575498,0.13527196785115336,95,8.0
americredit,740,25,60,0,2,0.11211538354882292,0.04539946535721727,0.19739335876575498,0.13527196785115336,95,8.0
americredit,740,26,59,1,0,0.12172756664531767,0.05322358084605481,0.20490418530913818,0.14992837517571,95,8.0
americredit,740,27,58,0,3,0.12172756664531767,0.05322358084605481,0.20490418530913818,0.14992837517571,95,8.0
americredit,740,28,56,1,0,0.1311681036150893,0.06588259083656514,0.20950527027839497,0.16510822561900096,95,8.0
americredit,740,29,55,0,1,0.1311681036150893,0.06588259083656514,0.20950527027839497,0.16510822561900096,95,8.0
americredit,740,30,50,0,2,0.1311681036150893,0.06588259083656514,0.20950527027839497,0.16510822561900096,95,8.0
americredit,740,31,44,0,0,0.1311681036150893,0.06588259083656514,0.20950527027839497,0.16510822561900096,95,8.0
americredit,740,32,43,0,2,0.1311681036150893,0.06588259083656514,0.20950527027839497,0.16510822561900096,95,8.0
americredit,740,33,39,0,0,0.1311681036150893,0.06588259083656514,0.20950527027839497,0.16510822561900096,95,8.0
americredit,740,34,34,0,1,0.1311681036150893,0.06588259083656514,0.20950527027839497,0.16510822561900096,95,8.0
americredit,740,35,29,1,0,0.14678569717143716,0.07064918571648472,0.2464123250698381,0.19389759714938015,95,8.0
americredit,740,36,24,0,1,0.14678569717143716,0.07064918571648472,0.2464123250698381,0.19389759714938015,95,8.0
americredit,760,0,0,0,0,0.0,0.0,0.0,0.0,38,9.0
americredit,760,1,0,0,0,0.0,0.0,0.0,0.0,38,9.0
americredit,760,2,1,0,0,0.0,0.0,0.0,0.0,38,9.0
americredit,760,3,5,0,0,0.0,0.0,0.0,0.0,38,9.0
americredit,760,4,8,0,0,0.0,0.0,0.0,0.0,38,9.0
americredit,760,5,11,0,1,0.0,0.0,0.0,0.0,38,9.0
americredit,760,6,13,0,0,0.0,0.0,0.0,0.0,38,9.0
americredit,760,7,15,0,0,0.0,0.0,0.0,0.0,38,9.0
americredit,760,8,16,0,0,0.0,0.0,0.0,0.0,38,9.0
americredit,760,9,21,0,0,0.0,0.0,0.0,0.0,38,9.0
americredit,760,10,25,0,0,0.0,0.0,0.0,0.0,38,9.0
americredit,760,11,28,0,0,0.0,0.0,0.0,0.0,38,9.0
americredit,760,12,31,0,0,0.0,0.0,0.0,0.0,38,9.0
americredit,760,13,31,0,0,0.0,0.0,0.0,0.0,38,9.0
americredit,760,14,31,1,1,0.029325513196480937,0.0,0.09411214480736173,0.032258064516129004,38,9.0
americredit,760,15,29,0,0,0.029325513196480937,0.0,0.09411214480736173,0.032258064516129004,38,9.0
americredit,760,16,29,0,0,0.029325513196480937,0.0,0.09411214480736173,0.032258064516129004,38,9.0
americredit,760,17,29,2,1,0.08797653958944282,0.0,0.1875852272727273,0.09899888765294773,38,9.0
americredit,760,18,26,0,3,0.08797653958944282,0.0,0.1875852272727273,0.09899888765294773,38,9.0
americredit,760,19,23,0,0,0.08797653958944282,0.0,0.1875852272727273,0.09899888765294773,38,9.0
americredit,760,20,23,1,0,0.11730205278592376,0.0276472305797819,0.21899553571428576,0.13817284905934124,38,9.0
americredit,760,21,23,0,0,0.11730205278592376,0.0276472305797819,0.21899553571428576,0.13817284905934124,38,9.0
americredit,760,22,23,0,1,0.11730205278592376,0.0276472305797819,0.21899553571428576,0.13817284905934124,38,9.0
americredit,760,23,22,0,0,0.11730205278592376,0.0276472305797819,0.21899553571428576,0.13817284905934124,38,9.0
americredit,760,24,22,0,0,0.11730205278592376,0.0276472305797819,0.21899553571428576,0.13817284905934124,38,9.0
americredit,760,25,22,0,0,0.11730205278592376,0.0276472305797819,0.21899553571428576,0.13817284905934124,38,9.0
americredit,760,26,22,0,0,0.11730205278592376,0.0276472305797819,0.21899553571428576,0.13817284905934124,38,9.0
americredit,760,27,23,0,1,0.11730205278592376,0.0276472305797819,0.21899553571428576,0.13817284905934124,38,9.0
americredit,760,28,22,0,0,0.11730205278592376,0.0276472305797819,0.21899553571428576,0.13817284905934124,38,9.0
americredit,760,29,21,0,0,0.11730205278592376,0.0276472305797819,0.21899553571428576,0.13817284905934124,38,9.0
americredit,760,30,18,0,0,0.11730205278592376,0.0276472305797819,0.21899553571428576,0.13817284905934124,38,9.0
americredit,760,31,17,0,0,0.11730205278592376,0.0276472305797819,0.21899553571428576,0.13817284905934124,38,9.0
americredit,760,32,16,0,1,0.11730205278592376,0.0276472305797819,0.21899553571428576,0.13817284905934124,38,9.0
americredit,760,33,14,0,0,0.11730205278592376,0.0276472305797819,0.21899553571428576,0.13817284905934124,38,9.0
americredit,760,34,12,0,1,0.11730205278592376,0.0276472305797819,0.21899553571428576,0.13817284905934124,38,9.0
americredit,760,35,10,1,0,0.16802923127241684,0.07176981120128788,0.32882654643743364,0.22435556415340707,38,9.0
americredit,760,36,7,0,0,0.16802923127241684,0.07176981120128788,0.32882654643743364,0.22435556415340707,38,9.0
americredit,780,0,0,0,0,0.0,0.0,0.0,0.0,11,10.0
americredit,780,1,0,0,0,0.0,0.0,0.0,0.0,11,10.0
americredit,780,2,1,0,0,0.0,0.0,0.0,0.0,11,10.0
americredit,780,3,1,0,0,0.0,0.0,0.0,0.0,11,10.0
americredit,780,4,1,0,0,0.0,0.0,0.0,0.0,11,10.0
americredit,780,5,3,0,0,0.0,0.0,0.0,0.0,11,10.0
americredit,780,6,3,0,0,0.0,0.0,0.0,0.0,11,10.0
americredit,780,7,3,0,0,0.0,0.0,0.0,0.0,11,10.0
americredit,780,8,3,0,0,0.0,0.0,0.0,0.0,11,10.0
americredit,780,9,4,0,0,0.0,0.0,0.0,0.0,11,10.0
americredit,780,10,7,0,0,0.0,0.0,0.0,0.0,11,10.0
americredit,780,11,8,0,0,0.0,0.0,0.0,0.0,11,10.0
americredit,780,12,8,0,0,0.0,0.0,0.0,0.0,11,10.0
americredit,780,13,8,0,0,0.0,0.0,0.0,0.0,11,10.0
americredit,780,14,8,0,0,0.0,0.0,0.0,0.0,11,10.0
americredit,780,15,8,0,0,0.0,0.0,0.0,0.0,11,10.0
americredit,780,16,8,0,0,0.0,0.0,0.0,0.0,11,10.0
americredit,780,17,8,0,0,0.0,0.0,0.0,0.0,11,10.0
americredit,780,18,8,0,0,0.0,0.0,0.0,0.0,11,10.0
americredit,780,19,8,0,0,0.0,0.0,0.0,0.0,11,10.0
americredit,780,20,8,1,0,0.125,0.0,0.4007142857142859,0.125,11,10.0
americredit,780,21,7,0,0,0.125,0.0,0.4007142857142859,0.125,11,10.0
americredit,780,22,8,0,0,0.125,0.0,0.4007142857142859,0.125,11,10.0
americredit,780,23,8,0,0,0.125,0.0,0.4007142857142859,0.125,11,10.0
americredit,780,24,8,0,0,0.125,0.0,0.4007142857142859,0.125,11,10.0
americredit,780,25,9,0,0,0.125,0.0,0.4007142857142859,0.125,11,10.0
americredit,780,26,9,0,0,0.125,0.0,0.4007142857142859,0.125,11,10.0
americredit,780,27,9,0,0,0.125,0.0,0.4007142857142859,0.125,11,10.0
americredit,780,28,9,0,0,0.125,0.0,0.4007142857142859,0.125,11,10.0
americredit,780,29,8,0,0,0.125,0.0,0.4007142857142859,0.125,11,10.0
americredit,780,30,8,0,0,0.125,0.0,0.4007142857142859,0.125,11,10.0
americredit,780,31,8,0,0,0.125,0.0,0.4007142857142859,0.125,11,10.0
americredit,780,32,6,0,0,0.125,0.0,0.4007142857142859,0.125,11,10.0
americredit,780,33,6,0,0,0.125,0.0,0.4007142857142859,0.125,11,10.0
americredit,780,34,6,0,0,0.125,0.0,0.4007142857142859,0.125,11,10.0
americredit,780,35,6,0,0,0.125,0.0,0.4007142857142859,0.125,11,10.0
americredit,780,36,5,0,0,0.125,0.0,0.4007142857142859,0.125,11,10.0
americredit,820,0,0,0,0,0.0,0.0,0.0,0.0,2,10.0
americredit,820,1,0,0,0,0.0,0.0,0.0,0.0,2,10.0
americredit,820,2,0,0,0,0.0,0.0,0.0,0.0,2,10.0
americredit,820,3,0,0,0,0.0,0.0,0.0,0.0,2,10.0
americredit,820,4,0,0,0,0.0,0.0,0.0,0.0,2,10.0
americredit,820,5,0,0,0,0.0,0.0,0.0,0.0,2,10.0
americredit,820,6,0,0,0,0.0,0.0,0.0,0.0,2,10.0
americredit,820,7,0,0,0,0.0,0.0,0.0,0.0,2,10.0
americredit,820,8,0,0,0,0.0,0.0,0.0,0.0,2,10.0
americredit,820,9,0,0,0,0.0,0.0,0.0,0.0,2,10.0
americredit,820,10,2,0,0,0.0,0.0,0.0,0.0,2,10.0
americredit,820,11,2,0,0,0.0,0.0,0.0,0.0,2,10.0
americredit,820,12,2,0,0,0.0,0.0,0.0,0.0,2,10.0
americredit,820,13,2,0,0,0.0,0.0,0.0,0.0,2,10.0
americredit,820,14,2,0,0,0.0,0.0,0.0,0.0,2,10.0
americredit,820,15,2,0,0,0.0,0.0,0.0,0.0,2,10.0
americredit,820,16,2,0,0,0.0,0.0,0.0,0.0,2,10.0
americredit,820,17,2,0,0,0.0,0.0,0.0,0.0,2,10.0
americredit,820,18,2,0,0,0.0,0.0,0.0,0.0,2,10.0
americredit,820,19,2,0,0,0.0,0.0,0.0,0.0,2,10.0
americredit,820,20,2,0,0,0.0,0.0,0.0,0.0,2,10.0
americredit,820,21,2,0,0,0.0,0.0,0.0,0.0,2,10.0
americredit,820,22,2,0,0,0.0,0.0,0.0,0.0,2,10.0
americredit,820,23,2,0,0,0.0,0.0,0.0,0.0,2,10.0
americredit,820,24,2,0,0,0.0,0.0,0.0,0.0,2,10.0
americredit,820,25,2,0,0,0.0,0.0,0.0,0.0,2,10.0
americredit,820,26,2,0,0,0.0,0.0,0.0,0.0,2,10.0
americredit,820,27,2,0,0,0.0,0.0,0.0,0.0,2,10.0
americredit,820,28,2,0,0,0.0,0.0,0.0,0.0,2,10.0
americredit,820,29,2,0,0,0.0,0.0,0.0,0.0,2,10.0
americredit,820,30,2,0,0,0.0,0.0,0.0,0.0,2,10.0
americredit,820,31,2,0,0,0.0,0.0,0.0,0.0,2,10.0
americredit,820,32,2,0,0,0.0,0.0,0.0,0.0,2,10.0
americredit,820,33,2,0,0,0.0,0.0,0.0,0.0,2,10.0
americredit,820,34,2,0,0,0.0,0.0,0.0,0.0,2,10.0
americredit,820,35,2,0,0,0.0,0.0,0.0,0.0,2,10.0
americredit,820,36,2,0,1,0.0,0.0,0.0,0.0,2,10.0
americredit,840,0,0,0,0,0.0,,,0.0,1,10.0
americredit,840,1,0,0,0,0.0,,,0.0,1,10.0
americredit,840,2,0,0,0,0.0,,,0.0,1,10.0
americredit,840,3,0,0,0,0.0,,,0.0,1,10.0
americredit,840,4,0,0,0,0.0,,,0.0,1,10.0
americredit,840,5,0,0,0,0.0,,,0.0,1,10.0
americredit,840,6,0,0,0,0.0,,,0.0,1,10.0
americredit,840,7,0,0,0,0.0,,,0.0,1,10.0
americredit,840,8,0,0,0,0.0,,,0.0,1,10.0
americredit,840,9,0,0,0,0.0,,,0.0,1,10.0
americredit,840,10,1,0,0,0.0,,,0.0,1,10.0
americredit,840,11,1,0,0,0.0,,,0.0,1,10.0
americredit,840,12,1,0,0,0.0,,,0.0,1,10.0
americredit,840,13,1,0,0,0.0,,,0.0,1,10.0
americredit,840,14,1,0,0,0.0,,,0.0,1,10.0
americredit,840,15,1,0,0,0.0,,,0.0,1,10.0
americredit,840,16,1,0,0,0.0,,,0.0,1,10.0
americredit,840,17,1,0,0,0.0,,,0.0,1,10.0
americredit,840,18,1,0,0,0.0,,,0.0,1,10.0
americredit,840,19,1,0,0,0.0,,,0.0,1,10.0
americredit,840,20,1,0,0,0.0,,,0.0,1,10.0
americredit,840,21,1,0,0,0.0,,,0.0,1,10.0
americredit,840,22,1,0,0,0.0,,,0.0,1,10.0
americredit,840,23,1,0,0,0.0,,,0.0,1,10.0
americredit,840,24,1,0,1,0.0,,,0.0,1,10.0
americredit,840,25,0,0,0,0.0,,,0.0,1,10.0
americredit,840,26,0,0,0,0.0,,,0.0,1,10.0
americredit,840,27,0,0,0,0.0,,,0.0,1,10.0
americredit,840,28,0,0,0,0.0,,,0.0,1,10.0
americredit,840,29,0,0,0,0.0,,,0.0,1,10.0
americredit,840,30,0,0,0,0.0,,,0.0,1,10.0
americredit,840,31,0,0,0,0.0,,,0.0,1,10.0
americredit,840,32,0,0,0,0.0,,,0.0,1,10.0
americredit,840,33,0,0,0,0.0,,,0.0,1,10.0
americredit,840,34,0,0,0,0.0,,,0.0,1,10.0
americredit,840,35,0,0,0,0.0,,,0.0,1,10.0
americredit,840,36,0,0,0,0.0,,,0.0,1,10.0
americredit,none,0,0,0,0,0.0,0.0,0.0,0.0,492,9.0
americredit,none,1,0,0,0,0.0,0.0,0.0,0.0,492,9.0
americredit,none,2,8,0,0,0.0,0.0,0.0,0.0,492,9.0
americredit,none,3,51,0,0,0.0,0.0,0.0,0.0,492,9.0
americredit,none,4,96,0,1,0.0,0.0,0.0,0.0,492,9.0
americredit,none,5,128,0,1,0.0,0.0,0.0,0.0,492,9.0
americredit,none,6,161,1,3,0.006098460953674948,0.0,0.022595743389505245,0.006211180124223614,492,9.0
americredit,none,7,198,0,3,0.006098460953674948,0.0,0.022595743389505245,0.006211180124223614,492,9.0
americredit,none,8,232,1,4,0.010162906749929704,0.0,0.027884637318418056,0.010494752623688153,492,9.0
americredit,none,9,263,2,2,0.01717909835259001,0.003265814633466199,0.037018882165295475,0.01801950735658786,492,9.0
americredit,none,10,292,3,5,0.026513997111608942,0.009093958292097006,0.051424681323973924,0.028108348034431185,492,9.0
americredit,none,11,294,5,1,0.0415429724379206,0.02160154877268459,0.07421850298250235,0.04463711762568234,492,9.0
americredit,none,12,292,1,6,0.04450759222831632,0.0233840283161594,0.0771925888509989,0.04790890831874506,492,9.0
americredit,none,13,287,0,9,0.04450759222831632,0.0233840283161594,0.0771925888509989,0.04790890831874506,492,9.0
americredit,none,14,281,1,2,0.04742012246494079,0.024546172858314567,0.08010435227213437,0.05129713284430115,492,9.0
americredit,none,15,283,3,6,0.05600333878064681,0.033936498909482075,0.09113454930262609,0.061354053697541766,492,9.0
americredit,none,16,276,1,5,0.058843678479322474,0.03583371190464999,0.09403466303840129,0.06475494480733335,492,9.0
americredit,none,17,270,1,8,0.06168401817799814,0.03609160997242802,0.09741586538813139,0.06821881538212093,492,9.0
americredit,none,18,262,1,2,0.06451351688545748,0.03885238546135714,0.10144795863948695,0.07177523211730363,492,9.0
americredit,none,19,261,2,6,0.07012915033551088,0.04431456729021896,0.10544560666110785,0.07888806558766903,492,9.0
americredit,none,20,255,1,6,0.0729149449685766,0.04675694979793743,0.10891647189598305,0.08250026925203113,492,9.0
americredit,none,21,249,1,3,0.07568955167138904,0.049657569845727216,0.11222676206453067,0.086185007126521,492,9.0
americredit,none,22,247,0,2,0.07568955167138904,0.049657569845727216,0.11222676206453067,0.086185007126521,492,9.0
americredit,none,23,248,2,4,0.08112724813659461,0.05412713549391047,0.12069236640920789,0.09355448287550061,492,9.0
americredit,none,24,248,0,4,0.08112724813659461,0.05412713549391047,0.12069236640920789,0.09355448287550061,492,9.0
americredit,none,25,246,3,2,0.08902174805982088,0.05937229517187173,0.127299510148191,0.10460869649897009,492,9.0
americredit,none,26,241,1,3,0.09165324803422964,0.06432385742115426,0.12758509312308808,0.10832401311100759,492,9.0
americredit,none,27,239,4,2,0.10209116425071292,0.07376820610121519,0.14352149021158028,0.12324746059032132,492,9.0
americredit,none,28,233,1,5,0.10470064330483374,0.07809486193743316,0.1460781623786793,0.12701034702555603,492,9.0
americredit,none,29,223,1,4,0.10735692915813161,0.08006775393368959,0.14614752136215192,0.13092509883261627,492,9.0
americredit,none,30,193,1,4,0.11035729348983594,0.08313378470399695,0.14768054682600523,0.13542807759514164,492,9.0
americredit,none,31,166,0,6,0.11035729348983594,0.08313378470399695,0.14768054682600523,0.13542807759514164,492,9.0
americredit,none,32,144,1,0,0.11413285235436349,0.08711218636619919,0.15379841386246354,0.14143204927850872,492,9.0
americredit,none,33,130,1,3,0.1182859671053438,0.08869168348197526,0.1607939815147628,0.1480364181302125,492,9.0
americredit,none,34,103,0,2,0.1182859671053438,0.08869168348197526,0.1607939815147628,0.1480364181302125,492,9.0
americredit,none,35,85,1,2,0.12432280757604343,0.09486814431139469,0.16747948570710777,0.15805951909338645,492,9.0
americredit,none,36,59,0,0,0.12432280757604343,0.09486814431139469,0.16747948570710777,0.15805951909338645,492,9.0
capone,700,0,0,0,0,0.0,0.0,0.0,0.0,3243,15.0
capone,700,1,0,0,0,0.0,0.0,0.0,0.0,3243,15.0
capone,700,2,0,0,0,0.0,0.0,0.0,0.0,3243,15.0
capone,700,3,0,0,0,0.0,0.0,0.0,0.0,3243,15.0
capone,700,4,0,0,0,0.0,0.0,0.0,0.0,3243,15.0
capone,700,5,0,0,0,0.0,0.0,0.0,0.0,3243,15.0
capone,700,6,0,0,0,0.0,0.0,0.0,0.0,3243,15.0
capone,700,7,0,0,0,0.0,0.0,0.0,0.0,3243,15.0
capone,700,8,220,0,4,0.0,0.0,0.0,0.0,3243,15.0
capone,700,9,464,0,4,0.0,0.0,0.0,0.0,3243,15.0
capone,700,10,718,0,12,0.0,0.0,0.0,0.0,3243,15.0
capone,700,11,902,0,10,0.0,0.0,0.0,0.0,3243,15.0
capone,700,12,1073,1,13,0.0008820836518569488,0.0,0.002716930922752514,0.0009319664492077884,3243,15.0
capone,700,13,1261,0,20,0.0008820836518569488,0.0,0.002716930922752514,0.0009319664492077884,3243,15.0
capone,700,14,1445,1,16,0.00151828499415396,0.0,0.003997947164387673,0.0016233630122187703,3243,15.0
capone,700,15,1833,2,35,0.002509551242708387,0.0004899483238741754,0.005033549649549839,0.002712699222789272,3243,15.0
capone,700,16,2100,3,34,0.003781204230139637,0.0009367950312748748,0.007040198579854046,0.004137395366756724,3243,15.0
capone,700,17,2386,3,39,0.004880709725978141,0.0018974003913947086,0.008824237625911467,0.005389527727988841,3243,15.0
capone,700,18,2486,1,43,0.005226277020459966,0.002242991525861458,0.009173550685030101,0.005789612391010612,3243,15.0
capone,700,19,2614,0,53,0.005226277020459966,0.002242991525861458,0.009173550685030101,0.005789612391010612,3243,15.0
capone,700,20,2339,3,36,0.006286685814164996,0.002951798779603472,0.009904397096520638,0.007064786039076787,3243,15.0
capone,700,21,2133,1,36,0.006667829778147113,0.00332278392177432,0.010569557599546068,0.007530297156733146,3243,15.0
capone,700,22,1949,1,26,0.007077720875379805,0.0036872737528718578,0.010824008867438596,0.008039517117145345,3243,15.0
capone,700,23,1754,2,28,0.007976022687102992,0.0041613894538344775,0.011716694044878727,0.009170600906065363,3243,15.0
capone,700,24,1559,2,28,0.008969398135089377,0.004638396964215195,0.013101540279284837,0.010441709820874778,3243,15.0
capone,700,25,1181,0,20,0.008969398135089377,0.004638396964215195,0.013101540279284837,0.010441709820874778,3243,15.0
capone,700,26,904,1,18,0.00979525503818754,0.005402639308699699,0.0144363528741193,0.011536353947179112,3243,15.0
capone,700,27,611,0,12,0.00979525503818754,0.005402639308699699,0.0144363528741193,0.011536353947179112,3243,15.0
capone,700,28,336,2,9,0.014060307763870279,0.007181136585509116,0.02111820956367912,0.017420066126064948,3243,15.0
capone,700,29,0,0,0,0.014060307763870279,0.007181136585509116,0.02111820956367912,0.017420066126064948,3243,15.0
capone,700,30,0,0,0,0.014060307763870279,0.007181136585509116,0.02111820956367912,0.017420066126064948,3243,15.0
capone,700,31,0,0,0,0.014060307763870279,0.007181136585509116,0.02111820956367912,0.017420066126064948,3243,15.0
capone,700,32,0,0,0,0.014060307763870279,0.007181136585509116,0.02111820956367912,0.017420066126064948,3243,15.0
capone,700,33,0,0,0,0.014060307763870279,0.007181136585509116,0.02111820956367912,0.017420066126064948,3243,15.0
capone,700,34,0,0,0,0.014060307763870279,0.007181136585509116,0.02111820956367912,0.017420066126064948,3243,15.0
capone,700,35,0,0,0,0.014060307763870279,0.007181136585509116,0.02111820956367912,0.017420066126064948,3243,15.0
capone,700,36,0,0,0,0.014060307763870279,0.007181136585509116,0.02111820956367912,0.017420066126064948,3243,15.0
capone,720,0,0,0,0,0.0,0.0,0.0,0.0,5158,15.0
capone,720,1,0,0,0,0.0,0.0,0.0,0.0,5158,15.0
capone,720,2,0,0,0,0.0,0.0,0.0,0.0,5158,15.0
capone,720,3,0,0,0,0.0,0.0,0.0,0.0,5158,15.0
capone,720,4,0,0,0,0.0,0.0,0.0,0.0,5158,15.0
capone,720,5,0,0,0,0.0,0.0,0.0,0.0,5158,15.0
capone,720,6,0,0,0,0.0,0.0,0.0,0.0,5158,15.0
capone,720,7,0,0,0,0.0,0.0,0.0,0.0,5158,15.0
capone,720,8,309,0,5,0.0,0.0,0.0,0.0,5158,15.0
capone,720,9,615,0,2,0.0,0.0,0.0,0.0,5158,15.0
capone,720,10,932,1,6,0.0010521666948408307,0.0,0.0031971413586218346,0.0010729613733905241,5158,15.0
capone,720,11,1251,0,11,0.0010521666948408307,0.0,0.0031971413586218346,0.0010729613733905241,5158,15.0
capone,720,12,1566,0,27,0.0010521666948408307,0.0,0.0031971413586218346,0.0010729613733905241,5158,15.0
capone,720,13,1800,0,33,0.0010521666948408307,0.0,0.0031971413586218346,0.0010729613733905241,5158,15.0
capone,720,14,2084,0,46,0.0010521666948408307,0.0,0.0031971413586218346,0.0010729613733905241,5158,15.0
capone,720,15,2680,1,48,0.0013917710384383027,0.0,0.003840287053210122,0.0014456953430272979,5158,15.0
capone,720,16,3128,1,42,0.0016774165077493477,0.0,0.004402537267169386,0.0017649262588383952,5158,15.0
capone,720,17,3642,4,63,0.002645254259341411,0.0007127526141370172,0.0056479757515976205,0.0028612854831560064,5158,15.0
capone,720,18,3917,2,62,0.0030869213466456777,0.001195038531526165,0.006000818063354008,0.003370419368536104,5158,15.0
capone,720,19,4277,3,62,0.0036837450387370995,0.0016999582533246192,0.00646586198292792,0.004069481501314809,5158,15.0
capone,720,20,3940,5,70,0.004747121261702018,0.00248880053941345,0.007726338968201953,0.005333352717683759,5158,15.0
capone,720,21,3597,3,57,0.005432684081011344,0.002991387892139074,0.008297877198724452,0.006162932907243679,5158,15.0
capone,720,22,3260,4,47,0.006424436920233056,0.0041113216713063415,0.009636728354755396,0.007382364891406534,5158,15.0
capone,720,23,2993,1,43,0.006690268432182811,0.0043182128231079924,0.009987343218028561,0.007714011278011412,5158,15.0
capone,720,24,2677,4,56,0.007861635079534069,0.005205224434481987,0.010758174725519211,0.009196694862205645,5158,15.0
capone,720,25,2073,5,37,0.009710083292340535,0.006585778776300027,0.01302780182928284,0.011586476109523125,5158,15.0
capone,720,26,1609,1,38,0.010176733176766877,0.007080411508045428,0.013457441999775936,0.012200779107590543,5158,15.0
capone,720,27,1106,2,15,0.01150158004575306,0.007916408579208478,0.01519870449683586,0.013987034479909566,5158,15.0
capone,720,28,576,0,9,0.01150158004575306,0.007916408579208478,0.01519870449683586,0.013987034479909566,5158,15.0
capone,720,29,0,0,0,0.01150158004575306,0.007916408579208478,0.01519870449683586,0.013987034479909566,5158,15.0
capone,720,30,0,0,0,0.01150158004575306,0.007916408579208478,0.01519870449683586,0.013987034479909566,5158,15.0
capone,720,31,0,0,0,0.01150158004575306,0.007916408579208478,0.01519870449683586,0.013987034479909566,5158,15.0
capone,720,32,0,0,0,0.01150158004575306,0.007916408579208478,0.01519870449683586,0.013987034479909566,5158,15.0
capone,720,33,0,0,0,0.01150158004575306,0.007916408579208478,0.01519870449683586,0.013987034479909566,5158,15.0
capone,720,34,0,0,0,0.01150158004575306,0.007916408579208478,0.01519870449683586,0.013987034479909566,5158,15.0
capone,720,35,0,0,0,0.01150158004575306,0.007916408579208478,0.01519870449683586,0.013987034479909566,5158,15.0
capone,720,36,0,0,0,0.01150158004575306,0.007916408579208478,0.01519870449683586,0.013987034479909566,5158,15.0
capone,740,0,0,0,0,0.0,0.0,0.0,0.0,8953,13.0
capone,740,1,0,0,0,0.0,0.0,0.0,0.0,8953,13.0
capone,740,2,0,0,0,0.0,0.0,0.0,0.0,8953,13.0
capone,740,3,0,0,0,0.0,0.0,0.0,0.0,8953,13.0
capone,740,4,0,0,0,0.0,0.0,0.0,0.0,8953,13.0
capone,740,5,0,0,0,0.0,0.0,0.0,0.0,8953,13.0
capone,740,6,0,0,0,0.0,0.0,0.0,0.0,8953,13.0
capone,740,7,0,0,0,0.0,0.0,0.0,0.0,8953,13.0
capone,740,8,729,0,10,0.0,0.0,0.0,0.0,8953,13.0
capone,740,9,1562,0,20,0.0,0.0,0.0,0.0,8953,13.0
capone,740,10,2394,1,34,0.0004067059819377494,0.0,0.0012240506040802031,0.00041771094402676123,8953,13.0
capone,740,11,3174,1,42,0.0007089805286898448,0.0,0.0018569818966219268,0.0007326392014483929,8953,13.0
capone,740,12,3890,1,50,0.0009522765713327268,0.0,0.0021250333179325116,0.0009895202710624718,8953,13.0
capone,740,13,4487,1,67,0.001160436479446394,0.0,0.0023470910616519057,0.0012121657980802558,8953,13.0
capone,740,14,5108,3,80,0.0017006823490358387,0.0004135132931004267,0.0030758511521084683,0.0017987678933437667,8953,13.0
capone,740,15,5809,2,90,0.0020122374640512697,0.0007488755514689952,0.0035628185174167346,0.0021424419274655992,8953,13.0
capone,740,16,6324,4,102,0.0025755393592262286,0.0011725008306482756,0.004040770144915894,0.002773597878175549,8953,13.0
capone,740,17,6915,1,121,0.0027021702769484952,0.0013397786526244703,0.004151478945679755,0.002917809939219862,8953,13.0
capone,740,18,6893,5,122,0.003326139393506857,0.001795168723667687,0.005022071290487328,0.003641067004402476,8953,13.0
capone,740,19,6833,1,116,0.0034497095689095753,0.0018709587390726848,0.005038352530879425,0.0037868827417061324,8953,13.0
capone,740,20,5983,3,120,0.003865837246331265,0.0022855054459250184,0.005551182583120272,0.004286404612302008,8953,13.0
capone,740,21,5174,3,109,0.004337137630886947,0.002617664888802655,0.006068405427358676,0.004863741447663994,8953,13.0
capone,740,22,4428,2,88,0.004696325006168619,0.003036129564460184,0.006565359873826517,0.0053132158191872,8953,13.0
capone,740,23,3790,3,81,0.0053130089773976005,0.0035042882021826694,0.0073677914206965785,0.0061005668356891585,8953,13.0
capone,740,24,3126,1,81,0.005556710278034688,0.0037341946851724376,0.007384977733625441,0.0064185129115574835,8953,13.0
capone,740,25,2415,3,42,0.006478234202431326,0.0043735040370800095,0.008595743371303522,0.00765277562843758,8953,13.0
capone,740,26,1890,3,29,0.007633795948896953,0.005355847569773131,0.009907366907753892,0.009227929952836833,8953,13.0
capone,740,27,1285,1,19,0.00819074373746586,0.005503173326009267,0.010997603322089733,0.00999895880112256,8953,13.0
capone,740,28,664,0,11,0.00819074373746586,0.005503173326009267,0.010997603322089733,0.00999895880112256,8953,13.0
capone,740,29,0,0,0,0.00819074373746586,0.005503173326009267,0.010997603322089733,0.00999895880112256,8953,13.0
capone,740,30,0,0,0,0.00819074373746586,0.005503173326009267,0.010997603322089733,0.00999895880112256,8953,13.0
capone,740,31,0,0,0,0.00819074373746586,0.005503173326009267,0.010997603322089733,0.00999895880112256,8953,13.0
capone,740,32,0,0,0,0.00819074373746586,0.005503173326009267,0.010997603322089733,0.00999895880112256,8953,13.0
capone,740,33,0,0,0,0.00819074373746586,0.005503173326009267,0.010997603322089733,0.00999895880112256,8953,13.0
capone,740,34,0,0,0,0.00819074373746586,0.005503173326009267,0.010997603322089733,0.00999895880112256,8953,13.0
capone,740,35,0,0,0,0.00819074373746586,0.005503173326009267,0.010997603322089733,0.00999895880112256,8953,13.0
capone,740,36,0,0,0,0.00819074373746586,0.005503173326009267,0.010997603322089733,0.00999895880112256,8953,13.0
capone,760,0,0,0,0,0.0,0.0,0.0,0.0,10635,13.0
capone,760,1,0,0,0,0.0,0.0,0.0,0.0,10635,13.0
capone,760,2,0,0,0,0.0,0.0,0.0,0.0,10635,13.0
capone,760,3,0,0,0,0.0,0.0,0.0,0.0,10635,13.0
capone,760,4,0,0,0,0.0,0.0,0.0,0.0,10635,13.0
capone,760,5,0,0,0,0.0,0.0,0.0,0.0,10635,13.0
capone,760,6,0,0,0,0.0,0.0,0.0,0.0,10635,13.0
capone,760,7,0,0,0,0.0,0.0,0.0,0.0,10635,13.0
capone,760,8,834,0,12,0.0,0.0,0.0,0.0,10635,13.0
capone,760,9,1835,0,20,0.0,0.0,0.0,0.0,10635,13.0
capone,760,10,2873,0,57,0.0,0.0,0.0,0.0,10635,13.0
capone,760,11,3771,2,60,0.0005067769056629975,0.0,0.0012642636085409633,0.0005303632988596929,10635,13.0
capone,760,12,4624,2,71,0.0009132724815938059,0.0002515601273789814,0.001963102988537001,0.0009626598545262599,10635,13.0
capone,760,13,5335,1,98,0.0010866521785067495,0.00025905953466133405,0.0023047920116351455,0.0011499208367465874,10635,13.0
capone,760,14,6063,4,95,0.0016855742257019814,0.0005774232912172463,0.0029326990931447215,0.0018089015915961904,10635,13.0
capone,760,15,6863,1,134,0.0018156911967595498,0.0008369897321970209,0.0030930403970732476,0.001954346892253045,10635,13.0
capone,760,16,7465,2,139,0.0020502329198071904,0.0008959278642601533,0.00335797140142336,0.0022217402353494897,10635,13.0
capone,760,17,8115,3,146,0.002367752989973719,0.0012677994315321817,0.0037526561217991893,0.002590604656704243,10635,13.0
capone,760,18,8116,5,151,0.0028871724246185707,0.0016866577389907163,0.004359334852695118,0.0032050756986851114,10635,13.0
capone,760,19,8074,5,141,0.0033992579707881297,0.0022401758718796952,0.004999246461086165,0.0038223626223297114,10635,13.0
capone,760,20,7047,3,127,0.0037449211644903233,0.002409122416943934,0.00535184449101252,0.004246448461996621,10635,13.0
capone,760,21,6104,3,127,0.004136623705584372,0.002619172243397361,0.0058654319469727545,0.004735842409344881,10635,13.0
capone,760,22,5223,1,96,0.004285965142848769,0.002791281171462947,0.006017532783538541,0.004926396527206389,10635,13.0
capone,760,23,4483,2,102,0.004627488322602194,0.003245893128493903,0.006304032309950222,0.005370328538570557,10635,13.0
capone,760,24,3704,4,82,0.005435009923109887,0.0038147757411806467,0.00750825953910915,0.00644444265461952,10635,13.0
capone,760,25,2885,0,57,0.005435009923109887,0.0038147757411806467,0.00750825953910915,0.00644444265461952,10635,13.0
capone,760,26,2223,2,53,0.006079159669225685,0.004031730532396948,0.008263084236613732,0.007338329795731013,10635,13.0
capone,760,27,1543,0,29,0.006079159669225685,0.004031730532396948,0.008263084236613732,0.007338329795731013,10635,13.0
capone,760,28,791,0,17,0.006079159669225685,0.004031730532396948,0.008263084236613732,0.007338329795731013,10635,13.0
capone,760,29,0,0,0,0.006079159669225685,0.004031730532396948,0.008263084236613732,0.007338329795731013,10635,13.0
capone,760,30,0,0,0,0.006079159669225685,0.004031730532396948,0.008263084236613732,0.007338329795731013,10635,13.0
capone,760,31,0,0,0,0.006079159669225685,0.004031730532396948,0.008263084236613732,0.007338329795731013,10635,13.0
capone,760,32,0,0,0,0.006079159669225685,0.004031730532396948,0.008263084236613732,0.007338329795731013,10635,13.0
capone,760,33,0,0,0,0.006079159669225685,0.004031730532396948,0.008263084236613732,0.007338329795731013,10635,13.0
capone,760,34,0,0,0,0.006079159669225685,0.004031730532396948,0.008263084236613732,0.007338329795731013,10635,13.0
capone,760,35,0,0,0,0.006079159669225685,0.004031730532396948,0.008263084236613732,0.007338329795731013,10635,13.0
capone,760,36,0,0,0,0.006079159669225685,0.004031730532396948,0.008263084236613732,0.007338329795731013,10635,13.0
capone,780,0,0,0,0,0.0,0.0,0.0,0.0,12681,13.0
capone,780,1,0,0,0,0.0,0.0,0.0,0.0,12681,13.0
capone,780,2,0,0,0,0.0,0.0,0.0,0.0,12681,13.0
capone,780,3,0,0,0,0.0,0.0,0.0,0.0,12681,13.0
capone,780,4,0,0,0,0.0,0.0,0.0,0.0,12681,13.0
capone,780,5,0,0,0,0.0,0.0,0.0,0.0,12681,13.0
capone,780,6,0,0,0,0.0,0.0,0.0,0.0,12681,13.0
capone,780,7,0,0,0,0.0,0.0,0.0,0.0,12681,13.0
capone,780,8,918,0,12,0.0,0.0,0.0,0.0,12681,13.0
capone,780,9,2016,0,33,0.0,0.0,0.0,0.0,12681,13.0
capone,780,10,3174,0,56,0.0,0.0,0.0,0.0,12681,13.0
capone,780,11,4293,0,70,0.0,0.0,0.0,0.0,12681,13.0
capone,780,12,5289,3,105,0.0005321018538161405,0.0,0.0012442462921692335,0.0005672149744753163,12681,13.0
capone,780,13,6105,2,96,0.0008331468666058128,0.00015251247690969158,0.0015433319816649186,0.0008946294822642642,12681,13.0
capone,780,14,7054,3,120,0.0012176898333964765,0.0005410859175875481,0.002209336425518114,0.0013195396199950915,12681,13.0
capone,780,15,8089,2,146,0.0014373517036586506,0.0007292587901778683,0.002421090304028837,0.0015664627156508626,12681,13.0
capone,780,16,8867,3,186,0.0017324348622949296,0.0008822523835376179,0.0027393498988914407,0.0019042658747636665,12681,13.0
capone,780,17,9678,3,188,0.0019970279239446124,0.001105357390261091,0.003207443422129978,0.0022136569888756563,12681,13.0
capone,780,18,9821,3,198,0.002252622504524038,0.0013215072342214066,0.003344066158317365,0.0025184486627410907,12681,13.0
capone,780,19,9766,4,202,0.0025883204859799844,0.0016341288838975158,0.0037608401049322557,0.002927001417743047,12681,13.0
capone,780,20,8590,4,202,0.0029619261556795007,0.0019033664396792362,0.0040797220524233955,0.0033912961784332563,12681,13.0
capone,780,21,7438,4,159,0.0033830487605142337,0.0023689061737793347,0.004826079652525248,0.003927251383499919,12681,13.0
capone,780,22,6385,2,142,0.0036229600330414603,0.002433692786937071,0.005037282886137044,0.004239255376801809,12681,13.0
capone,780,23,5490,4,135,0.004168419505479501,0.0028050641237844106,0.005567826972903855,0.004964764116053733,12681,13.0
capone,780,24,4485,2,102,0.004493810100464557,0.003028583443889288,0.005893072575509707,0.005408481055132475,12681,13.0
capone,780,25,3451,1,89,0.004700349682705868,0.003217008971260614,0.0061078352443467085,0.005696684914577532,12681,13.0
capone,780,26,2631,0,60,0.004700349682705868,0.003217008971260614,0.0061078352443467085,0.005696684914577532,12681,13.0
capone,780,27,1775,2,48,0.005464686313380198,0.0037874935134045214,0.007256924458301191,0.006817026678054061,12681,13.0
capone,780,28,842,1,13,0.006247632090050756,0.004180178348018477,0.008571412892623512,0.007996578902901952,12681,13.0
capone,780,29,0,0,0,0.006247632090050756,0.004180178348018477,0.008571412892623512,0.007996578902901952,12681,13.0
capone,780,30,0,0,0,0.006247632090050756,0.004180178348018477,0.008571412892623512,0.007996578902901952,12681,13.0
capone,780,31,0,0,0,0.006247632090050756,0.004180178348018477,0.008571412892623512,0.007996578902901952,12681,13.0
capone,780,32,0,0,0,0.006247632090050756,0.004180178348018477,0.008571412892623512,0.007996578902901952,12681,13.0
capone,780,33,0,0,0,0.006247632090050756,0.004180178348018477,0.008571412892623512,0.007996578902901952,12681,13.0
capone,780,34,0,0,0,0.006247632090050756,0.004180178348018477,0.008571412892623512,0.007996578902901952,12681,13.0
capone,780,35,0,0,0,0.006247632090050756,0.004180178348018477,0.008571412892623512,0.007996578902901952,12681,13.0
capone,780,36,0,0,0,0.006247632090050756,0.004180178348018477,0.008571412892623512,0.007996578902901952,12681,13.0
capone,800,0,0,0,0,0.0,0.0,0.0,0.0,14016,13.0
capone,800,1,0,0,0,0.0,0.0,0.0,0.0,14016,13.0
capone,800,2,0,0,0,0.0,0.0,0.0,0.0,14016,13.0
capone,800,3,0,0,0,0.0,0.0,0.0,0.0,14016,13.0
capone,800,4,0,0,0,0.0,0.0,0.0,0.0,14016,13.0
capone,800,5,0,0,0,0.0,0.0,0.0,0.0,14016,13.0
capone,800,6,0,0,0,0.0,0.0,0.0,0.0,14016,13.0
capone,800,7,0,0,0,0.0,0.0,0.0,0.0,14016,13.0
capone,800,8,1053,0,16,0.0,0.0,0.0,0.0,14016,13.0
capone,800,9,2316,0,33,0.0,0.0,0.0,0.0,14016,13.0
capone,800,10,3644,1,72,0.0002664031608149651,0.0,0.0007961904873408416,0.00027442371020858225,14016,13.0
capone,800,11,4880,0,88,0.0002664031608149651,0.0,0.0007961904873408416,0.00027442371020858225,14016,13.0
capone,800,12,6042,4,132,0.0008848544245642111,0.0001575084080048066,0.001699565651766268,0.0009362744723997452,14016,13.0
capone,800,13,6912,0,136,0.0008848544245642111,0.0001575084080048066,0.001699565651766268,0.0009362744723997452,14016,13.0
capone,800,14,7852,1,148,0.0009988605823805317,0.00027279001761232335,0.0018599068087799709,0.0010635113197668966,14016,13.0
capone,800,15,8938,0,163,0.0009988605823805317,0.00027279001761232335,0.0018599068087799709,0.0010635113197668966,14016,13.0
capone,800,16,9812,0,212,0.0009988605823805317,0.00027279001761232335,0.0018599068087799709,0.0010635113197668966,14016,13.0
capone,800,17,10719,0,224,0.0009988605823805317,0.00027279001761232335,0.0018599068087799709,0.0010635113197668966,14016,13.0
capone,800,18,10721,3,250,0.0012299727476277503,0.0004920391779020498,0.002063183231242303,0.001343038366314886,14016,13.0
capone,800,19,10634,0,231,0.0012299727476277503,0.0004920391779020498,0.002063183231242303,0.001343038366314886,14016,13.0
capone,800,20,9271,3,213,0.0014852557399338728,0.0007008313793001077,0.002306101214298896,0.001666193461223875,14016,13.0
capone,800,21,8005,1,183,0.0015815117255816738,0.000792821948349351,0.002399584563412599,0.0017909072409288962,14016,13.0
capone,800,22,6809,1,150,0.001692073932036579,0.0009014047557606968,0.0025090392916011007,0.0019375086644505268,14016,13.0
capone,800,23,5848,0,147,0.001692073932036579,0.0009014047557606968,0.0025090392916011007,0.0019375086644505268,14016,13.0
capone,800,24,4835,2,130,0.0019889175268527994,0.0010825416452105898,0.002841621119138208,0.002350357678446602,14016,13.0
capone,800,25,3704,3,107,0.002554274745975647,0.0014566785915171084,0.003473404946177072,0.0031583892462015983,14016,13.0
capone,800,26,2804,0,70,0.002554274745975647,0.0014566785915171084,0.003473404946177072,0.0031583892462015983,14016,13.0
capone,800,27,1870,0,47,0.002554274745975647,0.0014566785915171084,0.003473404946177072,0.0031583892462015983,14016,13.0
capone,800,28,958,1,34,0.0032262910567821676,0.0016559090048954474,0.005076583388027914,0.004198933725067744,14016,13.0
capone,800,29,0,0,0,0.0032262910567821676,0.0016559090048954474,0.005076583388027914,0.004198933725067744,14016,13.0
capone,800,30,0,0,0,0.0032262910567821676,0.0016559090048954474,0.005076583388027914,0.004198933725067744,14016,13.0
capone,800,31,0,0,0,0.0032262910567821676,0.0016559090048954474,0.005076583388027914,0.004198933725067744,14016,13.0
capone,800,32,0,0,0,0.0032262910567821676,0.0016559090048954474,0.005076583388027914,0.004198933725067744,14016,13.0
capone,800,33,0,0,0,0.0032262910567821676,0.0016559090048954474,0.005076583388027914,0.004198933725067744,14016,13.0
capone,800,34,0,0,0,0.0032262910567821676,0.0016559090048954474,0.005076583388027914,0.004198933725067744,14016,13.0
capone,800,35,0,0,0,0.0032262910567821676,0.0016559090048954474,0.005076583388027914,0.004198933725067744,14016,13.0
capone,800,36,0,0,0,0.0032262910567821676,0.0016559090048954474,0.005076583388027914,0.004198933725067744,14016,13.0
capone,820,0,0,0,0,0.0,0.0,0.0,0.0,12277,13.0
capone,820,1,0,0,0,0.0,0.0,0.0,0.0,12277,13.0
capone,820,2,0,0,0,0.0,0.0,0.0,0.0,12277,13.0
capone,820,3,0,0,0,0.0,0.0,0.0,0.0,12277,13.0
capone,820,4,0,0,0,0.0,0.0,0.0,0.0,12277,13.0
capone,820,5,0,0,0,0.0,0.0,0.0,0.0,12277,13.0
capone,820,6,0,0,0,0.0,0.0,0.0,0.0,12277,13.0
capone,820,7,0,0,0,0.0,0.0,0.0,0.0,12277,13.0
capone,820,8,968,0,17,0.0,0.0,0.0,0.0,12277,13.0
capone,820,9,2049,0,36,0.0,0.0,0.0,0.0,12277,13.0
capone,820,10,3196,0,78,0.0,0.0,0.0,0.0,12277,13.0
capone,820,11,4276,0,86,0.0,0.0,0.0,0.0,12277,13.0
capone,820,12,5315,1,100,0.00017359986131700202,0.0,0.0005275494500046362,0.00018814675446843232,12277,13.0
capone,820,13,6177,1,131,0.00032013534406054236,0.0,0.000694855411537184,0.0003500071807669425,12277,13.0
capone,820,14,6950,0,119,0.00032013534406054236,0.0,0.000694855411537184,0.0003500071807669425,12277,13.0
capone,820,15,7903,0,202,0.00032013534406054236,0.0,0.000694855411537184,0.0003500071807669425,12277,13.0
capone,820,16,8567,1,173,0.00041916492924625115,0.0,0.0009140510049368469,0.00046669330109139207,12277,13.0
capone,820,17,9365,0,211,0.00041916492924625115,0.0,0.0009140510049368469,0.00046669330109139207,12277,13.0
capone,820,18,9346,1,226,0.0005060928982215758,8.615898249806469e-05,0.0009573568692627379,0.00057364101205859,12277,13.0
capone,820,19,9237,3,226,0.0007635453662585958,0.00025878440721432397,0.0013125033655796508,0.0008982354774655921,12277,13.0
capone,820,20,8059,2,172,0.0009553914871236723,0.00036484993117502824,0.0016515843005640717,0.0011461823107010716,12277,13.0
capone,820,21,6959,1,198,0.0010640785587590457,0.0004113809448771868,0.0017007971735059837,0.0012897164129700434,12277,13.0
capone,820,22,5864,0,127,0.0010640785587590457,0.0004113809448771868,0.0017007971735059837,0.0012897164129700434,12277,13.0
capone,820,23,4980,1,137,0.0012084183687018062,0.0005248983965799701,0.0019431604387844716,0.0014902606466220547,12277,13.0
capone,820,24,4124,2,99,0.0015473579224083273,0.0007727348455460341,0.002267214673785176,0.0019745039731755565,12277,13.0
capone,820,25,3187,0,87,0.0015473579224083273,0.0007727348455460341,0.002267214673785176,0.0019745039731755565,12277,13.0
capone,820,26,2429,2,64,0.00209339785125938,0.0007916022708586618,0.0032796217863915477,0.0027962623066681846,12277,13.0
capone,820,27,1591,0,39,0.00209339785125938,0.0007916022708586618,0.0032796217863915477,0.0027962623066681846,12277,13.0
capone,820,28,792,0,21,0.00209339785125938,0.0007916022708586618,0.0032796217863915477,0.0027962623066681846,12277,13.0
capone,820,29,0,0,0,0.00209339785125938,0.0007916022708586618,0.0032796217863915477,0.0027962623066681846,12277,13.0
capone,820,30,0,0,0,0.00209339785125938,0.0007916022708586618,0.0032796217863915477,0.0027962623066681846,12277,13.0
capone,820,31,0,0,0,0.00209339785125938,0.0007916022708586618,0.0032796217863915477,0.0027962623066681846,12277,13.0
capone,820,32,0,0,0,0.00209339785125938,0.0007916022708586618,0.0032796217863915477,0.0027962623066681846,12277,13.0
capone,820,33,0,0,0,0.00209339785125938,0.0007916022708586618,0.0032796217863915477,0.0027962623066681846,12277,13.0
capone,820,34,0,0,0,0.00209339785125938,0.0007916022708586618,0.0032796217863915477,0.0027962623066681846,12277,13.0
capone,820,35,0,0,0,0.00209339785125938,0.0007916022708586618,0.0032796217863915477,0.0027962623066681846,12277,13.0
capone,820,36,0,0,0,0.00209339785125938,0.0007916022708586618,0.0032796217863915477,0.0027962623066681846,12277,13.0
capone,840,0,0,0,0,0.0,0.0,0.0,0.0,5087,13.0
capone,840,1,0,0,0,0.0,0.0,0.0,0.0,5087,13.0
capone,840,2,0,0,0,0.0,0.0,0.0,0.0,5087,13.0
capone,840,3,0,0,0,0.0,0.0,0.0,0.0,5087,13.0
capone,840,4,0,0,0,0.0,0.0,0.0,0.0,5087,13.0
capone,840,5,0,0,0,0.0,0.0,0.0,0.0,5087,13.0
capone,840,6,0,0,0,0.0,0.0,0.0,0.0,5087,13.0
capone,840,7,0,0,0,0.0,0.0,0.0,0.0,5087,13.0
capone,840,8,444,1,10,0.0022522522522522522,0.0,0.006914864981265344,0.0022522522522522292,5087,13.0
capone,840,9,867,0,13,0.0022522522522522522,0.0,0.006914864981265344,0.0022522522522522292,5087,13.0
capone,840,10,1390,0,14,0.0022522522522522522,0.0,0.006914864981265344,0.0022522522522522292,5087,13.0
capone,840,11,1847,0,38,0.0022522522522522522,0.0,0.006914864981265344,0.0022522522522522292,5087,13.0
capone,840,12,2280,0,50,0.0022522522522522522,0.0,0.006914864981265344,0.0022522522522522292,5087,13.0
capone,840,13,2607,0,68,0.0022522522522522522,0.0,0.006914864981265344,0.0022522522522522292,5087,13.0
capone,840,14,2929,2,61,0.0028580411562321687,0.0,0.007401685582780967,0.0029335412572011332,5087,13.0
capone,840,15,3313,0,70,0.0028580411562321687,0.0,0.007401685582780967,0.0029335412572011332,5087,13.0
capone,840,16,3587,1,60,0.0030949392907123788,0.0,0.007627077117137117,0.003211507930951596,5087,13.0
capone,840,17,3916,0,87,0.0030949392907123788,0.0,0.007627077117137117,0.003211507930951596,5087,13.0
capone,840,18,3847,1,93,0.0033072463552701044,0.00023503001799867994,0.007836817823244135,0.0034706159351286514,5087,13.0
capone,840,19,3813,1,95,0.0035162126320299114,0.0004389201656624108,0.008008948043271496,0.0037319664161317156,5087,13.0
capone,840,20,3294,0,84,0.0035162126320299114,0.0004389201656624108,0.008008948043271496,0.0037319664161317156,5087,13.0
capone,840,21,2824,0,66,0.0035162126320299114,0.0004389201656624108,0.008008948043271496,0.0037319664161317156,5087,13.0
capone,840,22,2376,0,62,0.0035162126320299114,0.0004389201656624108,0.008008948043271496,0.0037319664161317156,5087,13.0
capone,840,23,2015,0,45,0.0035162126320299114,0.0004389201656624108,0.008008948043271496,0.0037319664161317156,5087,13.0
capone,840,24,1672,0,43,0.0035162126320299114,0.0004389201656624108,0.008008948043271496,0.0037319664161317156,5087,13.0
capone,840,25,1278,0,40,0.0035162126320299114,0.0004389201656624108,0.008008948043271496,0.0037319664161317156,5087,13.0
capone,840,26,972,0,20,0.0035162126320299114,0.0004389201656624108,0.008008948043271496,0.0037319664161317156,5087,13.0
capone,840,27,651,0,12,0.0035162126320299114,0.0004389201656624108,0.008008948043271496,0.0037319664161317156,5087,13.0
capone,840,28,336,0,7,0.0035162126320299114,0.0004389201656624108,0.008008948043271496,0.0037319664161317156,5087,13.0
capone,840,29,0,0,0,0.0035162126320299114,0.0004389201656624108,0.008008948043271496,0.0037319664161317156,5087,13.0
capone,840,30,0,0,0,0.0035162126320299114,0.0004389201656624108,0.008008948043271496,0.0037319664161317156,5087,13.0
capone,840,31,0,0,0,0.0035162126320299114,0.0004389201656624108,0.008008948043271496,0.0037319664161317156,5087,13.0
capone,840,32,0,0,0,0.0035162126320299114,0.0004389201656624108,0.008008948043271496,0.0037319664161317156,5087,13.0
capone,840,33,0,0,0,0.0035162126320299114,0.0004389201656624108,0.008008948043271496,0.0037319664161317156,5087,13.0
capone,840,34,0,0,0,0.0035162126320299114,0.0004389201656624108,0.008008948043271496,0.0037319664161317156,5087,13.0
capone,840,35,0,0,0,0.0035162126320299114,0.0004389201656624108,0.008008948043271496,0.0037319664161317156,5087,13.0
capone,840,36,0,0,0,0.0035162126320299114,0.0004389201656624108,0.008008948043271496,0.0037319664161317156,5087,13.0
capone,860,0,0,0,0,0.0,0.0,0.0,0.0,417,13.0
capone,860,1,0,0,0,0.0,0.0,0.0,0.0,417,13.0
capone,860,2,0,0,0,0.0,0.0,0.0,0.0,417,13.0
capone,860,3,0,0,0,0.0,0.0,0.0,0.0,417,13.0
capone,860,4,0,0,0,0.0,0.0,0.0,0.0,417,13.0
capone,860,5,0,0,0,0.0,0.0,0.0,0.0,417,13.0
capone,860,6,0,0,0,0.0,0.0,0.0,0.0,417,13.0
capone,860,7,0,0,0,0.0,0.0,0.0,0.0,417,13.0
capone,860,8,35,0,1,0.0,0.0,0.0,0.0,417,13.0
capone,860,9,69,0,0,0.0,0.0,0.0,0.0,417,13.0
capone,860,10,111,0,0,0.0,0.0,0.0,0.0,417,13.0
capone,860,11,140,0,3,0.0,0.0,0.0,0.0,417,13.0
capone,860,12,184,0,4,0.0,0.0,0.0,0.0,417,13.0
capone,860,13,220,0,6,0.0,0.0,0.0,0.0,417,13.0
capone,860,14,247,0,6,0.0,0.0,0.0,0.0,417,13.0
capone,860,15,266,0,3,0.0,0.0,0.0,0.0,417,13.0
capone,860,16,287,0,8,0.0,0.0,0.0,0.0,417,13.0
capone,860,17,319,0,3,0.0,0.0,0.0,0.0,417,13.0
capone,860,18,315,0,6,0.0,0.0,0.0,0.0,417,13.0
capone,860,19,316,0,4,0.0,0.0,0.0,0.0,417,13.0
capone,860,20,281,0,6,0.0,0.0,0.0,0.0,417,13.0
capone,860,21,253,0,3,0.0,0.0,0.0,0.0,417,13.0
capone,860,22,207,0,4,0.0,0.0,0.0,0.0,417,13.0
capone,860,23,172,0,6,0.0,0.0,0.0,0.0,417,13.0
capone,860,24,139,0,2,0.0,0.0,0.0,0.0,417,13.0
capone,860,25,116,0,3,0.0,0.0,0.0,0.0,417,13.0
capone,860,26,92,0,1,0.0,0.0,0.0,0.0,417,13.0
capone,860,27,56,0,1,0.0,0.0,0.0,0.0,417,13.0
capone,860,28,32,0,1,0.0,0.0,0.0,0.0,417,13.0
capone,860,29,0,0,0,0.0,0.0,0.0,0.0,417,13.0
capone,860,30,0,0,0,0.0,0.0,0.0,0.0,417,13.0
capone,860,31,0,0,0,0.0,0.0,0.0,0.0,417,13.0
capone,860,32,0,0,0,0.0,0.0,0.0,0.0,417,13.0
capone,860,33,0,0,0,0.0,0.0,0.0,0.0,417,13.0
capone,860,34,0,0,0,0.0,0.0,0.0,0.0,417,13.0
capone,860,35,0,0,0,0.0,0.0,0.0,0.0,417,13.0
capone,860,36,0,0,0,0.0,0.0,0.0,0.0,417,13.0
capone,880,0,0,0,0,0.0,0.0,0.0,0.0,2,12.0
capone,880,1,0,0,0,0.0,0.0,0.0,0.0,2,12.0
capone,880,2,0,0,0,0.0,0.0,0.0,0.0,2,12.0
capone,880,3,0,0,0,0.0,0.0,0.0,0.0,2,12.0
capone,880,4,0,0,0,0.0,0.0,0.0,0.0,2,12.0
capone,880,5,0,0,0,0.0,0.0,0.0,0.0,2,12.0
capone,880,6,0,0,0,0.0,0.0,0.0,0.0,2,12.0
capone,880,7,0,0,0,0.0,0.0,0.0,0.0,2,12.0
capone,880,8,0,0,0,0.0,0.0,0.0,0.0,2,12.0
capone,880,9,0,0,0,0.0,0.0,0.0,0.0,2,12.0
capone,880,10,0,0,0,0.0,0.0,0.0,0.0,2,12.0
capone,880,11,1,0,0,0.0,0.0,0.0,0.0,2,12.0
capone,880,12,1,0,0,0.0,0.0,0.0,0.0,2,12.0
capone,880,13,2,0,0,0.0,0.0,0.0,0.0,2,12.0
capone,880,14,2,0,0,0.0,0.0,0.0,0.0,2,12.0
capone,880,15,2,0,0,0.0,0.0,0.0,0.0,2,12.0
capone,880,16,2,0,0,0.0,0.0,0.0,0.0,2,12.0
capone,880,17,2,0,0,0.0,0.0,0.0,0.0,2,12.0
capone,880,18,2,0,0,0.0,0.0,0.0,0.0,2,12.0
capone,880,19,2,0,0,0.0,0.0,0.0,0.0,2,12.0
capone,880,20,2,0,0,0.0,0.0,0.0,0.0,2,12.0
capone,880,21,1,0,0,0.0,0.0,0.0,0.0,2,12.0
capone,880,22,1,0,0,0.0,0.0,0.0,0.0,2,12.0
capone,880,23,0,0,0,0.0,0.0,0.0,0.0,2,12.0
capone,880,24,0,0,0,0.0,0.0,0.0,0.0,2,12.0
capone,880,25,0,0,0,0.0,0.0,0.0,0.0,2,12.0
capone,880,26,0,0,0,0.0,0.0,0.0,0.0,2,12.0
capone,880,27,0,0,0,0.0,0.0,0.0,0.0,2,12.0
capone,880,28,0,0,0,0.0,0.0,0.0,0.0,2,12.0
capone,880,29,0,0,0,0.0,0.0,0.0,0.0,2,12.0
capone,880,30,0,0,0,0.0,0.0,0.0,0.0,2,12.0
capone,880,31,0,0,0,0.0,0.0,0.0,0.0,2,12.0
capone,880,32,0,0,0,0.0,0.0,0.0,0.0,2,12.0
capone,880,33,0,0,0,0.0,0.0,0.0,0.0,2,12.0
capone,880,34,0,0,0,0.0,0.0,0.0,0.0,2,12.0
capone,880,35,0,0,0,0.0,0.0,0.0,0.0,2,12.0
capone,880,36,0,0,0,0.0,0.0,0.0,0.0,2,12.0
carmax,640,0,0,0,0,0.0,0.0,0.0,0.0,5550,4.0
carmax,640,1,501,0,1,0.0,0.0,0.0,0.0,5550,4.0
carmax,640,2,1484,0,4,0.0,0.0,0.0,0.0,5550,4.0
carmax,640,3,2414,0,18,0.0,0.0,0.0,0.0,5550,4.0
carmax,640,4,3152,1,36,0.0003134176370845837,0.0,0.0009558392559710072,0.00031725888324873885,5550,4.0
carmax,640,5,3398,0,52,0.0003134176370845837,0.0,0.0009558392559710072,0.00031725888324873885,5550,4.0
carmax,640,6,3376,0,50,0.0003134176370845837,0.0,0.0009558392559710072,0.00031725888324873885,5550,4.0
carmax,640,7,3011,1,41,0.0006279701047416011,0.0,0.0015854365182920401,0.0006492690928523448,5550,4.0
carmax,640,8,2643,3,48,0.0016880226319535016,0.0003127179188265799,0.00311365023916161,0.0017836059043246921,5550,4.0
carmax,640,9,2381,3,31,0.0028420151353273975,0.0010437379534358041,0.004820470973293334,0.003041333406335167,5550,4.0
carmax,640,10,2336,6,35,0.005160868222158334,0.0025213236500276517,0.00834262254292697,0.005602014912997055,5550,4.0
carmax,640,11,2262,3,32,0.0063372094764193865,0.003310142541084665,0.009375879660274433,0.006920845131945352,5550,4.0
carmax,640,12,2223,3,33,0.007515667404102411,0.0044590194812679585,0.01064599147712853,0.008261032925289569,5550,4.0
carmax,640,13,2191,5,40,0.009476178196619355,0.0061569686879382095,0.01293434650415413,0.01052424371277183,5550,4.0
carmax,640,14,2163,7,23,0.012199321342730269,0.007740999684960267,0.016681122527477,0.013726430626322728,5550,4.0
carmax,640,15,2133,8,39,0.015311484938285599,0.010114117508859198,0.02011862969046757,0.017425534496453787,5550,4.0
carmax,640,16,2091,9,15,0.018804296950657415,0.013899973691346539,0.023872390445764884,0.0216546928845609,5550,4.0
carmax,640,17,2074,10,38,0.022672100673775678,0.017259485548956878,0.02797634841188751,0.02637188337209917,5550,4.0
carmax,640,18,2038,10,28,0.02651713028272445,0.02085522880587344,0.03264470040739438,0.031149253914925068,5550,4.0
carmax,640,19,1999,9,23,0.029979388059666816,0.024057546940564434,0.036374465426636936,0.03551126327698895,5550,4.0
carmax,640,20,1972,1,27,0.030363107974431612,0.02442146538909835,0.03713327174940815,0.0360003549284712,5550,4.0
carmax,640,21,1768,3,27,0.03162886280639332,0.026139695721334788,0.038593450436242585,0.037636100932551875,5550,4.0
carmax,640,22,1379,1,20,0.03216062057722954,0.026229954811050168,0.0388055907085063,0.0383339717803165,5550,4.0
carmax,640,23,1036,3,13,0.034251722081463876,0.02791614289046515,0.04118495420277683,0.04111871896628083,5550,4.0
carmax,640,24,697,2,13,0.036291821109985176,0.029004263941266983,0.04441677850845151,0.043870171709562755,5550,4.0
carmax,640,25,561,1,9,0.03753188130379224,0.030049909275286134,0.045927193039667795,0.04557450295428733,5550,4.0
carmax,640,26,407,0,7,0.03753188130379224,0.030049909275286134,0.045927193039667795,0.04557450295428733,5550,4.0
carmax,640,27,311,0,5,0.03753188130379224,0.030049909275286134,0.045927193039667795,0.04557450295428733,5550,4.0
carmax,640,28,228,1,5,0.04042979960907779,0.032401336994147024,0.050764546693557726,0.0497605796957159,5550,4.0
carmax,640,29,153,1,4,0.04463462224811958,0.03294593393563892,0.05605947137022178,0.055971294861103305,5550,4.0
carmax,640,30,105,0,0,0.04463462224811958,0.03294593393563892,0.05605947137022178,0.055971294861103305,5550,4.0
carmax,640,31,87,0,4,0.04463462224811958,0.03294593393563892,0.05605947137022178,0.055971294861103305,5550,4.0
carmax,640,32,71,1,1,0.052996616953962114,0.03544336780056773,0.07537305864564046,0.0692674738067216,5550,4.0
carmax,640,33,58,1,1,0.06294450720746443,0.03756845167336291,0.09309759321620847,0.08531458632729538,5550,4.0
carmax,640,34,50,0,2,0.06294450720746443,0.03756845167336291,0.09309759321620847,0.08531458632729538,5550,4.0
carmax,640,35,41,0,1,0.06294450720746443,0.03756845167336291,0.09309759321620847,0.08531458632729538,5550,4.0
carmax,640,36,33,0,0,0.06294450720746443,0.03756845167336291,0.09309759321620847,0.08531458632729538,5550,4.0
carmax,660,0,0,0,0,0.0,0.0,0.0,0.0,11531,4.0
carmax,660,1,1063,0,2,0.0,0.0,0.0,0.0,11531,4.0
carmax,660,2,3182,0,21,0.0,0.0,0.0,0.0,11531,4.0
carmax,660,3,5016,1,47,0.000197673709440366,0.0,0.0007931004080751977,0.0001993620414673103,11531,4.0
carmax,660,4,6506,0,77,0.000197673709440366,0.0,0.0007931004080751977,0.0001993620414673103,11531,4.0
carmax,660,5,7063,4,98,0.0007472533695417284,0.0001998494281461006,0.001505403684564012,0.0007655807235902312,11531,4.0
carmax,660,6,7022,0,104,0.0007472533695417284,0.0001998494281461006,0.001505403684564012,0.0007655807235902312,11531,4.0
carmax,660,7,6261,3,88,0.0011987344722048676,0.0005628813977889261,0.002066342282211279,0.001244370574704945,11531,4.0
carmax,660,8,5451,3,62,0.0017097670173216476,0.0007767730484975527,0.0027386569868945772,0.0017940434582631726,11531,4.0
carmax,660,9,5022,2,57,0.002075148842358018,0.0011215770455821727,0.003317166011806986,0.002191576694639874,11531,4.0
carmax,660,10,4951,5,70,0.0029908173929818855,0.0018304355127374257,0.0044111471760791355,0.003199260418438543,11531,4.0
carmax,660,11,4819,8,81,0.0044732161820557935,0.0030395261960170705,0.006195296177219296,0.004854044796245738,11531,4.0
carmax,660,12,4731,6,81,0.005584780270882614,0.004006115156487704,0.0075952840820113785,0.006116119565051981,11531,4.0
carmax,660,13,4670,9,70,0.007242843534858552,0.0053601279544105,0.00957055419357777,0.008031527471671795,11531,4.0
carmax,660,14,4638,11,68,0.009248829182265213,0.007581194417905618,0.012058148631279027,0.010384190946835958,11531,4.0
carmax,660,15,4577,6,81,0.01033870010603747,0.00837319429037918,0.013117869759601889,0.011681480624423757,11531,4.0
carmax,660,16,4495,15,68,0.013060346628694552,0.010644355223486326,0.015761591932909234,0.0149795401996482,11531,4.0
carmax,660,17,4417,9,68,0.014691486016237642,0.012326056559435937,0.017740343220599156,0.016986600226409188,11531,4.0
carmax,660,18,4350,14,64,0.017222981014631464,0.01449249005564856,0.020503992470303125,0.020150321513036862,11531,4.0
carmax,660,19,4261,12,61,0.01939843546190509,0.016420809333477553,0.023260316868890102,0.022909813684321434,11531,4.0
carmax,660,20,4196,7,57,0.020665031080277223,0.017603087159725396,0.024429609427826245,0.02453984974347534,11531,4.0
carmax,660,21,3797,9,57,0.022437187965638705,0.01897735797550488,0.02655640182298556,0.026851975461755218,11531,4.0
carmax,660,22,3013,8,51,0.0243878218379059,0.020694823349895072,0.02903986293097541,0.02943584011369882,11531,4.0
carmax,660,23,2315,9,21,0.0271880136374791,0.022852871944910255,0.03179817885846922,0.033209091707209315,11531,4.0
carmax,660,24,1598,3,22,0.028522689954130074,0.023882429921480826,0.033203677136348544,0.03502409341238977,11531,4.0
carmax,660,25,1235,0,17,0.028522689954130074,0.023882429921480826,0.033203677136348544,0.03502409341238977,11531,4.0
carmax,660,26,885,4,13,0.0316421575119913,0.02646564524774637,0.03769775805903254,0.039385566436514585,11531,4.0
carmax,660,27,624,1,5,0.03272697235182445,0.026985898731025477,0.03904567168570678,0.040925012644148384,11531,4.0
carmax,660,28,491,2,13,0.03545778934170994,0.029422749445156715,0.04340879290728241,0.04483163173724758,11531,4.0
carmax,660,29,346,1,4,0.03733621258908782,0.029888508855814122,0.0472027015000041,0.04759223395766021,11531,4.0
carmax,660,30,251,0,2,0.03733621258908782,0.029888508855814122,0.0472027015000041,0.04759223395766021,11531,4.0
carmax,660,31,216,0,5,0.03733621258908782,0.029888508855814122,0.0472027015000041,0.04759223395766021,11531,4.0
carmax,660,32,170,1,1,0.040987560719111235,0.0312964769454483,0.05430587679518541,0.05319463258143864,11531,4.0
carmax,660,33,138,1,1,0.04543268018174843,0.033956248029735285,0.06333085811726323,0.06005554104099342,11531,4.0
carmax,660,34,112,1,1,0.05083032524352217,0.03719107180229927,0.0702000572950298,0.06844790228169884,11531,4.0
carmax,660,35,93,1,1,0.057214636606910466,0.04002580202870553,0.08342020959378636,0.07846459150447627,11531,4.0
carmax,660,36,82,1,2,0.06429966507115845,0.04530484214310068,0.09148892747717899,0.0897028281934461,11531,4.0
carmax,680,0,0,0,0,0.0,0.0,0.0,0.0,11983,4.0
carmax,680,1,1149,0,2,0.0,0.0,0.0,0.0,11983,4.0
carmax,680,2,3419,0,23,0.0,0.0,0.0,0.0,11983,4.0
carmax,680,3,5479,0,54,0.0,0.0,0.0,0.0,11983,4.0
carmax,680,4,6973,0,89,0.0,0.0,0.0,0.0,11983,4.0
carmax,680,5,7539,2,102,0.0002571271054490704,0.0,0.000648564641690649,0.0002652871733651585,11983,4.0
carmax,680,6,7474,5,107,0.000896590588528358,0.00025781511802468204,0.0015375959951021885,0.0009340955175092258,11983,4.0
carmax,680,7,6650,1,92,0.0010381764580751165,0.0003840235814764802,0.0016931713618384225,0.0010843309918675548,11983,4.0
carmax,680,8,5747,4,84,0.0016843421421663604,0.0008245057327575766,0.002805924360712549,0.0017795915932304895,11983,4.0
carmax,680,9,5344,2,90,0.0020264689765855546,0.0010484937078340554,0.00314867328243846,0.002153177075418622,11983,4.0
carmax,680,10,5224,1,83,0.002198449272754162,0.0011847058045860522,0.0034090877081691755,0.002344189101246452,11983,4.0
carmax,680,11,5082,5,93,0.003068164662666245,0.00188388414299732,0.0046703650983904,0.003325747356754838,11983,4.0
carmax,680,12,4981,8,86,0.004460547398123968,0.0030296584834626906,0.006150866289681913,0.00492650905543901,11983,4.0
carmax,680,13,4891,6,98,0.005503980401832089,0.0037859832193362537,0.007392291427454607,0.006147208492295997,11983,4.0
carmax,680,14,4821,5,74,0.0063673755806938,0.004560855924967247,0.008354578832676988,0.00717796226901013,11983,4.0
carmax,680,15,4749,6,65,0.00740192262760782,0.005314745610948377,0.009777559065784551,0.00843231733879024,11983,4.0
carmax,680,16,4703,15,74,0.009974541745970454,0.007541435935440795,0.01251237891421575,0.011594876394694587,11983,4.0
carmax,680,17,4624,11,86,0.011857049109485119,0.009022875358673318,0.01478570565938018,0.013946186161056695,11983,4.0
carmax,680,18,4544,5,71,0.012709532987789264,0.00997695441801743,0.01573429889740908,0.015031192558326634,11983,4.0
carmax,680,19,4464,6,69,0.01373343029108575,0.010947301506350163,0.016597898428256073,0.016355075364027805,11983,4.0
carmax,680,20,4399,5,79,0.014584738403567428,0.011623844126459419,0.017646943192976872,0.017473107785755393,11983,4.0
carmax,680,21,3942,5,69,0.015516599008681185,0.012305377082209896,0.018223197125564305,0.018719336720578128,11983,4.0
carmax,680,22,3157,5,38,0.016658327491601684,0.013508520394579266,0.01963597624281386,0.020273471442274982,11983,4.0
carmax,680,23,2401,3,49,0.017546792921626114,0.014088769195596838,0.020907476262678037,0.02149761954126428,11983,4.0
carmax,680,24,1666,2,24,0.018381929094146078,0.014858694859519428,0.02201873579087407,0.022672292266905036,11983,4.0
carmax,680,25,1278,2,16,0.019453621835095015,0.01593653161866858,0.02305087014104455,0.02420175659825574,11983,4.0
carmax,680,26,913,0,13,0.019453621835095015,0.01593653161866858,0.02305087014104455,0.02420175659825574,11983,4.0
carmax,680,27,619,0,6,0.019453621835095015,0.01593653161866858,0.02305087014104455,0.02420175659825574,11983,4.0
carmax,680,28,468,0,11,0.019453621835095015,0.01593653161866858,0.02305087014104455,0.02420175659825574,11983,4.0
carmax,680,29,310,1,7,0.021529782932459288,0.016492483384524016,0.028302713717748357,0.0273494928672936,11983,4.0
carmax,680,30,231,1,2,0.024244071466675784,0.017714471884965107,0.03332592362082931,0.03156010112327934,11983,4.0
carmax,680,31,182,0,4,0.024244071466675784,0.017714471884965107,0.03332592362082931,0.03156010112327934,11983,4.0
carmax,680,32,146,1,1,0.028389664040537076,0.01892428343668855,0.04076170995006175,0.03819325111558569,11983,4.0
carmax,680,33,129,0,1,0.028389664040537076,0.01892428343668855,0.04076170995006175,0.03819325111558569,11983,4.0
carmax,680,34,111,1,2,0.033726039647870784,0.020560875050703913,0.05116781026552807,0.04685817678121107,11983,4.0
carmax,680,35,94,1,1,0.0398571946009776,0.0236441141252347,0.06358039374673066,0.056997983411198105,11983,4.0
carmax,680,36,71,1,1,0.0478017897514822,0.028889804153708832,0.07345932931074214,0.07027970195470234,11983,4.0
carmax,700,0,0,0,0,0.0,0.0,0.0,0.0,12575,4.0
carmax,700,1,1225,0,1,0.0,0.0,0.0,0.0,12575,4.0
carmax,700,2,3614,0,19,0.0,0.0,0.0,0.0,12575,4.0
carmax,700,3,5786,0,57,0.0,0.0,0.0,0.0,12575,4.0
carmax,700,4,7355,0,92,0.0,0.0,0.0,0.0,12575,4.0
carmax,700,5,7947,0,104,0.0,0.0,0.0,0.0,12575,4.0
carmax,700,6,7842,1,107,0.00012230437697896107,0.0,0.00036860874676182683,0.00012751849018111105,12575,4.0
carmax,700,7,6934,2,90,0.0003951345043384318,0.0,0.0009235902409193322,0.0004159155139796811,12575,4.0
carmax,700,8,5996,3,98,0.0008621217620252644,0.00026149887379369315,0.0016149183826086112,0.000916040973195531,12575,4.0
carmax,700,9,5522,2,94,0.0011944759675140823,0.00041150802728258227,0.0019597875465415314,0.0012778968076855302,12575,4.0
carmax,700,10,5426,5,83,0.002025361481236127,0.0009680531586724337,0.0032593606613512266,0.002198208366100851,12575,4.0
carmax,700,11,5290,4,90,0.002696101272880479,0.0014942152163506268,0.004069460053165578,0.0029526898720622086,12575,4.0
carmax,700,12,5183,4,67,0.003368523413992586,0.0019070544961002176,0.004811851639133348,0.0037221649329365336,12575,4.0
carmax,700,13,5123,5,83,0.004207246326681706,0.0027420571675487674,0.005730983873550581,0.004694522765326781,12575,4.0
carmax,700,14,5060,5,86,0.0050418253514622835,0.0035161596736969624,0.006785610442400466,0.0056780262013294,12575,4.0
carmax,700,15,4966,7,62,0.006210941832289622,0.004430973290427217,0.00826454209236781,0.00707960771896754,12575,4.0
carmax,700,16,4916,5,69,0.007042797494066251,0.005119193618803036,0.009080661623996369,0.008089494204200465,12575,4.0
carmax,700,17,4849,10,61,0.008704107089579735,0.006845074248279247,0.01107150339966586,0.010135092277609004,12575,4.0
carmax,700,18,4787,8,69,0.01003065603419865,0.007766011608324176,0.012243496117927475,0.01178934739809756,12575,4.0
carmax,700,19,4707,5,72,0.010860277545930523,0.008533023019531964,0.013467313937603469,0.012839071906916244,12575,4.0
carmax,700,20,4634,5,71,0.011689182940690681,0.009182359968545915,0.01412801677468299,0.013904200228121555,12575,4.0
carmax,700,21,4172,5,68,0.0125947799659344,0.009745094675774627,0.015058690800935259,0.015086002480964145,12575,4.0
carmax,700,22,3351,6,60,0.013924069923489999,0.01075212907586282,0.016414987347102467,0.016849501133639255,12575,4.0
carmax,700,23,2563,3,41,0.01477594614482635,0.011687674019548518,0.01746826229632119,0.01800028205310833,12575,4.0
carmax,700,24,1794,2,25,0.015573373198541055,0.012155176847564647,0.018243099295670466,0.019095042050819466,12575,4.0
carmax,700,25,1417,1,30,0.01607056924791081,0.01268450579139195,0.018785890076539212,0.019787282670402417,12575,4.0
carmax,700,26,1016,1,20,0.01674883078770065,0.013032264683156177,0.02017833701306647,0.02075205896698662,12575,4.0
carmax,700,27,699,1,9,0.017714310375813516,0.013854904522019651,0.022065510993438446,0.022152985921254142,12575,4.0
carmax,700,28,529,0,16,0.017714310375813516,0.013854904522019651,0.022065510993438446,0.022152985921254142,12575,4.0
carmax,700,29,384,1,10,0.019394246570164142,0.014707977636636478,0.025151752306906017,0.024699462520417548,12575,4.0
carmax,700,30,281,0,10,0.019394246570164142,0.014707977636636478,0.025151752306906017,0.024699462520417548,12575,4.0
carmax,700,31,213,0,3,0.019394246570164142,0.014707977636636478,0.025151752306906017,0.024699462520417548,12575,4.0
carmax,700,32,180,0,3,0.019394246570164142,0.014707977636636478,0.025151752306906017,0.024699462520417548,12575,4.0
carmax,700,33,145,0,3,0.019394246570164142,0.014707977636636478,0.025151752306906017,0.024699462520417548,12575,4.0
carmax,700,34,118,0,2,0.019394246570164142,0.014707977636636478,0.025151752306906017,0.024699462520417548,12575,4.0
carmax,700,35,95,1,3,0.025331393013741897,0.01561496510232123,0.03740558694331427,0.03496578396757111,12575,4.0
carmax,700,36,69,0,0,0.025331393013741897,0.01561496510232123,0.03740558694331427,0.03496578396757111,12575,4.0
carmax,720,0,0,0,0,0.0,0.0,0.0,0.0,13087,4.0
carmax,720,1,1301,0,2,0.0,0.0,0.0,0.0,13087,4.0
carmax,720,2,3805,0,28,0.0,0.0,0.0,0.0,13087,4.0
carmax,720,3,6050,0,55,0.0,0.0,0.0,0.0,13087,4.0
carmax,720,4,7702,1,105,0.00012751300387840554,0.0,0.00038608811767709364,0.00012983640612829195,13087,4.0
carmax,720,5,8415,0,106,0.00012751300387840554,0.0,0.00038608811767709364,0.00012983640612829195,13087,4.0
carmax,720,6,8305,0,114,0.00012751300387840554,0.0,0.00038608811767709364,0.00012983640612829195,13087,4.0
carmax,720,7,7351,1,103,0.00025583022264300426,0.0,0.0006359347054209246,0.000265854657195419,13087,4.0
carmax,720,8,6333,1,89,0.0004026666168301268,0.0,0.0008510016316439035,0.0004237157254636248,13087,4.0
carmax,720,9,5844,1,102,0.0005595282884437829,0.00012831319617724436,0.0011144505911540987,0.0005947588952573968,13087,4.0
carmax,720,10,5689,1,101,0.0007178237457709052,0.00014701644297767597,0.0013033609258371374,0.0007704321666768266,13087,4.0
carmax,720,11,5485,4,79,0.0013627803328896896,0.0004781429391422297,0.0021032224580920748,0.0014991319426719274,13087,4.0
carmax,720,12,5401,2,111,0.001685318333594714,0.0006215645090539158,0.0025171160213211885,0.0018688786073849384,13087,4.0
carmax,720,13,5306,3,84,0.002167484074565738,0.0010772792027628727,0.003251237314592451,0.0024332196108108883,13087,4.0
carmax,720,14,5247,3,89,0.0026470767946205837,0.0013636905432734753,0.003988019396129567,0.003003583693366174,13087,4.0
carmax,720,15,5166,1,87,0.002806600634592369,0.0015652208220126999,0.00414897467766115,0.0031965756438706583,13087,4.0
carmax,720,16,5096,3,82,0.003283481752749782,0.002046580330632187,0.004784324860296566,0.003783390846592183,13087,4.0
carmax,720,17,4995,7,96,0.00439976863840928,0.0028830900672445637,0.006069350813161878,0.005179490198759185,13087,4.0
carmax,720,18,4884,4,84,0.0050386917043559595,0.00347489964531232,0.006718957459212556,0.005994249011045172,13087,4.0
carmax,720,19,4796,3,94,0.005517884003815969,0.003942909753922136,0.00745323604914532,0.006616020748527851,13087,4.0
carmax,720,20,4708,3,81,0.005996160260222635,0.004317956613042294,0.00785755111014156,0.007249018186453515,13087,4.0
carmax,720,21,4239,4,67,0.006691780110698194,0.0046916833528551725,0.008628423717307137,0.00818579665478425,13087,4.0
carmax,720,22,3416,1,51,0.006903968601387753,0.004912971703256832,0.00880931806198225,0.008476140391126541,13087,4.0
carmax,720,23,2613,2,40,0.007450315392570054,0.005383426585255918,0.009474433446866604,0.00923505647195999,13087,4.0
carmax,720,24,1832,3,39,0.008600417139401136,0.005963966716811638,0.010793879023251683,0.010857488148042993,13087,4.0
carmax,720,25,1367,2,24,0.009604407447534585,0.006813596138451863,0.01294040460783282,0.012304660806202405,13087,4.0
carmax,720,26,975,1,13,0.010294843859435587,0.006999412309630402,0.013416952851586915,0.01331768166691405,13087,4.0
carmax,720,27,683,0,13,0.010294843859435587,0.006999412309630402,0.013416952851586915,0.01331768166691405,13087,4.0
carmax,720,28,531,0,13,0.010294843859435587,0.006999412309630402,0.013416952851586915,0.01331768166691405,13087,4.0
carmax,720,29,371,0,7,0.010294843859435587,0.006999412309630402,0.013416952851586915,0.01331768166691405,13087,4.0
carmax,720,30,280,0,5,0.010294843859435587,0.006999412309630402,0.013416952851586915,0.01331768166691405,13087,4.0
carmax,720,31,230,0,6,0.010294843859435587,0.006999412309630402,0.013416952851586915,0.01331768166691405,13087,4.0
carmax,720,32,169,0,3,0.010294843859435587,0.006999412309630402,0.013416952851586915,0.01331768166691405,13087,4.0
carmax,720,33,137,0,1,0.010294843859435587,0.006999412309630402,0.013416952851586915,0.01331768166691405,13087,4.0
carmax,720,34,113,0,4,0.010294843859435587,0.006999412309630402,0.013416952851586915,0.01331768166691405,13087,4.0
carmax,720,35,87,0,3,0.010294843859435587,0.006999412309630402,0.013416952851586915,0.01331768166691405,13087,4.0
carmax,720,36,64,0,2,0.010294843859435587,0.006999412309630402,0.013416952851586915,0.01331768166691405,13087,4.0
carmax,740,0,0,0,0,0.0,0.0,0.0,0.0,13224,4.0
carmax,740,1,1386,0,1,0.0,0.0,0.0,0.0,13224,4.0
carmax,740,2,3947,0,31,0.0,0.0,0.0,0.0,13224,4.0
carmax,740,3,6302,0,80,0.0,0.0,0.0,0.0,13224,4.0
carmax,740,4,7960,0,108,0.0,0.0,0.0,0.0,13224,4.0
carmax,740,5,8621,0,126,0.0,0.0,0.0,0.0,13224,4.0
carmax,740,6,8472,1,118,0.00011230542145740128,0.0,0.00033699910924636964,0.00011803588290837386,13224,4.0
carmax,740,7,7468,1,99,0.00023791966696271367,0.0,0.0005857000167930721,0.0002519247372357869,13224,4.0
carmax,740,8,6446,4,106,0.0008122453020127549,0.00028646406244294106,0.001375018881132709,0.0008723082775787816,13224,4.0
carmax,740,9,5965,4,94,0.001422291777063394,0.0006746509984530647,0.0023641377628309136,0.0015423017003599604,13224,4.0
carmax,740,10,5857,3,93,0.0018806078094761609,0.0008311684873737324,0.0029458884194859284,0.002053719336504556,13224,4.0
carmax,740,11,5694,5,94,0.002653456030624138,0.0013851736589607733,0.003748083679010198,0.0029300332464654577,13224,4.0
carmax,740,12,5596,2,78,0.0029625400761797444,0.0015839583788798265,0.004168595046834497,0.00328638419955829,13224,4.0
carmax,740,13,5529,1,90,0.0031167187337385006,0.0017675070234748516,0.004231039200631921,0.0034666543416816964,13224,4.0
carmax,740,14,5458,2,83,0.0034239461209882313,0.0020562831584688968,0.004645813828537885,0.003831818631039763,13224,4.0
carmax,740,15,5370,3,90,0.0038850446549806347,0.0023928600695985337,0.005106216447609711,0.004388337168117373,13224,4.0
carmax,740,16,5285,3,89,0.004345445215790078,0.0028679759465052496,0.005892658336393632,0.004953490429895124,13224,4.0
carmax,740,17,5178,2,87,0.004653268070468003,0.0030641745407038587,0.006343622444754098,0.005337826663796341,13224,4.0
carmax,740,18,5096,5,97,0.005421768123183839,0.003718305202557277,0.00706109390767485,0.006313751088184216,13224,4.0
carmax,740,19,4989,2,87,0.005729476222062403,0.003959951229619625,0.0076573861450593425,0.006712101959666206,13224,4.0
carmax,740,20,4906,0,83,0.005729476222062403,0.003959951229619625,0.0076573861450593425,0.006712101959666206,13224,4.0
carmax,740,21,4428,0,83,0.005729476222062403,0.003959951229619625,0.0076573861450593425,0.006712101959666206,13224,4.0
carmax,740,22,3563,6,69,0.006954127178627597,0.004764407846980647,0.008781240050582458,0.008384773132341539,13224,4.0
carmax,740,23,2705,1,37,0.007217317723082274,0.005012851498810229,0.009181506260428875,0.008751359168152062,13224,4.0
carmax,740,24,1915,1,27,0.007583860376899831,0.005053867924789515,0.009706464138370303,0.009268982479291421,13224,4.0
carmax,740,25,1486,0,27,0.007583860376899831,0.005053867924789515,0.009706464138370303,0.009268982479291421,13224,4.0
carmax,740,26,1076,0,23,0.007583860376899831,0.005053867924789515,0.009706464138370303,0.009268982479291421,13224,4.0
carmax,740,27,758,0,14,0.007583860376899831,0.005053867924789515,0.009706464138370303,0.009268982479291421,13224,4.0
carmax,740,28,578,1,9,0.008712421001926885,0.005604461630354963,0.012264004095263802,0.010983049983652515,13224,4.0
carmax,740,29,404,0,13,0.008712421001926885,0.005604461630354963,0.012264004095263802,0.010983049983652515,13224,4.0
carmax,740,30,307,0,4,0.008712421001926885,0.005604461630354963,0.012264004095263802,0.010983049983652515,13224,4.0
carmax,740,31,247,0,4,0.008712421001926885,0.005604461630354963,0.012264004095263802,0.010983049983652515,13224,4.0
carmax,740,32,198,0,4,0.008712421001926885,0.005604461630354963,0.012264004095263802,0.010983049983652515,13224,4.0
carmax,740,33,163,0,3,0.008712421001926885,0.005604461630354963,0.012264004095263802,0.010983049983652515,13224,4.0
carmax,740,34,137,0,1,0.008712421001926885,0.005604461630354963,0.012264004095263802,0.010983049983652515,13224,4.0
carmax,740,35,112,0,2,0.008712421001926885,0.005604461630354963,0.012264004095263802,0.010983049983652515,13224,4.0
carmax,740,36,94,0,2,0.008712421001926885,0.005604461630354963,0.012264004095263802,0.010983049983652515,13224,4.0
carmax,760,0,0,0,0,0.0,0.0,0.0,0.0,13649,4.0
carmax,760,1,1444,0,5,0.0,0.0,0.0,0.0,13649,4.0
carmax,760,2,4105,0,33,0.0,0.0,0.0,0.0,13649,4.0
carmax,760,3,6498,1,82,0.00015212777086131665,0.0,0.0004586842153714435,0.00015389350569405824,13649,4.0
carmax,760,4,8240,0,116,0.00015212777086131665,0.0,0.0004586842153714435,0.00015389350569405824,13649,4.0
carmax,760,5,8960,2,114,0.0003668959085718563,0.0,0.0008404147299425169,0.00037707344017934297,13649,4.0
carmax,760,6,8827,0,125,0.0003668959085718563,0.0,0.0008404147299425169,0.00037707344017934297,13649,4.0
carmax,760,7,7795,2,96,0.0006071154967319854,0.00012027983998692797,0.0012571173492339801,0.000633551420053613,13649,4.0
carmax,760,8,6710,0,94,0.0006071154967319854,0.00012027983998692797,0.0012571173492339801,0.000633551420053613,13649,4.0
carmax,760,9,6229,0,87,0.0006071154967319854,0.00012027983998692797,0.0012571173492339801,0.000633551420053613,13649,4.0
carmax,760,10,6106,1,92,0.0007543154142361482,0.0002149362515433598,0.0014623570579067474,0.0007972209989235424,13649,4.0
carmax,760,11,5959,1,69,0.0009028492460791639,0.00022745887122866808,0.0017679615155500785,0.0009649006060725718,13649,4.0
carmax,760,12,5878,1,94,0.0010516610418810557,0.0003909539090249141,0.0019654787101793915,0.0011348623446560957,13649,4.0
carmax,760,13,5804,0,99,0.0010516610418810557,0.0003909539090249141,0.0019654787101793915,0.0011348623446560957,13649,4.0
carmax,760,14,5747,1,89,0.0011988508020877398,0.0005199818377559781,0.0022138230562589478,0.0013086687023479149,13649,4.0
carmax,760,15,5649,5,94,0.001935841838987379,0.0008871355260362623,0.003243495723612588,0.002192622792715815,13649,4.0
carmax,760,16,5564,6,89,0.002818005804794639,0.0016549087124901193,0.0041943499706705465,0.0032686192454913776,13649,4.0
carmax,760,17,5460,3,95,0.0032598148459118464,0.001800525081676784,0.0045472790008410195,0.003816273850301588,13649,4.0
carmax,760,18,5364,3,90,0.003701459155842955,0.0023245262062961086,0.005003884203276265,0.004373423585284697,13649,4.0
carmax,760,19,5260,0,106,0.003701459155842955,0.0023245262062961086,0.005003884203276265,0.004373423585284697,13649,4.0
carmax,760,20,5164,2,93,0.003995933072725654,0.002624737048885683,0.005313723160197391,0.004759026442145542,13649,4.0
carmax,760,21,4625,2,89,0.004318676485629091,0.0028243646597170663,0.005874614456642141,0.005189400917197551,13649,4.0
carmax,760,22,3712,1,61,0.0045157829826797625,0.0029906266186442983,0.006154620229882851,0.005457399462209023,13649,4.0
carmax,760,23,2873,2,62,0.0050166104899787185,0.003437509605062809,0.0066387846469018515,0.006149736810303619,13649,4.0
carmax,760,24,2034,0,37,0.0050166104899787185,0.003437509605062809,0.0066387846469018515,0.006149736810303619,13649,4.0
carmax,760,25,1583,0,27,0.0050166104899787185,0.003437509605062809,0.0066387846469018515,0.006149736810303619,13649,4.0
carmax,760,26,1145,0,18,0.0050166104899787185,0.003437509605062809,0.0066387846469018515,0.006149736810303619,13649,4.0
carmax,760,27,836,0,16,0.0050166104899787185,0.003437509605062809,0.0066387846469018515,0.006149736810303619,13649,4.0
carmax,760,28,635,0,16,0.0050166104899787185,0.003437509605062809,0.0066387846469018515,0.006149736810303619,13649,4.0
carmax,760,29,431,0,7,0.0050166104899787185,0.003437509605062809,0.0066387846469018515,0.006149736810303619,13649,4.0
carmax,760,30,337,0,9,0.0050166104899787185,0.003437509605062809,0.0066387846469018515,0.006149736810303619,13649,4.0
carmax,760,31,277,0,5,0.0050166104899787185,0.003437509605062809,0.0066387846469018515,0.006149736810303619,13649,4.0
carmax,760,32,221,0,5,0.0050166104899787185,0.003437509605062809,0.0066387846469018515,0.006149736810303619,13649,4.0
carmax,760,33,191,0,3,0.0050166104899787185,0.003437509605062809,0.0066387846469018515,0.006149736810303619,13649,4.0
carmax,760,34,157,0,1,0.0050166104899787185,0.003437509605062809,0.0066387846469018515,0.006149736810303619,13649,4.0
carmax,760,35,132,0,2,0.0050166104899787185,0.003437509605062809,0.0066387846469018515,0.006149736810303619,13649,4.0
carmax,760,36,106,0,4,0.0050166104899787185,0.003437509605062809,0.0066387846469018515,0.006149736810303619,13649,4.0
carmax,780,0,0,0,0,0.0,0.0,0.0,0.0,13360,4.0
carmax,780,1,1435,0,4,0.0,0.0,0.0,0.0,13360,4.0
carmax,780,2,4014,0,36,0.0,0.0,0.0,0.0,13360,4.0
carmax,780,3,6473,0,81,0.0,0.0,0.0,0.0,13360,4.0
carmax,780,4,8046,0,112,0.0,0.0,0.0,0.0,13360,4.0
carmax,780,5,8771,1,135,0.00010971584682868328,0.0,0.0003294663666892826,0.00011401208528105666,13360,4.0
carmax,780,6,8618,0,111,0.00010971584682868328,0.0,0.0003294663666892826,0.00011401208528105666,13360,4.0
carmax,780,7,7717,0,105,0.00010971584682868328,0.0,0.0003294663666892826,0.00011401208528105666,13360,4.0
carmax,780,8,6657,2,101,0.00038685849505991907,0.0,0.0009250409646719069,0.00041441346365411746,13360,4.0
carmax,780,9,6204,1,95,0.0005332473503554961,0.0001364571414401953,0.0011983825800167785,0.000575532997267314,13360,4.0
carmax,780,10,6084,1,101,0.0006802136764806414,0.00013871544058460225,0.0013458660909637342,0.0007398039484511898,13360,4.0
carmax,780,11,5933,0,108,0.0006802136764806414,0.00013871544058460225,0.0013458660909637342,0.0007398039484511898,13360,4.0
carmax,780,12,5803,1,97,0.0008289555533619365,0.00024413114687877227,0.0014446271322483524,0.0009120011216463553,13360,4.0
carmax,780,13,5739,0,105,0.0008289555533619365,0.00024413114687877227,0.0014446271322483524,0.0009120011216463553,13360,4.0
carmax,780,14,5663,1,112,0.0009760590385900025,0.0002876897048520205,0.00177496553688,0.0010884249250858735,13360,4.0
carmax,780,15,5569,0,109,0.0009760590385900025,0.0002876897048520205,0.00177496553688,0.0010884249250858735,13360,4.0
carmax,780,16,5462,0,87,0.0009760590385900025,0.0002876897048520205,0.00177496553688,0.0010884249250858735,13360,4.0
carmax,780,17,5367,0,94,0.0009760590385900025,0.0002876897048520205,0.00177496553688,0.0010884249250858735,13360,4.0
carmax,780,18,5275,1,105,0.0011227697608382661,0.0004205481944636327,0.0019581061571793275,0.00127779204832279,13360,4.0
carmax,780,19,5155,0,100,0.0011227697608382661,0.0004205481944636327,0.0019581061571793275,0.00127779204832279,13360,4.0
carmax,780,20,5064,2,101,0.001416465182336431,0.000576158944064724,0.002307793523611541,0.0016722320988566963,13360,4.0
carmax,780,21,4534,1,78,0.0015771426179399155,0.0007214600839906917,0.002558092314969986,0.0018924190789848527,13360,4.0
carmax,780,22,3686,1,65,0.0017713417431741865,0.0008745725653763572,0.0030447868254339454,0.0021632024704446584,13360,4.0
carmax,780,23,2827,1,59,0.0020200155434387996,0.0010575771331839824,0.003352624310962181,0.0025161691480284354,13360,4.0
carmax,780,24,2091,0,37,0.0020200155434387996,0.0010575771331839824,0.003352624310962181,0.0025161691480284354,13360,4.0
carmax,780,25,1617,1,27,0.0024380148651341614,0.0012781166930862621,0.003811941084168,0.003133042265438424,13360,4.0
carmax,780,26,1206,0,19,0.0024380148651341614,0.0012781166930862621,0.003811941084168,0.003133042265438424,13360,4.0
carmax,780,27,875,0,23,0.0024380148651341614,0.0012781166930862621,0.003811941084168,0.003133042265438424,13360,4.0
carmax,780,28,663,0,12,0.0024380148651341614,0.0012781166930862621,0.003811941084168,0.003133042265438424,13360,4.0
carmax,780,29,478,0,10,0.0024380148651341614,0.0012781166930862621,0.003811941084168,0.003133042265438424,13360,4.0
carmax,780,30,376,0,7,0.0024380148651341614,0.0012781166930862621,0.003811941084168,0.003133042265438424,13360,4.0
carmax,780,31,312,1,13,0.004362895356536067,0.0016605370687610716,0.008962907161294194,0.006328128668433797,13360,4.0
carmax,780,32,252,0,6,0.004362895356536067,0.0016605370687610716,0.008962907161294194,0.006328128668433797,13360,4.0
carmax,780,33,210,0,4,0.004362895356536067,0.0016605370687610716,0.008962907161294194,0.006328128668433797,13360,4.0
carmax,780,34,172,0,9,0.004362895356536067,0.0016605370687610716,0.008962907161294194,0.006328128668433797,13360,4.0
carmax,780,35,134,0,1,0.004362895356536067,0.0016605370687610716,0.008962907161294194,0.006328128668433797,13360,4.0
carmax,780,36,111,0,4,0.004362895356536067,0.0016605370687610716,0.008962907161294194,0.006328128668433797,13360,4.0
carmax,800,0,0,0,0,0.0,0.0,0.0,0.0,13040,4.0
carmax,800,1,1470,0,0,0.0,0.0,0.0,0.0,13040,4.0
carmax,800,2,4055,0,31,0.0,0.0,0.0,0.0,13040,4.0
carmax,800,3,6399,0,70,0.0,0.0,0.0,0.0,13040,4.0
carmax,800,4,7964,1,98,0.00012324203124826775,0.0,0.00037016791618523577,0.00012556504269212176,13040,4.0
carmax,800,5,8624,0,113,0.00012324203124826775,0.0,0.00037016791618523577,0.00012556504269212176,13040,4.0
carmax,800,6,8423,1,132,0.0002368117673400298,0.0,0.0005870421219689089,0.0002442726807019291,13040,4.0
carmax,800,7,7446,0,118,0.0002368117673400298,0.0,0.0005870421219689089,0.0002442726807019291,13040,4.0
carmax,800,8,6430,0,97,0.0002368117673400298,0.0,0.0005870421219689089,0.0002442726807019291,13040,4.0
carmax,800,9,6033,0,85,0.0002368117673400298,0.0,0.0005870421219689089,0.0002442726807019291,13040,4.0
carmax,800,10,5931,0,84,0.0002368117673400298,0.0,0.0005870421219689089,0.0002442726807019291,13040,4.0
carmax,800,11,5804,1,108,0.00038963644610895106,0.0,0.0008894006977465136,0.00041652556273485963,13040,4.0
carmax,800,12,5713,0,103,0.00038963644610895106,0.0,0.0008894006977465136,0.00041652556273485963,13040,4.0
carmax,800,13,5664,0,80,0.00038963644610895106,0.0,0.0008894006977465136,0.00041652556273485963,13040,4.0
carmax,800,14,5634,2,85,0.0006887397258148995,0.00014816126632169837,0.0014050043817083356,0.0007713652767701307,13040,4.0
carmax,800,15,5567,0,86,0.0006887397258148995,0.00014816126632169837,0.0014050043817083356,0.0007713652767701307,13040,4.0
carmax,800,16,5491,0,92,0.0006887397258148995,0.00014816126632169837,0.0014050043817083356,0.0007713652767701307,13040,4.0
carmax,800,17,5395,0,105,0.0006887397258148995,0.00014816126632169837,0.0014050043817083356,0.0007713652767701307,13040,4.0
carmax,800,18,5285,0,96,0.0006887397258148995,0.00014816126632169837,0.0014050043817083356,0.0007713652767701307,13040,4.0
carmax,800,19,5166,3,101,0.0011377120438496636,0.00040861039020920615,0.002140958827114671,0.0013516374223701,13040,4.0
carmax,800,20,5065,0,98,0.0011377120438496636,0.00040861039020920615,0.002140958827114671,0.0013516374223701,13040,4.0
carmax,800,21,4559,0,83,0.0011377120438496636,0.00040861039020920615,0.002140958827114671,0.0013516374223701,13040,4.0
carmax,800,22,3657,2,65,0.001536608963131707,0.0006434934802796694,0.0025827099720940835,0.0018977945799186768,13040,4.0
carmax,800,23,2825,2,49,0.002043525756130835,0.0009305651461737382,0.0032244092689027067,0.0026044156103045557,13040,4.0
carmax,800,24,2086,0,31,0.002043525756130835,0.0009305651461737382,0.0032244092689027067,0.0026044156103045557,13040,4.0
carmax,800,25,1656,1,44,0.0024617896048779227,0.0012177432799842752,0.0036807281753940507,0.0032067076298635255,13040,4.0
carmax,800,26,1230,0,28,0.0024617896048779227,0.0012177432799842752,0.0036807281753940507,0.0032067076298635255,13040,4.0
carmax,800,27,919,1,18,0.0031783119104225963,0.0013841770675513713,0.005257126696238884,0.004291357567154153,13040,4.0
carmax,800,28,707,0,19,0.0031783119104225963,0.0013841770675513713,0.005257126696238884,0.004291357567154153,13040,4.0
carmax,800,29,513,0,13,0.0031783119104225963,0.0013841770675513713,0.005257126696238884,0.004291357567154153,13040,4.0
carmax,800,30,411,0,9,0.0031783119104225963,0.0013841770675513713,0.005257126696238884,0.004291357567154153,13040,4.0
carmax,800,31,339,0,8,0.0031783119104225963,0.0013841770675513713,0.005257126696238884,0.004291357567154153,13040,4.0
carmax,800,32,267,0,6,0.0031783119104225963,0.0013841770675513713,0.005257126696238884,0.004291357567154153,13040,4.0
carmax,800,33,221,0,6,0.0031783119104225963,0.0013841770675513713,0.005257126696238884,0.004291357567154153,13040,4.0
carmax,800,34,175,0,0,0.0031783119104225963,0.0013841770675513713,0.005257126696238884,0.004291357567154153,13040,4.0
carmax,800,35,150,0,2,0.0031783119104225963,0.0013841770675513713,0.005257126696238884,0.004291357567154153,13040,4.0
carmax,800,36,123,0,4,0.0031783119104225963,0.0013841770675513713,0.005257126696238884,0.004291357567154153,13040,4.0
carmax,820,0,0,0,0,0.0,0.0,0.0,0.0,11825,4.0
carmax,820,1,1285,0,6,0.0,0.0,0.0,0.0,11825,4.0
carmax,820,2,3623,0,25,0.0,0.0,0.0,0.0,11825,4.0
carmax,820,3,5782,0,62,0.0,0.0,0.0,0.0,11825,4.0
carmax,820,4,7224,0,93,0.0,0.0,0.0,0.0,11825,4.0
carmax,820,5,7864,0,125,0.0,0.0,0.0,0.0,11825,4.0
carmax,820,6,7712,0,116,0.0,0.0,0.0,0.0,11825,4.0
carmax,820,7,6823,1,106,0.00013713073005687222,0.0,0.0005435827780417368,0.0001465630954126107,11825,4.0
carmax,820,8,5850,0,89,0.00013713073005687222,0.0,0.0005435827780417368,0.0001465630954126107,11825,4.0
carmax,820,9,5434,0,83,0.00013713073005687222,0.0,0.0005435827780417368,0.0001465630954126107,11825,4.0
carmax,820,10,5354,0,82,0.00013713073005687222,0.0,0.0005435827780417368,0.0001465630954126107,11825,4.0
carmax,820,11,5220,0,77,0.00013713073005687222,0.0,0.0005435827780417368,0.0001465630954126107,11825,4.0
carmax,820,12,5165,0,103,0.00013713073005687222,0.0,0.0005435827780417368,0.0001465630954126107,11825,4.0
carmax,820,13,5089,1,81,0.00030399571813511235,0.0,0.0007850637049869212,0.0003430365552091752,11825,4.0
carmax,820,14,5051,0,92,0.00030399571813511235,0.0,0.0007850637049869212,0.0003430365552091752,11825,4.0
carmax,820,15,4970,2,90,0.0006340863202495709,0.0,0.001242734867633218,0.0007453129992514018,11825,4.0
carmax,820,16,4882,1,92,0.0007989963936942993,0.0001329934484429825,0.0015981532294858441,0.0009499944181372566,11825,4.0
carmax,820,17,4777,1,73,0.000964320727319337,0.00016569940412198306,0.0017730738050516063,0.001159131953322845,11825,4.0
carmax,820,18,4714,3,82,0.0014591363877172274,0.0004996354711116433,0.0024907674462795303,0.0017947964853848308,11825,4.0
carmax,820,19,4630,1,91,0.0016240393173055526,0.0008080384583090376,0.0027495798791004247,0.0020103915617378787,11825,4.0
carmax,820,20,4540,1,90,0.001788869602431504,0.0008259988640590619,0.002864436320901499,0.0022302130613938154,11825,4.0
carmax,820,21,4070,0,82,0.001788869602431504,0.0008259988640590619,0.002864436320901499,0.0022302130613938154,11825,4.0
carmax,820,22,3297,0,65,0.001788869602431504,0.0008259988640590619,0.002864436320901499,0.0022302130613938154,11825,4.0
carmax,820,23,2562,2,55,0.0023387439139965958,0.0011023115785305264,0.0035588771310266017,0.003009112192493446,11825,4.0
carmax,820,24,1887,0,44,0.0023387439139965958,0.0011023115785305264,0.0035588771310266017,0.003009112192493446,11825,4.0
carmax,820,25,1473,0,36,0.0023387439139965958,0.0011023115785305264,0.0035588771310266017,0.003009112192493446,11825,4.0
carmax,820,26,1094,0,26,0.0023387439139965958,0.0011023115785305264,0.0035588771310266017,0.003009112192493446,11825,4.0
carmax,820,27,798,0,20,0.0023387439139965958,0.0011023115785305264,0.0035588771310266017,0.003009112192493446,11825,4.0
carmax,820,28,624,0,18,0.0023387439139965958,0.0011023115785305264,0.0035588771310266017,0.003009112192493446,11825,4.0
carmax,820,29,457,0,13,0.0023387439139965958,0.0011023115785305264,0.0035588771310266017,0.003009112192493446,11825,4.0
carmax,820,30,347,0,13,0.0023387439139965958,0.0011023115785305264,0.0035588771310266017,0.003009112192493446,11825,4.0
carmax,820,31,278,0,13,0.0023387439139965958,0.0011023115785305264,0.0035588771310266017,0.003009112192493446,11825,4.0
carmax,820,32,216,0,2,0.0023387439139965958,0.0011023115785305264,0.0035588771310266017,0.003009112192493446,11825,4.0
carmax,820,33,178,0,2,0.0023387439139965958,0.0011023115785305264,0.0035588771310266017,0.003009112192493446,11825,4.0
carmax,820,34,155,0,2,0.0023387439139965958,0.0011023115785305264,0.0035588771310266017,0.003009112192493446,11825,4.0
carmax,820,35,132,0,4,0.0023387439139965958,0.0011023115785305264,0.0035588771310266017,0.003009112192493446,11825,4.0
carmax,820,36,106,0,4,0.0023387439139965958,0.0011023115785305264,0.0035588771310266017,0.003009112192493446,11825,4.0
carmax,840,0,0,0,0,0.0,0.0,0.0,0.0,9573,3.0
carmax,840,1,1109,0,2,0.0,0.0,0.0,0.0,9573,3.0
carmax,840,2,3057,0,29,0.0,0.0,0.0,0.0,9573,3.0
carmax,840,3,4798,0,51,0.0,0.0,0.0,0.0,9573,3.0
carmax,840,4,5937,0,77,0.0,0.0,0.0,0.0,9573,3.0
carmax,840,5,6491,0,97,0.0,0.0,0.0,0.0,9573,3.0
carmax,840,6,6304,1,93,0.0001508727756771372,0.0,0.0005964080094684846,0.00015862944162436943,9573,3.0
carmax,840,7,5538,0,94,0.0001508727756771372,0.0,0.0005964080094684846,0.00015862944162436943,9573,3.0
carmax,840,8,4716,1,57,0.00034616900093916136,0.0,0.000997963583838002,0.0003706399103602376,9573,3.0
carmax,840,9,4412,1,69,0.0005523543629678351,0.0,0.001347467075352664,0.0005972104815501478,9573,3.0
carmax,840,10,4329,1,76,0.0007591589002578561,0.0002039994173773564,0.0016606531401256789,0.0008280727567911983,9573,3.0
carmax,840,11,4205,0,63,0.0007591589002578561,0.0002039994173773564,0.0016606531401256789,0.0008280727567911983,9573,3.0
carmax,840,12,4129,1,64,0.0009689333209095441,0.00035565975766312465,0.0019496254674627237,0.0010700615984582384,9573,3.0
carmax,840,13,4081,0,75,0.0009689333209095441,0.00035565975766312465,0.0019496254674627237,0.0010700615984582384,9573,3.0
carmax,840,14,4036,0,69,0.0009689333209095441,0.00035565975766312465,0.0019496254674627237,0.0010700615984582384,9573,3.0
carmax,840,15,3981,0,72,0.0009689333209095441,0.00035565975766312465,0.0019496254674627237,0.0010700615984582384,9573,3.0
carmax,840,16,3930,0,74,0.0009689333209095441,0.00035565975766312465,0.0019496254674627237,0.0010700615984582384,9573,3.0
carmax,840,17,3853,0,91,0.0009689333209095441,0.00035565975766312465,0.0019496254674627237,0.0010700615984582384,9573,3.0
carmax,840,18,3759,0,77,0.0009689333209095441,0.00035565975766312465,0.0019496254674627237,0.0010700615984582384,9573,3.0
carmax,840,19,3659,0,73,0.0009689333209095441,0.00035565975766312465,0.0019496254674627237,0.0010700615984582384,9573,3.0
carmax,840,20,3586,0,65,0.0009689333209095441,0.00035565975766312465,0.0019496254674627237,0.0010700615984582384,9573,3.0
carmax,840,21,3220,1,61,0.0011954282978540506,0.0004187424893005323,0.0023378313960222986,0.0013802882874027755,9573,3.0
carmax,840,22,2580,0,55,0.0011954282978540506,0.0004187424893005323,0.0023378313960222986,0.0013802882874027755,9573,3.0
carmax,840,23,2000,0,48,0.0011954282978540506,0.0004187424893005323,0.0023378313960222986,0.0013802882874027755,9573,3.0
carmax,840,24,1469,0,41,0.0011954282978540506,0.0004187424893005323,0.0023378313960222986,0.0013802882874027755,9573,3.0
carmax,840,25,1123,0,19,0.0011954282978540506,0.0004187424893005323,0.0023378313960222986,0.0013802882874027755,9573,3.0
carmax,840,26,818,0,16,0.0011954282978540506,0.0004187424893005323,0.0023378313960222986,0.0013802882874027755,9573,3.0
carmax,840,27,590,1,16,0.0022804213984540423,0.000684647680231372,0.005092158584622444,0.00307286406996643,9573,3.0
carmax,840,28,453,0,10,0.0022804213984540423,0.000684647680231372,0.005092158584622444,0.00307286406996643,9573,3.0
carmax,840,29,323,0,8,0.0022804213984540423,0.000684647680231372,0.005092158584622444,0.00307286406996643,9573,3.0
carmax,840,30,240,0,1,0.0022804213984540423,0.000684647680231372,0.005092158584622444,0.00307286406996643,9573,3.0
carmax,840,31,206,1,3,0.005146674865380324,0.0008953469380921538,0.012947961118801804,0.00791231618613164,9573,3.0
carmax,840,32,169,0,2,0.005146674865380324,0.0008953469380921538,0.012947961118801804,0.00791231618613164,9573,3.0
carmax,840,33,143,0,4,0.005146674865380324,0.0008953469380921538,0.012947961118801804,0.00791231618613164,9573,3.0
carmax,840,34,121,0,4,0.005146674865380324,0.0008953469380921538,0.012947961118801804,0.00791231618613164,9573,3.0
carmax,840,35,99,0,3,0.005146674865380324,0.0008953469380921538,0.012947961118801804,0.00791231618613164,9573,3.0
carmax,840,36,79,0,4,0.005146674865380324,0.0008953469380921538,0.012947961118801804,0.00791231618613164,9573,3.0
carmax,860,0,0,0,0,0.0,0.0,0.0,0.0,5096,3.0
carmax,860,1,595,0,3,0.0,0.0,0.0,0.0,5096,3.0
carmax,860,2,1616,0,13,0.0,0.0,0.0,0.0,5096,3.0
carmax,860,3,2541,0,32,0.0,0.0,0.0,0.0,5096,3.0
carmax,860,4,3183,0,50,0.0,0.0,0.0,0.0,5096,3.0
carmax,860,5,3418,0,63,0.0,0.0,0.0,0.0,5096,3.0
carmax,860,6,3321,1,50,0.00028350991380920125,0.0,0.000849292751504779,0.0003011141222523106,5096,3.0
carmax,860,7,2949,0,37,0.00028350991380920125,0.0,0.000849292751504779,0.0003011141222523106,5096,3.0
carmax,860,8,2516,0,39,0.00028350991380920125,0.0,0.000849292751504779,0.0003011141222523106,5096,3.0
carmax,860,9,2299,0,45,0.00028350991380920125,0.0,0.000849292751504779,0.0003011141222523106,5096,3.0
carmax,860,10,2244,0,50,0.00028350991380920125,0.0,0.000849292751504779,0.0003011141222523106,5096,3.0
carmax,860,11,2149,0,28,0.00028350991380920125,0.0,0.000849292751504779,0.0003011141222523106,5096,3.0
carmax,860,12,2100,0,36,0.00028350991380920125,0.0,0.000849292751504779,0.0003011141222523106,5096,3.0
carmax,860,13,2078,0,36,0.00028350991380920125,0.0,0.000849292751504779,0.0003011141222523106,5096,3.0
carmax,860,14,2056,0,45,0.00028350991380920125,0.0,0.000849292751504779,0.0003011141222523106,5096,3.0
carmax,860,15,2020,0,28,0.00028350991380920125,0.0,0.000849292751504779,0.0003011141222523106,5096,3.0
carmax,860,16,1998,0,36,0.00028350991380920125,0.0,0.000849292751504779,0.0003011141222523106,5096,3.0
carmax,860,17,1964,0,40,0.00028350991380920125,0.0,0.000849292751504779,0.0003011141222523106,5096,3.0
carmax,860,18,1929,0,30,0.00028350991380920125,0.0,0.000849292751504779,0.0003011141222523106,5096,3.0
carmax,860,19,1893,0,39,0.00028350991380920125,0.0,0.000849292751504779,0.0003011141222523106,5096,3.0
carmax,860,20,1851,0,35,0.00028350991380920125,0.0,0.000849292751504779,0.0003011141222523106,5096,3.0
carmax,860,21,1641,0,35,0.00028350991380920125,0.0,0.000849292751504779,0.0003011141222523106,5096,3.0
carmax,860,22,1312,0,31,0.00028350991380920125,0.0,0.000849292751504779,0.0003011141222523106,5096,3.0
carmax,860,23,1009,0,19,0.00028350991380920125,0.0,0.000849292751504779,0.0003011141222523106,5096,3.0
carmax,860,24,736,0,15,0.00028350991380920125,0.0,0.000849292751504779,0.0003011141222523106,5096,3.0
carmax,860,25,592,0,12,0.00028350991380920125,0.0,0.000849292751504779,0.0003011141222523106,5096,3.0
carmax,860,26,444,0,9,0.00028350991380920125,0.0,0.000849292751504779,0.0003011141222523106,5096,3.0
carmax,860,27,309,0,6,0.00028350991380920125,0.0,0.000849292751504779,0.0003011141222523106,5096,3.0
carmax,860,28,228,0,5,0.00028350991380920125,0.0,0.000849292751504779,0.0003011141222523106,5096,3.0
carmax,860,29,163,0,7,0.00028350991380920125,0.0,0.000849292751504779,0.0003011141222523106,5096,3.0
carmax,860,30,124,0,3,0.00028350991380920125,0.0,0.000849292751504779,0.0003011141222523106,5096,3.0
carmax,860,31,103,0,0,0.00028350991380920125,0.0,0.000849292751504779,0.0003011141222523106,5096,3.0
carmax,860,32,87,0,0,0.00028350991380920125,0.0,0.000849292751504779,0.0003011141222523106,5096,3.0
carmax,860,33,76,0,1,0.00028350991380920125,0.0,0.000849292751504779,0.0003011141222523106,5096,3.0
carmax,860,34,62,0,2,0.00028350991380920125,0.0,0.000849292751504779,0.0003011141222523106,5096,3.0
carmax,860,35,56,0,3,0.00028350991380920125,0.0,0.000849292751504779,0.0003011141222523106,5096,3.0
carmax,860,36,46,0,3,0.00028350991380920125,0.0,0.000849292751504779,0.0003011141222523106,5096,3.0
carmax,880,0,0,0,0,0.0,0.0,0.0,0.0,792,3.0
carmax,880,1,85,0,0,0.0,0.0,0.0,0.0,792,3.0
carmax,880,2,246,0,1,0.0,0.0,0.0,0.0,792,3.0
carmax,880,3,404,0,4,0.0,0.0,0.0,0.0,792,3.0
carmax,880,4,503,0,8,0.0,0.0,0.0,0.0,792,3.0
carmax,880,5,553,0,10,0.0,0.0,0.0,0.0,792,3.0
carmax,880,6,534,0,9,0.0,0.0,0.0,0.0,792,3.0
carmax,880,7,460,0,12,0.0,0.0,0.0,0.0,792,3.0
carmax,880,8,369,0,5,0.0,0.0,0.0,0.0,792,3.0
carmax,880,9,336,0,7,0.0,0.0,0.0,0.0,792,3.0
carmax,880,10,315,0,3,0.0,0.0,0.0,0.0,792,3.0
carmax,880,11,306,0,2,0.0,0.0,0.0,0.0,792,3.0
carmax,880,12,308,0,5,0.0,0.0,0.0,0.0,792,3.0
carmax,880,13,303,0,4,0.0,0.0,0.0,0.0,792,3.0
carmax,880,14,302,1,6,0.0027874116356359064,0.0,0.008184157344592765,0.0033112582781457123,792,3.0
carmax,880,15,294,0,9,0.0027874116356359064,0.0,0.008184157344592765,0.0033112582781457123,792,3.0
carmax,880,16,282,0,1,0.0027874116356359064,0.0,0.008184157344592765,0.0033112582781457123,792,3.0
carmax,880,17,280,0,7,0.0027874116356359064,0.0,0.008184157344592765,0.0033112582781457123,792,3.0
carmax,880,18,272,0,10,0.0027874116356359064,0.0,0.008184157344592765,0.0033112582781457123,792,3.0
carmax,880,19,262,1,10,0.005634582805703078,0.0,0.013667299542336602,0.007115413780900859,792,3.0
carmax,880,20,252,0,1,0.005634582805703078,0.0,0.013667299542336602,0.007115413780900859,792,3.0
carmax,880,21,235,0,4,0.005634582805703078,0.0,0.013667299542336602,0.007115413780900859,792,3.0
carmax,880,22,190,0,3,0.005634582805703078,0.0,0.013667299542336602,0.007115413780900859,792,3.0
carmax,880,23,145,0,2,0.005634582805703078,0.0,0.013667299542336602,0.007115413780900859,792,3.0
carmax,880,24,108,0,1,0.005634582805703078,0.0,0.013667299542336602,0.007115413780900859,792,3.0
carmax,880,25,80,0,3,0.005634582805703078,0.0,0.013667299542336602,0.007115413780900859,792,3.0
carmax,880,26,51,0,3,0.005634582805703078,0.0,0.013667299542336602,0.007115413780900859,792,3.0
carmax,880,27,36,0,1,0.005634582805703078,0.0,0.013667299542336602,0.007115413780900859,792,3.0
carmax,880,28,27,0,0,0.005634582805703078,0.0,0.013667299542336602,0.007115413780900859,792,3.0
carmax,880,29,20,0,1,0.005634582805703078,0.0,0.013667299542336602,0.007115413780900859,792,3.0
carmax,880,30,18,0,2,0.005634582805703078,0.0,0.013667299542336602,0.007115413780900859,792,3.0
carmax,880,31,15,0,0,0.005634582805703078,0.0,0.013667299542336602,0.007115413780900859,792,3.0
carmax,880,32,10,0,0,0.005634582805703078,0.0,0.013667299542336602,0.007115413780900859,792,3.0
carmax,880,33,8,0,1,0.005634582805703078,0.0,0.013667299542336602,0.007115413780900859,792,3.0
carmax,880,34,5,0,0,0.005634582805703078,0.0,0.013667299542336602,0.007115413780900859,792,3.0
carmax,880,35,4,0,0,0.005634582805703078,0.0,0.013667299542336602,0.007115413780900859,792,3.0
carmax,880,36,2,0,0,0.005634582805703078,0.0,0.013667299542336602,0.007115413780900859,792,3.0
carmax,900,0,0,0,0,0.0,0.0,0.0,0.0,22,4.5
carmax,900,1,3,0,0,0.0,0.0,0.0,0.0,22,4.5
carmax,900,2,5,0,0,0.0,0.0,0.0,0.0,22,4.5
carmax,900,3,8,0,0,0.0,0.0,0.0,0.0,22,4.5
carmax,900,4,11,0,0,0.0,0.0,0.0,0.0,22,4.5
carmax,900,5,12,0,0,0.0,0.0,0.0,0.0,22,4.5
carmax,900,6,13,0,0,0.0,0.0,0.0,0.0,22,4.5
carmax,900,7,14,0,0,0.0,0.0,0.0,0.0,22,4.5
carmax,900,8,12,0,0,0.0,0.0,0.0,0.0,22,4.5
carmax,900,9,11,0,0,0.0,0.0,0.0,0.0,22,4.5
carmax,900,10,11,0,0,0.0,0.0,0.0,0.0,22,4.5
carmax,900,11,11,0,0,0.0,0.0,0.0,0.0,22,4.5
carmax,900,12,11,0,0,0.0,0.0,0.0,0.0,22,4.5
carmax,900,13,11,0,0,0.0,0.0,0.0,0.0,22,4.5
carmax,900,14,11,0,0,0.0,0.0,0.0,0.0,22,4.5
carmax,900,15,11,0,0,0.0,0.0,0.0,0.0,22,4.5
carmax,900,16,11,0,0,0.0,0.0,0.0,0.0,22,4.5
carmax,900,17,11,0,0,0.0,0.0,0.0,0.0,22,4.5
carmax,900,18,12,0,0,0.0,0.0,0.0,0.0,22,4.5
carmax,900,19,12,0,0,0.0,0.0,0.0,0.0,22,4.5
carmax,900,20,12,0,0,0.0,0.0,0.0,0.0,22,4.5
carmax,900,21,9,0,0,0.0,0.0,0.0,0.0,22,4.5
carmax,900,22,8,0,0,0.0,0.0,0.0,0.0,22,4.5
carmax,900,23,7,0,0,0.0,0.0,0.0,0.0,22,4.5
carmax,900,24,5,0,0,0.0,0.0,0.0,0.0,22,4.5
carmax,900,25,4,0,0,0.0,0.0,0.0,0.0,22,4.5
carmax,900,26,4,0,0,0.0,0.0,0.0,0.0,22,4.5
carmax,900,27,2,0,0,0.0,0.0,0.0,0.0,22,4.5
carmax,900,28,2,0,0,0.0,0.0,0.0,0.0,22,4.5
carmax,900,29,2,0,1,0.0,0.0,0.0,0.0,22,4.5
carmax,900,30,1,0,0,0.0,0.0,0.0,0.0,22,4.5
carmax,900,31,1,0,0,0.0,0.0,0.0,0.0,22,4.5
carmax,900,32,1,0,0,0.0,0.0,0.0,0.0,22,4.5
carmax,900,33,1,0,0,0.0,0.0,0.0,0.0,22,4.5
carmax,900,34,1,0,0,0.0,0.0,0.0,0.0,22,4.5
carmax,900,35,1,0,0,0.0,0.0,0.0,0.0,22,4.5
carmax,900,36,1,0,0,0.0,0.0,0.0,0.0,22,4.5
exeter,360,0,0,0,0,0.0,0.0,0.0,0.0,4,3.0
exeter,360,1,0,0,0,0.0,0.0,0.0,0.0,4,3.0
exeter,360,2,2,0,0,0.0,0.0,0.0,0.0,4,3.0
exeter,360,3,2,0,0,0.0,0.0,0.0,0.0,4,3.0
exeter,360,4,3,0,0,0.0,0.0,0.0,0.0,4,3.0
exeter,360,5,3,0,0,0.0,0.0,0.0,0.0,4,3.0
exeter,360,6,4,0,0,0.0,0.0,0.0,0.0,4,3.0
exeter,360,7,4,0,0,0.0,0.0,0.0,0.0,4,3.0
exeter,360,8,4,0,0,0.0,0.0,0.0,0.0,4,3.0
exeter,360,9,4,0,0,0.0,0.0,0.0,0.0,4,3.0
exeter,360,10,4,0,0,0.0,0.0,0.0,0.0,4,3.0
exeter,360,11,4,0,0,0.0,0.0,0.0,0.0,4,3.0
exeter,360,12,4,0,0,0.0,0.0,0.0,0.0,4,3.0
exeter,360,13,3,0,0,0.0,0.0,0.0,0.0,4,3.0
exeter,360,14,3,0,0,0.0,0.0,0.0,0.0,4,3.0
exeter,360,15,3,0,0,0.0,0.0,0.0,0.0,4,3.0
exeter,360,16,3,0,0,0.0,0.0,0.0,0.0,4,3.0
exeter,360,17,3,0,0,0.0,0.0,0.0,0.0,4,3.0
exeter,360,18,3,0,0,0.0,0.0,0.0,0.0,4,3.0
exeter,360,19,3,0,0,0.0,0.0,0.0,0.0,4,3.0
exeter,360,20,3,0,0,0.0,0.0,0.0,0.0,4,3.0
exeter,360,21,1,0,0,0.0,0.0,0.0,0.0,4,3.0
exeter,360,22,1,0,0,0.0,0.0,0.0,0.0,4,3.0
exeter,360,23,1,0,0,0.0,0.0,0.0,0.0,4,3.0
exeter,360,24,1,0,0,0.0,0.0,0.0,0.0,4,3.0
exeter,360,25,0,0,0,0.0,0.0,0.0,0.0,4,3.0
exeter,360,26,0,0,0,0.0,0.0,0.0,0.0,4,3.0
exeter,360,27,0,0,0,0.0,0.0,0.0,0.0,4,3.0
exeter,360,28,0,0,0,0.0,0.0,0.0,0.0,4,3.0
exeter,360,29,0,0,0,0.0,0.0,0.0,0.0,4,3.0
exeter,360,30,0,0,0,0.0,0.0,0.0,0.0,4,3.0
exeter,360,31,0,0,0,0.0,0.0,0.0,0.0,4,3.0
exeter,360,32,0,0,0,0.0,0.0,0.0,0.0,4,3.0
exeter,360,33,0,0,0,0.0,0.0,0.0,0.0,4,3.0
exeter,360,34,0,0,0,0.0,0.0,0.0,0.0,4,3.0
exeter,360,35,0,0,0,0.0,0.0,0.0,0.0,4,3.0
exeter,360,36,0,0,0,0.0,0.0,0.0,0.0,4,3.0
exeter,380,0,0,0,0,0.0,0.0,0.0,0.0,7,3.0
exeter,380,1,1,0,0,0.0,0.0,0.0,0.0,7,3.0
exeter,380,2,1,0,0,0.0,0.0,0.0,0.0,7,3.0
exeter,380,3,4,0,0,0.0,0.0,0.0,0.0,7,3.0
exeter,380,4,5,0,0,0.0,0.0,0.0,0.0,7,3.0
exeter,380,5,5,0,0,0.0,0.0,0.0,0.0,7,3.0
exeter,380,6,5,0,0,0.0,0.0,0.0,0.0,7,3.0
exeter,380,7,5,0,0,0.0,0.0,0.0,0.0,7,3.0
exeter,380,8,5,0,0,0.0,0.0,0.0,0.0,7,3.0
exeter,380,9,5,0,0,0.0,0.0,0.0,0.0,7,3.0
exeter,380,10,5,0,0,0.0,0.0,0.0,0.0,7,3.0
exeter,380,11,5,0,0,0.0,0.0,0.0,0.0,7,3.0
exeter,380,12,2,0,0,0.0,0.0,0.0,0.0,7,3.0
exeter,380,13,2,0,0,0.0,0.0,0.0,0.0,7,3.0
exeter,380,14,2,0,0,0.0,0.0,0.0,0.0,7,3.0
exeter,380,15,2,0,0,0.0,0.0,0.0,0.0,7,3.0
exeter,380,16,2,0,0,0.0,0.0,0.0,0.0,7,3.0
exeter,380,17,2,0,0,0.0,0.0,0.0,0.0,7,3.0
exeter,380,18,2,0,0,0.0,0.0,0.0,0.0,7,3.0
exeter,380,19,2,0,0,0.0,0.0,0.0,0.0,7,3.0
exeter,380,20,1,0,0,0.0,0.0,0.0,0.0,7,3.0
exeter,380,21,1,0,0,0.0,0.0,0.0,0.0,7,3.0
exeter,380,22,1,0,0,0.0,0.0,0.0,0.0,7,3.0
exeter,380,23,0,0,0,0.0,0.0,0.0,0.0,7,3.0
exeter,380,24,0,0,0,0.0,0.0,0.0,0.0,7,3.0
exeter,380,25,0,0,0,0.0,0.0,0.0,0.0,7,3.0
exeter,380,26,0,0,0,0.0,0.0,0.0,0.0,7,3.0
exeter,380,27,0,0,0,0.0,0.0,0.0,0.0,7,3.0
exeter,380,28,0,0,0,0.0,0.0,0.0,0.0,7,3.0
exeter,380,29,0,0,0,0.0,0.0,0.0,0.0,7,3.0
exeter,380,30,0,0,0,0.0,0.0,0.0,0.0,7,3.0
exeter,380,31,0,0,0,0.0,0.0,0.0,0.0,7,3.0
exeter,380,32,0,0,0,0.0,0.0,0.0,0.0,7,3.0
exeter,380,33,0,0,0,0.0,0.0,0.0,0.0,7,3.0
exeter,380,34,0,0,0,0.0,0.0,0.0,0.0,7,3.0
exeter,380,35,0,0,0,0.0,0.0,0.0,0.0,7,3.0
exeter,380,36,0,0,0,0.0,0.0,0.0,0.0,7,3.0
exeter,400,0,1,0,0,0.0,0.0,0.0,0.0,71,3.0
exeter,400,1,7,0,0,0.0,0.0,0.0,0.0,71,3.0
exeter,400,2,23,0,0,0.0,0.0,0.0,0.0,71,3.0
exeter,400,3,48,0,1,0.0,0.0,0.0,0.0,71,3.0
exeter,400,4,57,0,2,0.0,0.0,0.0,0.0,71,3.0
exeter,400,5,58,0,1,0.0,0.0,0.0,0.0,71,3.0
exeter,400,6,57,1,0,0.0162898265779391,0.0,0.04909785353535353,0.01754385964912286,71,3.0
exeter,400,7,56,0,2,0.0162898265779391,0.0,0.04909785353535353,0.01754385964912286,71,3.0
exeter,400,8,54,0,2,0.0162898265779391,0.0,0.04909785353535353,0.01754385964912286,71,3.0
exeter,400,9,52,0,2,0.0162898265779391,0.0,0.04909785353535353,0.01754385964912286,71,3.0
exeter,400,10,48,0,0,0.0162898265779391,0.0,0.04909785353535353,0.01754385964912286,71,3.0
exeter,400,11,40,0,1,0.0162898265779391,0.0,0.04909785353535353,0.01754385964912286,71,3.0
exeter,400,12,26,0,0,0.0162898265779391,0.0,0.04909785353535353,0.01754385964912286,71,3.0
exeter,400,13,23,0,1,0.0162898265779391,0.0,0.04909785353535353,0.01754385964912286,71,3.0
exeter,400,14,21,0,0,0.0162898265779391,0.0,0.04909785353535353,0.01754385964912286,71,3.0
exeter,400,15,21,0,0,0.0162898265779391,0.0,0.04909785353535353,0.01754385964912286,71,3.0
exeter,400,16,21,0,0,0.0162898265779391,0.0,0.04909785353535353,0.01754385964912286,71,3.0
exeter,400,17,21,0,0,0.0162898265779391,0.0,0.04909785353535353,0.01754385964912286,71,3.0
exeter,400,18,21,0,0,0.0162898265779391,0.0,0.04909785353535353,0.01754385964912286,71,3.0
exeter,400,19,20,1,1,0.05426991137106885,0.0,0.14059519933729098,0.06666666666666676,71,3.0
exeter,400,20,15,0,1,0.05426991137106885,0.0,0.14059519933729098,0.06666666666666676,71,3.0
exeter,400,21,10,0,0,0.05426991137106885,0.0,0.14059519933729098,0.06666666666666676,71,3.0
exeter,400,22,4,0,0,0.05426991137106885,0.0,0.14059519933729098,0.06666666666666676,71,3.0
exeter,400,23,1,0,0,0.05426991137106885,0.0,0.14059519933729098,0.06666666666666676,71,3.0
exeter,400,24,0,0,0,0.05426991137106885,0.0,0.14059519933729098,0.06666666666666676,71,3.0
exeter,400,25,0,0,0,0.05426991137106885,0.0,0.14059519933729098,0.06666666666666676,71,3.0
exeter,400,26,0,0,0,0.05426991137106885,0.0,0.14059519933729098,0.06666666666666676,71,3.0
exeter,400,27,0,0,0,0.05426991137106885,0.0,0.14059519933729098,0.06666666666666676,71,3.0
exeter,400,28,0,0,0,0.05426991137106885,0.0,0.14059519933729098,0.06666666666666676,71,3.0
exeter,400,29,0,0,0,0.05426991137106885,0.0,0.14059519933729098,0.06666666666666676,71,3.0
exeter,400,30,0,0,0,0.05426991137106885,0.0,0.14059519933729098,0.06666666666666676,71,3.0
exeter,400,31,0,0,0,0.05426991137106885,0.0,0.14059519933729098,0.06666666666666676,71,3.0
exeter,400,32,0,0,0,0.05426991137106885,0.0,0.14059519933729098,0.06666666666666676,71,3.0
exeter,400,33,0,0,0,0.05426991137106885,0.0,0.14059519933729098,0.06666666666666676,71,3.0
exeter,400,34,0,0,0,0.05426991137106885,0.0,0.14059519933729098,0.06666666666666676,71,3.0
exeter,400,35,0,0,0,0.05426991137106885,0.0,0.14059519933729098,0.06666666666666676,71,3.0
exeter,400,36,0,0,0,0.05426991137106885,0.0,0.14059519933729098,0.06666666666666676,71,3.0
exeter,420,0,0,0,0,0.0,0.0,0.0,0.0,210,3.0
exeter,420,1,26,0,1,0.0,0.0,0.0,0.0,210,3.0
exeter,420,2,55,0,1,0.0,0.0,0.0,0.0,210,3.0
exeter,420,3,111,0,1,0.0,0.0,0.0,0.0,210,3.0
exeter,420,4,141,0,0,0.0,0.0,0.0,0.0,210,3.0
exeter,420,5,151,2,1,0.01239140311987994,0.0,0.029937004886350656,0.013245033112582738,210,3.0
exeter,420,6,154,1,2,0.018345713709952118,0.0,0.03960488869538931,0.019652532897565966,210,3.0
exeter,420,7,153,1,0,0.024222190174663878,0.005964396551480701,0.05253039107930115,0.026060032682549195,210,3.0
exeter,420,8,154,1,3,0.030022348763210548,0.011384212350486374,0.05807315494198618,0.03238431818461052,210,3.0
exeter,420,9,150,3,2,0.04742282452885056,0.01861854014282662,0.07982093398982953,0.051736631820918366,210,3.0
exeter,420,10,134,2,1,0.05997540654883962,0.029995982941180277,0.09764045217926247,0.0658898164206062,210,3.0
exeter,420,11,118,0,0,0.05997540654883962,0.029995982941180277,0.09764045217926247,0.0658898164206062,210,3.0
exeter,420,12,75,0,0,0.05997540654883962,0.029995982941180277,0.09764045217926247,0.0658898164206062,210,3.0
exeter,420,13,58,2,0,0.08832692800778044,0.04178420669506845,0.13578283202730707,0.09810051240610251,210,3.0
exeter,420,14,52,1,0,0.10359313187028704,0.05124147333002233,0.16995953472543998,0.11544473332136984,210,3.0
exeter,420,15,48,0,1,0.10359313187028704,0.05124147333002233,0.16995953472543998,0.11544473332136984,210,3.0
exeter,420,16,46,1,0,0.1201660895960245,0.06028479989585077,0.19000772616411643,0.13467419564047045,210,3.0
exeter,420,17,44,1,2,0.13711570545189233,0.07484727103243334,0.20084978633321854,0.1543406911940961,210,3.0
exeter,420,18,41,0,0,0.13711570545189233,0.07484727103243334,0.20084978633321854,0.1543406911940961,210,3.0
exeter,420,19,41,0,2,0.13711570545189233,0.07484727103243334,0.20084978633321854,0.1543406911940961,210,3.0
exeter,420,20,33,1,1,0.1571470696451907,0.08804304058594986,0.24646912552904754,0.17996673085488102,210,3.0
exeter,420,21,20,0,0,0.1571470696451907,0.08804304058594986,0.24646912552904754,0.17996673085488102,210,3.0
exeter,420,22,13,1,0,0.20491416887536373,0.1095136664388548,0.34629840866663625,0.24304621309681318,210,3.0
exeter,420,23,4,0,0,0.20491416887536373,0.1095136664388548,0.34629840866663625,0.24304621309681318,210,3.0
exeter,420,24,1,0,0,0.20491416887536373,0.1095136664388548,0.34629840866663625,0.24304621309681318,210,3.0
exeter,420,25,0,0,0,0.20491416887536373,0.1095136664388548,0.34629840866663625,0.24304621309681318,210,3.0
exeter,420,26,0,0,0,0.20491416887536373,0.1095136664388548,0.34629840866663625,0.24304621309681318,210,3.0
exeter,420,27,0,0,0,0.20491416887536373,0.1095136664388548,0.34629840866663625,0.24304621309681318,210,3.0
exeter,420,28,0,0,0,0.20491416887536373,0.1095136664388548,0.34629840866663625,0.24304621309681318,210,3.0
exeter,420,29,0,0,0,0.20491416887536373,0.1095136664388548,0.34629840866663625,0.24304621309681318,210,3.0
exeter,420,30,0,0,0,0.20491416887536373,0.1095136664388548,0.34629840866663625,0.24304621309681318,210,3.0
exeter,420,31,0,0,0,0.20491416887536373,0.1095136664388548,0.34629840866663625,0.24304621309681318,210,3.0
exeter,420,32,0,0,0,0.20491416887536373,0.1095136664388548,0.34629840866663625,0.24304621309681318,210,3.0
exeter,420,33,0,0,0,0.20491416887536373,0.1095136664388548,0.34629840866663625,0.24304621309681318,210,3.0
exeter,420,34,0,0,0,0.20491416887536373,0.1095136664388548,0.34629840866663625,0.24304621309681318,210,3.0
exeter,420,35,0,0,0,0.20491416887536373,0.1095136664388548,0.34629840866663625,0.24304621309681318,210,3.0
exeter,420,36,0,0,0,0.20491416887536373,0.1095136664388548,0.34629840866663625,0.24304621309681318,210,3.0
exeter,440,0,1,0,0,0.0,0.0,0.0,0.0,560,3.0
exeter,440,1,50,0,0,0.0,0.0,0.0,0.0,560,3.0
exeter,440,2,169,0,0,0.0,0.0,0.0,0.0,560,3.0
exeter,440,3,324,0,1,0.0,0.0,0.0,0.0,560,3.0
exeter,440,4,409,0,2,0.0,0.0,0.0,0.0,560,3.0
exeter,440,5,439,2,3,0.004519538483890302,0.0,0.013660480648252786,0.004555808656036442,560,3.0
exeter,440,6,439,4,2,0.013455664688939918,0.004412383819523818,0.02571297874725962,0.013625915183088533,560,3.0
exeter,440,7,435,2,6,0.017903184972602543,0.008455500415925757,0.0317282090082515,0.018160968446614523,560,3.0
exeter,440,8,430,4,2,0.02673616711736506,0.011467209943125464,0.0416285274866625,0.02729435478664599,560,3.0
exeter,440,9,425,5,4,0.0377514154390689,0.02196520685779602,0.05715585950005568,0.03873795061268537,560,3.0
exeter,440,10,394,3,2,0.04472960320835134,0.026275020900927523,0.06721228270727542,0.046057204795837525,560,3.0
exeter,440,11,319,5,4,0.058912022446861625,0.03919530791434603,0.08236018176136886,0.06100928622536983,560,3.0
exeter,440,12,212,4,2,0.07550277702776044,0.049180221607949125,0.10315539336713515,0.07872609214564585,560,3.0
exeter,440,13,161,3,1,0.09142371853551738,0.06065324614183784,0.12095415017701415,0.09589268670193818,560,3.0
exeter,440,14,144,2,1,0.10299588435365553,0.07044686902171013,0.13835919493851237,0.10844973271996672,560,3.0
exeter,440,15,140,2,0,0.1146507084990661,0.0789181136973095,0.15338171716002005,0.12118616510968139,560,3.0
exeter,440,16,137,2,0,0.12639060435356725,0.08708842242497254,0.16924538063038078,0.13401556415917504,560,3.0
exeter,440,17,136,1,1,0.1322173908989998,0.09420475245391269,0.17487575786461493,0.14038309677565164,560,3.0
exeter,440,18,134,1,1,0.13804417744443237,0.09987741196316632,0.18195019563095885,0.14679814829225124,560,3.0
exeter,440,19,128,3,3,0.15607079831936435,0.11086626514216899,0.19859441594329127,0.16679506669165156,560,3.0
exeter,440,20,104,1,0,0.16311966930251082,0.11850257706748175,0.21323393679290692,0.1748066525888472,560,3.0
exeter,440,21,77,2,0,0.18197768777690268,0.13275476768501013,0.23441488696202037,0.19624024602809798,560,3.0
exeter,440,22,44,1,0,0.19804986261303212,0.1369975370088952,0.25844728589735466,0.214507513163823,560,3.0
exeter,440,23,19,0,1,0.19804986261303212,0.1369975370088952,0.25844728589735466,0.214507513163823,560,3.0
exeter,440,24,5,0,1,0.19804986261303212,0.1369975370088952,0.25844728589735466,0.214507513163823,560,3.0
exeter,440,25,3,0,0,0.19804986261303212,0.1369975370088952,0.25844728589735466,0.214507513163823,560,3.0
exeter,440,26,2,0,0,0.19804986261303212,0.1369975370088952,0.25844728589735466,0.214507513163823,560,3.0
exeter,440,27,1,0,0,0.19804986261303212,0.1369975370088952,0.25844728589735466,0.214507513163823,560,3.0
exeter,440,28,0,0,0,0.19804986261303212,0.1369975370088952,0.25844728589735466,0.214507513163823,560,3.0
exeter,440,29,0,0,0,0.19804986261303212,0.1369975370088952,0.25844728589735466,0.214507513163823,560,3.0
exeter,440,30,0,0,0,0.19804986261303212,0.1369975370088952,0.25844728589735466,0.214507513163823,560,3.0
exeter,440,31,0,0,0,0.19804986261303212,0.1369975370088952,0.25844728589735466,0.214507513163823,560,3.0
exeter,440,32,0,0,0,0.19804986261303212,0.1369975370088952,0.25844728589735466,0.214507513163823,560,3.0
exeter,440,33,0,0,0,0.19804986261303212,0.1369975370088952,0.25844728589735466,0.214507513163823,560,3.0
exeter,440,34,0,0,0,0.19804986261303212,0.1369975370088952,0.25844728589735466,0.214507513163823,560,3.0
exeter,440,35,0,0,0,0.19804986261303212,0.1369975370088952,0.25844728589735466,0.214507513163823,560,3.0
exeter,440,36,0,0,0,0.19804986261303212,0.1369975370088952,0.25844728589735466,0.214507513163823,560,3.0
exeter,460,0,11,0,0,0.0,0.0,0.0,0.0,1290,3.0
exeter,460,1,135,0,1,0.0,0.0,0.0,0.0,1290,3.0
exeter,460,2,375,0,4,0.0,0.0,0.0,0.0,1290,3.0
exeter,460,3,728,0,6,0.0,0.0,0.0,0.0,1290,3.0
exeter,460,4,914,0,13,0.0,0.0,0.0,0.0,1290,3.0
exeter,460,5,986,1,3,0.0009736910326311466,0.0,0.0030044587371565543,0.0010141987829614951,1290,3.0
exeter,460,6,1003,5,13,0.00574021443265002,0.0018094494999882484,0.010641093627939614,0.005994187821929731,1290,3.0
exeter,460,7,990,7,8,0.01237964450196924,0.005789394944576868,0.01919817292276719,0.013022511746421217,1290,3.0
exeter,460,8,983,11,11,0.022728124009809468,0.014190817811911179,0.03180691816378107,0.02406702077062195,1290,3.0
exeter,460,9,964,10,7,0.03210655555171296,0.02196614129182273,0.043269894922326926,0.034190806862212986,1290,3.0
exeter,460,10,897,6,8,0.03804727439464447,0.027187846236776315,0.05052953571572331,0.04065106902366977,1290,3.0
exeter,460,11,784,11,4,0.050313898995280895,0.038489198887469926,0.06476432323182561,0.05411132188175605,1290,3.0
exeter,460,12,555,5,6,0.05803956182729515,0.04315466495844364,0.07548189046403093,0.06263284150444293,1290,3.0
exeter,460,13,448,5,4,0.06742072383759819,0.04860191337117452,0.08664158725552525,0.07309452854122367,1290,3.0
exeter,460,14,420,8,8,0.08310960049482878,0.0640636220646909,0.10369777213424552,0.09074987085472419,1290,3.0
exeter,460,15,400,6,1,0.09499392456268095,0.07429202716687529,0.1212985844625392,0.10438862279190331,1290,3.0
exeter,460,16,390,7,3,0.108965623498861,0.08598357107263607,0.1352446777455868,0.12046369879307428,1290,3.0
exeter,460,17,373,10,5,0.1292997697866757,0.10340006780743728,0.16197499328970769,0.1440437604876299,1290,3.0
exeter,460,18,358,2,5,0.13336659904423864,0.10700178033694274,0.16592106862734915,0.14882563892065992,1290,3.0
exeter,460,19,345,3,4,0.13957293412860644,0.1122554332097097,0.17404631462170447,0.15622715510395846,1290,3.0
exeter,460,20,293,3,4,0.14673246060818432,0.11888759220483086,0.1794819624948801,0.16486646750903744,1290,3.0
exeter,460,21,206,4,4,0.15998569409141583,0.1271569714256577,0.19362603936803355,0.18108265260594936,1290,3.0
exeter,460,22,122,1,0,0.165363030627645,0.1324691463592739,0.20103757683910367,0.18779508987967108,1290,3.0
exeter,460,23,67,1,0,0.17507433989456636,0.13961082123010068,0.21817218373468017,0.19991755122475063,1290,3.0
exeter,460,24,19,0,0,0.17507433989456636,0.13961082123010068,0.21817218373468017,0.19991755122475063,1290,3.0
exeter,460,25,10,0,0,0.17507433989456636,0.13961082123010068,0.21817218373468017,0.19991755122475063,1290,3.0
exeter,460,26,9,1,0,0.24629060785198964,0.1483185251890364,0.40423350993047014,0.2888156010886672,1290,3.0
exeter,460,27,8,0,0,0.24629060785198964,0.1483185251890364,0.40423350993047014,0.2888156010886672,1290,3.0
exeter,460,28,7,1,0,0.3276806283747591,0.15693423739847984,0.5692324558576898,0.3904133723617147,1290,3.0
exeter,460,29,4,0,0,0.3276806283747591,0.15693423739847984,0.5692324558576898,0.3904133723617147,1290,3.0
exeter,460,30,3,0,0,0.3276806283747591,0.15693423739847984,0.5692324558576898,0.3904133723617147,1290,3.0
exeter,460,31,2,1,0,0.5718506899430674,0.17982309224483767,0.8414040428065961,0.6952066861808573,1290,3.0
exeter,460,32,1,0,0,0.5718506899430674,0.17982309224483767,0.8414040428065961,0.6952066861808573,1290,3.0
exeter,460,33,1,0,0,0.5718506899430674,0.17982309224483767,0.8414040428065961,0.6952066861808573,1290,3.0
exeter,460,34,1,0,0,0.5718506899430674,0.17982309224483767,0.8414040428065961,0.6952066861808573,1290,3.0
exeter,460,35,1,0,0,0.5718506899430674,0.17982309224483767,0.8414040428065961,0.6952066861808573,1290,3.0
exeter,460,36,0,0,0,0.5718506899430674,0.17982309224483767,0.8414040428065961,0.6952066861808573,1290,3.0
exeter,480,0,25,0,0,0.0,0.0,0.0,0.0,2700,3.0
exeter,480,1,252,0,1,0.0,0.0,0.0,0.0,2700,3.0
exeter,480,2,757,0,4,0.0,0.0,0.0,0.0,2700,3.0
exeter,480,3,1492,0,7,0.0,0.0,0.0,0.0,2700,3.0
exeter,480,4,1963,1,20,0.000502353703456099,0.0,0.0015315998543263595,0.0005094243504839557,2700,3.0
exeter,480,5,2186,6,12,0.003180041421969578,0.0013074293044274623,0.0056924855352632935,0.003252765363245702,2700,3.0
exeter,480,6,2207,10,17,0.007563991711757542,0.004462451001616194,0.01131828324387716,0.007769064568668327,2700,3.0
exeter,480,7,2197,13,20,0.013219028180241425,0.008725240515886194,0.01852961025246376,0.013640253535717628,2700,3.0
exeter,480,8,2180,11,18,0.017968939545653928,0.012672171544046299,0.023249605196639184,0.01861729812796853,2700,3.0
exeter,480,9,2160,18,17,0.025709136020655665,0.020294944752651745,0.030783458169603883,0.0267954873102354,2700,3.0
exeter,480,10,2043,20,22,0.03465454174719001,0.027706156832331328,0.041490177791702665,0.036322697419777894,2700,3.0
exeter,480,11,1766,10,14,0.03972242307753973,0.032118291485459166,0.04798583195506101,0.04177953378772936,2700,3.0
exeter,480,12,1330,17,14,0.05100665147731241,0.041878716884830795,0.06088536913464369,0.05402746455886365,2700,3.0
exeter,480,13,1088,19,3,0.0660642877843404,0.054559132908300924,0.0776455797907571,0.0705472055270453,2700,3.0
exeter,480,14,989,18,5,0.08144004881138808,0.07062171162144222,0.09406646811955828,0.08746343434455106,2700,3.0
exeter,480,15,960,17,10,0.09605236059299554,0.08309368402132852,0.1122461027397821,0.10362293602803296,2700,3.0
exeter,480,16,930,13,7,0.10726252691805038,0.09360242355109316,0.12461769941835533,0.11615293799753368,2700,3.0
exeter,480,17,901,8,6,0.11422999988367825,0.09890381222240108,0.13205228413916606,0.1240006366612626,2700,3.0
exeter,480,18,882,10,14,0.12298871377329265,0.10841421426097439,0.14154276429212367,0.13393260223199654,2700,3.0
exeter,480,19,836,9,10,0.131078999497647,0.11514089900402347,0.1499444654597265,0.14325629431323106,2700,3.0
exeter,480,20,719,15,2,0.14640065790468804,0.12813250191002298,0.16783898168294303,0.1611299460313138,2700,3.0
exeter,480,21,530,8,4,0.1572241086737374,0.13739980971834173,0.1774262215961246,0.1737921355251808,2700,3.0
exeter,480,22,332,9,1,0.17622219884139861,0.15540047978707794,0.19936194850829594,0.19618933667058258,2700,3.0
exeter,480,23,144,1,0,0.1809424033429317,0.1583688117143319,0.20612616923743865,0.2017713551659257,2700,3.0
exeter,480,24,25,1,0,0.2079419730917011,0.16206327455664235,0.28184130600764146,0.23370050095928874,2700,3.0
exeter,480,25,7,0,0,0.2079419730917011,0.16206327455664235,0.28184130600764146,0.23370050095928874,2700,3.0
exeter,480,26,4,0,0,0.2079419730917011,0.16206327455664235,0.28184130600764146,0.23370050095928874,2700,3.0
exeter,480,27,3,1,0,0.4239385310818561,0.17323452720698357,0.8538343892856446,0.48913366730619245,2700,3.0
exeter,480,28,2,0,0,0.4239385310818561,0.17323452720698357,0.8538343892856446,0.48913366730619245,2700,3.0
exeter,480,29,2,0,0,0.4239385310818561,0.17323452720698357,0.8538343892856446,0.48913366730619245,2700,3.0
exeter,480,30,2,0,0,0.4239385310818561,0.17323452720698357,0.8538343892856446,0.48913366730619245,2700,3.0
exeter,480,31,0,0,0,0.4239385310818561,0.17323452720698357,0.8538343892856446,0.48913366730619245,2700,3.0
exeter,480,32,0,0,0,0.4239385310818561,0.17323452720698357,0.8538343892856446,0.48913366730619245,2700,3.0
exeter,480,33,0,0,0,0.4239385310818561,0.17323452720698357,0.8538343892856446,0.48913366730619245,2700,3.0
exeter,480,34,0,0,0,0.4239385310818561,0.17323452720698357,0.8538343892856446,0.48913366730619245,2700,3.0
exeter,480,35,0,0,0,0.4239385310818561,0.17323452720698357,0.8538343892856446,0.48913366730619245,2700,3.0
exeter,480,36,0,0,0,0.4239385310818561,0.17323452720698357,0.8538343892856446,0.48913366730619245,2700,3.0
exeter,500,0,35,0,1,0.0,0.0,0.0,0.0,4747,3.0
exeter,500,1,458,0,3,0.0,0.0,0.0,0.0,4747,3.0
exeter,500,2,1413,0,9,0.0,0.0,0.0,0.0,4747,3.0
exeter,500,3,2756,0,12,0.0,0.0,0.0,0.0,4747,3.0
exeter,500,4,3574,1,28,0.0002671357934524451,0.0,0.0008168771555759241,0.0002797985450475604,4747,3.0
exeter,500,5,3967,17,35,0.0043253507146552685,0.0024538606057002573,0.0064137525176776065,0.004563953681103627,4747,3.0
exeter,500,6,3972,17,25,0.008325328412668625,0.005709682558843565,0.011477996701503658,0.008824379861219755,4747,3.0
exeter,500,7,3964,23,27,0.01369064544423845,0.009993191852428607,0.017242551718906776,0.014575398847897825,4747,3.0
exeter,500,8,3936,26,45,0.01972188575000762,0.01526970256553409,0.024085300432901163,0.021084809322987952,4747,3.0
exeter,500,9,3883,39,35,0.028726808663398495,0.024071623311012206,0.03397698793016876,0.030916818706558158,4747,3.0
exeter,500,10,3674,39,37,0.03806261469962763,0.0331234530038888,0.044415346980963846,0.04120376592224795,4747,3.0
exeter,500,11,3185,35,18,0.04752731746614001,0.04108920528776814,0.054436246481381706,0.05173998827475068,4747,3.0
exeter,500,12,2428,41,22,0.06182928747853572,0.052828403082848856,0.06943203382847772,0.06775261614984751,4747,3.0
exeter,500,13,2038,37,14,0.07680683464259765,0.06731539732879496,0.085372149910168,0.08467761772121929,4747,3.0
exeter,500,14,1860,24,10,0.08718534770798249,0.07656863706206343,0.09670793052050587,0.09648822910546162,4747,3.0
exeter,500,15,1819,27,17,0.09890610662198294,0.08780973254502689,0.11029691924575546,0.10989934390158729,4747,3.0
exeter,500,16,1758,20,10,0.10767210631538487,0.09528831024543113,0.11985466881460992,0.12002563122921428,4747,3.0
exeter,500,17,1716,22,20,0.11738213674499932,0.10503307223699197,0.12896952333157627,0.13130735390576276,4747,3.0
exeter,500,18,1668,30,13,0.1306707166494913,0.11631205521148605,0.14305738413613134,0.14693132236069506,4747,3.0
exeter,500,19,1601,30,20,0.14415850074992817,0.12935657066332393,0.1574568150278177,0.16291636941202492,4747,3.0
exeter,500,20,1350,19,19,0.15397261209945348,0.13767806578258748,0.16839142972743582,0.17469754643511504,4747,3.0
exeter,500,21,998,14,6,0.16347928846629667,0.14688104826932794,0.1795182749639643,0.1862749355632798,4747,3.0
exeter,500,22,598,11,8,0.1756953448870443,0.1558926389115056,0.19066452793630123,0.2012431223672997,4747,3.0
exeter,500,23,262,7,0,0.19287496899297424,0.17235346393017886,0.21287394706153148,0.22258395497580696,4747,3.0
exeter,500,24,68,2,0,0.21128170910647062,0.1759150682590027,0.2440901805720994,0.24544913277063618,4747,3.0
exeter,500,25,36,0,2,0.21128170910647062,0.1759150682590027,0.2440901805720994,0.24544913277063618,4747,3.0
exeter,500,26,29,0,0,0.21128170910647062,0.1759150682590027,0.2440901805720994,0.24544913277063618,4747,3.0
exeter,500,27,23,4,0,0.31105157580861037,0.22689849850076083,0.4230141966034212,0.37667537054965594,4747,3.0
exeter,500,28,12,2,0,0.390036053614471,0.25927813363300656,0.5192439459729318,0.4805628087913799,4747,3.0
exeter,500,29,9,0,0,0.390036053614471,0.25927813363300656,0.5192439459729318,0.4805628087913799,4747,3.0
exeter,500,30,7,0,0,0.390036053614471,0.25927813363300656,0.5192439459729318,0.4805628087913799,4747,3.0
exeter,500,31,5,0,0,0.390036053614471,0.25927813363300656,0.5192439459729318,0.4805628087913799,4747,3.0
exeter,500,32,6,0,1,0.390036053614471,0.25927813363300656,0.5192439459729318,0.4805628087913799,4747,3.0
exeter,500,33,5,0,0,0.390036053614471,0.25927813363300656,0.5192439459729318,0.4805628087913799,4747,3.0
exeter,500,34,7,0,0,0.390036053614471,0.25927813363300656,0.5192439459729318,0.4805628087913799,4747,3.0
exeter,500,35,7,0,0,0.390036053614471,0.25927813363300656,0.5192439459729318,0.4805628087913799,4747,3.0
exeter,500,36,6,0,0,0.390036053614471,0.25927813363300656,0.5192439459729318,0.4805628087913799,4747,3.0
exeter,520,0,83,0,0,0.0,0.0,0.0,0.0,8250,3.0
exeter,520,1,766,0,9,0.0,0.0,0.0,0.0,8250,3.0
exeter,520,2,2341,0,21,0.0,0.0,0.0,0.0,8250,3.0
exeter,520,3,4714,0,35,0.0,0.0,0.0,0.0,8250,3.0
exeter,520,4,6321,2,35,0.000307582309404382,0.0,0.0006251889084378346,0.00031640563202028904,8250,3.0
exeter,520,5,7052,10,53,0.0016780071763195382,0.0007054571784903439,0.002495540919360597,0.0017339943931773405,8250,3.0
exeter,520,6,7156,31,50,0.005827181033795375,0.004068394172306578,0.007376961423354315,0.006058511745582584,8250,3.0
exeter,520,7,7119,56,68,0.013276137177200468,0.010508520082700855,0.015873247938323908,0.01387712718907852,8250,3.0
exeter,520,8,7052,54,56,0.02040100095456962,0.017542584449468518,0.023466971886715666,0.021428266600846735,8250,3.0
exeter,520,9,6959,73,61,0.03000923201427449,0.02608687102430691,0.03415845434597053,0.03169349673996702,8250,3.0
exeter,520,10,6616,67,50,0.039106323038579506,0.034389013590312247,0.043463302560888324,0.04149950274335612,8250,3.0
exeter,520,11,5794,76,46,0.05068101324071561,0.04604772849582785,0.05618152323925121,0.05407217063971537,8250,3.0
exeter,520,12,4453,61,34,0.06251440235868894,0.055979678464270814,0.06827642962513193,0.06703008611040429,8250,3.0
exeter,520,13,3660,63,29,0.07706651342155756,0.07087660679320602,0.08365026867631443,0.0830894043003072,8250,3.0
exeter,520,14,3362,38,36,0.0863817992319122,0.0797147685487709,0.0932975255743898,0.09345305767228462,8250,3.0
exeter,520,15,3267,46,24,0.09773068158208476,0.08997432417840909,0.10556169381724431,0.10621741621133418,8250,3.0
exeter,520,16,3187,54,31,0.11109508555453457,0.1021698122235115,0.11931970890525904,0.1213615202353655,8250,3.0
exeter,520,17,3085,43,29,0.12179575419172282,0.1129553721096368,0.13061337373270515,0.13360834507487263,8250,3.0
exeter,520,18,3006,48,36,0.13376850250118694,0.1242837299111925,0.14250651325931318,0.14744294235910615,8250,3.0
exeter,520,19,2848,39,19,0.143749120858001,0.13414403548719514,0.15233947955546734,0.15911770543775605,8250,3.0
exeter,520,20,2483,40,24,0.15525130502955167,0.14622808868871678,0.16472935051488793,0.17266393652212564,8250,3.0
exeter,520,21,1884,40,12,0.1700197676149981,0.15969336236234238,0.18062153195714586,0.1902294580397026,8250,3.0
exeter,520,22,1125,22,10,0.18324705908263883,0.17202429036805747,0.19375078767579423,0.20606497086025954,8250,3.0
exeter,520,23,531,19,2,0.20676111163429908,0.19093104127263483,0.22099445868740764,0.23447319224190755,8250,3.0
exeter,520,24,158,3,0,0.2187452889840793,0.1978886700267854,0.23661652707593744,0.2490085113765549,8250,3.0
exeter,520,25,64,3,0,0.24776946850307824,0.21098068170594106,0.2895863592820184,0.2842112374057789,8250,3.0
exeter,520,26,52,1,0,0.25911866690473806,0.22112898760483365,0.3076220257231691,0.2979764059172063,8250,3.0
exeter,520,27,40,0,0,0.25911866690473806,0.22112898760483365,0.3076220257231691,0.2979764059172063,8250,3.0
exeter,520,28,37,0,2,0.25911866690473806,0.22112898760483365,0.3076220257231691,0.2979764059172063,8250,3.0
exeter,520,29,27,0,0,0.25911866690473806,0.22112898760483365,0.3076220257231691,0.2979764059172063,8250,3.0
exeter,520,30,21,2,0,0.311263632533986,0.236556612615958,0.3957380994931117,0.36483579582985337,8250,3.0
exeter,520,31,19,1,0,0.3373361153486099,0.25686975076756813,0.42756275910404107,0.3982654907861768,8250,3.0
exeter,520,32,16,0,0,0.3373361153486099,0.25686975076756813,0.42756275910404107,0.3982654907861768,8250,3.0
exeter,520,33,14,0,0,0.3373361153486099,0.25686975076756813,0.42756275910404107,0.3982654907861768,8250,3.0
exeter,520,34,13,0,0,0.3373361153486099,0.25686975076756813,0.42756275910404107,0.3982654907861768,8250,3.0
exeter,520,35,14,0,0,0.3373361153486099,0.25686975076756813,0.42756275910404107,0.3982654907861768,8250,3.0
exeter,520,36,13,1,0,0.37343647616885844,0.2708762434389878,0.48865366853266606,0.4445527607257016,8250,3.0
exeter,540,0,116,0,2,0.0,0.0,0.0,0.0,13033,3.0
exeter,540,1,1202,0,11,0.0,0.0,0.0,0.0,13033,3.0
exeter,540,2,3660,0,20,0.0,0.0,0.0,0.0,13033,3.0
exeter,540,3,7607,1,46,0.0001273095660871474,0.0,0.0003833971746364564,0.00013145786775337065,13033,3.0
exeter,540,4,10215,3,59,0.00040997045290618836,9.411614494814915e-05,0.0008334615544387806,0.0004251050166907966,13033,3.0
exeter,540,5,11448,30,75,0.0029168327728517885,0.0019820479763581283,0.0039721036387177795,0.003044536083208871,13033,3.0
exeter,540,6,11615,61,83,0.007894751260450352,0.006496439368547334,0.009516274253069923,0.008280376229478748,13033,3.0
exeter,540,7,11534,84,101,0.014712147937394672,0.012850046369321773,0.016755109483305643,0.015502887795000198,13033,3.0
exeter,540,8,11418,110,121,0.023585741258644453,0.02104906063036509,0.02622244138853768,0.02498744571605027,13033,3.0
exeter,540,9,11217,115,98,0.03283786844850599,0.02988674576772348,0.035835866096221414,0.03498356265842828,13033,3.0
exeter,540,10,10658,139,111,0.04438391808341249,0.04141639665788588,0.047978180806053976,0.04756915890448554,13033,3.0
exeter,540,11,9368,91,83,0.05278200593998355,0.049820552392974865,0.05750775991276059,0.05682099564014864,13033,3.0
exeter,540,12,7215,93,86,0.06371880250553034,0.05950712854116769,0.06876319286432866,0.06897839652794724,13033,3.0
exeter,540,13,5967,84,61,0.07536693399098661,0.07089991430400376,0.08051779098008253,0.0820847841082476,13033,3.0
exeter,540,14,5488,72,39,0.08595868037400302,0.08120171092828354,0.09162707856920306,0.09412740355872251,13033,3.0
exeter,540,15,5360,78,40,0.0974694649498617,0.09123909744856995,0.1035516544566567,0.10730987790992019,13033,3.0
exeter,540,16,5216,71,33,0.10799945852242991,0.10191788968991496,0.11436616365388026,0.11946114299205135,13033,3.0
exeter,540,17,5083,67,50,0.11799290510792451,0.11143351081246582,0.12502186721385142,0.13106769491405268,13033,3.0
exeter,540,18,4955,102,45,0.13324058342424527,0.12552044673286109,0.14102088317215106,0.14895489877253232,13033,3.0
exeter,540,19,4711,70,33,0.14392013319333163,0.1356650471833599,0.15233448737243077,0.16160044262435203,13033,3.0
exeter,540,20,4128,82,37,0.15788515242626316,0.14938105763478157,0.16642835973296416,0.17825469739780242,13033,3.0
exeter,540,21,3131,60,27,0.17096889301521764,0.16203200749288943,0.18024408191570085,0.1940019724396842,13033,3.0
exeter,540,22,1917,41,25,0.1851655819429161,0.17475232984560235,0.19641881728444205,0.21124032357686362,13033,3.0
exeter,540,23,873,18,6,0.19838060392188006,0.1861423678778458,0.21214801293636362,0.22750340968868088,13033,3.0
exeter,540,24,267,5,1,0.21005304842889255,0.1927166439761913,0.22597822627268135,0.24196963797166438,13033,3.0
exeter,540,25,101,0,0,0.21005304842889255,0.1927166439761913,0.22597822627268135,0.24196963797166438,13033,3.0
exeter,540,26,89,0,2,0.21005304842889255,0.1927166439761913,0.22597822627268135,0.24196963797166438,13033,3.0
exeter,540,27,69,0,1,0.21005304842889255,0.1927166439761913,0.22597822627268135,0.24196963797166438,13033,3.0
exeter,540,28,58,1,0,0.22017334862969654,0.19838149577978187,0.24962034413294207,0.2550391269721529,13033,3.0
exeter,540,29,45,1,0,0.2329923955507149,0.20427534429445962,0.27270485740752787,0.2715938130394384,13033,3.0
exeter,540,30,39,1,1,0.24745491002571,0.21139878031427894,0.29336816135347077,0.2902708947563759,13033,3.0
exeter,540,31,38,3,0,0.289700675992143,0.23454927266091094,0.34795233556381744,0.3463021399071884,13033,3.0
exeter,540,32,35,0,0,0.289700675992143,0.23454927266091094,0.34795233556381744,0.3463021399071884,13033,3.0
exeter,540,33,30,1,1,0.30612958497908915,0.24431291708651506,0.38020896719747216,0.36809206857694876,13033,3.0
exeter,540,34,26,1,0,0.3238222561958004,0.25773982637283566,0.4005405273519945,0.39239621978552763,13033,3.0
exeter,540,35,22,0,0,0.3238222561958004,0.25773982637283566,0.4005405273519945,0.39239621978552763,13033,3.0
exeter,540,36,20,0,0,0.3238222561958004,0.25773982637283566,0.4005405273519945,0.39239621978552763,13033,3.0
exeter,560,0,150,0,5,0.0,0.0,0.0,0.0,17323,3.0
exeter,560,1,1628,0,8,0.0,0.0,0.0,0.0,17323,3.0
exeter,560,2,5104,0,28,0.0,0.0,0.0,0.0,17323,3.0
exeter,560,3,10426,1,55,9.175517847020908e-05,0.0,0.00027773359769314303,9.591406100128985e-05,17323,3.0
exeter,560,4,13930,3,102,0.0002966728814284434,6.798605033118511e-05,0.0005733344748614363,0.00031125593162706355,17323,3.0
exeter,560,5,15421,22,101,0.001643877328929621,0.0010031537078138,0.0023307439310327293,0.0017374379152534924,17323,3.0
exeter,560,6,15620,56,129,0.005002432455576369,0.003917285855798637,0.00610007298011451,0.005316356191613747,17323,3.0
exeter,560,7,15518,104,126,0.011206388036535838,0.009351948444973172,0.012791343823721069,0.011982621106942482,17323,3.0
exeter,560,8,15370,124,144,0.0185639483702853,0.016535218928790202,0.021021159160845047,0.019953613623711397,17323,3.0
exeter,560,9,15136,147,137,0.027266624640681983,0.024503216952953655,0.029711335788881764,0.029471770256726315,17323,3.0
exeter,560,10,14329,164,147,0.03733010955127943,0.03430940476017606,0.04023943477021475,0.040579777073524115,17323,3.0
exeter,560,11,12416,161,136,0.048484215861664515,0.04483667879356186,0.052193211139784805,0.05302071263176855,17323,3.0
exeter,560,12,9344,112,90,0.05854799001112527,0.054210887346193025,0.06286898833913174,0.06437149176118229,17323,3.0
exeter,560,13,7670,105,81,0.06979347036571745,0.06432146386865914,0.07412545289482762,0.07717996547240469,17323,3.0
exeter,560,14,7033,99,57,0.08107627499749151,0.07566426831131363,0.08625354595624576,0.0901700384737174,17323,3.0
exeter,560,15,6851,108,68,0.09343150076987407,0.08711180419128052,0.09929643767412265,0.10451270901011189,17323,3.0
exeter,560,16,6648,110,63,0.10606663542938165,0.09846514914767303,0.11292819707015853,0.1193297369897881,17323,3.0
exeter,560,17,6439,92,63,0.11669328513030736,0.10956705828645506,0.12366201385819144,0.13191269462248567,17323,3.0
exeter,560,18,6276,104,68,0.1287213321745064,0.12196638925247345,0.1354663553263152,0.1462978252405961,17323,3.0
exeter,560,19,5994,101,50,0.1406167839001694,0.13205557540506938,0.1479989632540073,0.16068286355402617,17323,3.0
exeter,560,20,5224,85,51,0.15181402962214027,0.14345501436284802,0.15981911482170544,0.17433944023815862,17323,3.0
exeter,560,21,3913,72,40,0.16414683943799968,0.1553425363133434,0.17313002929908144,0.18953176334136657,17323,3.0
exeter,560,22,2352,42,34,0.17577308202482547,0.16551935868075113,0.18422981912701947,0.20400441042455653,17323,3.0
exeter,560,23,1029,25,10,0.1910799727460617,0.17842800388743943,0.20246487422759565,0.2233434675085081,17323,3.0
exeter,560,24,279,8,2,0.20853092543642307,0.1934443659626758,0.22310333698349755,0.24561318887027128,17323,3.0
exeter,560,25,101,5,1,0.23757985039748253,0.21235931687729775,0.2709011173179386,0.28295907060936676,17323,3.0
exeter,560,26,82,3,0,0.25777239579724337,0.22483293632948445,0.2966441041204965,0.3091922753431704,17323,3.0
exeter,560,27,62,0,1,0.25777239579724337,0.22483293632948445,0.2966441041204965,0.3091922753431704,17323,3.0
exeter,560,28,52,2,0,0.2778939583037462,0.2341732461981162,0.32858872729884325,0.33576180321458693,17323,3.0
exeter,560,29,38,1,0,0.2911318283738138,0.24551511983691698,0.34877689321976585,0.35324175576157146,17323,3.0
exeter,560,30,31,2,0,0.3227319053152656,0.26049961257708576,0.39355438239437734,0.3949680940995346,17323,3.0
exeter,560,31,31,0,2,0.3227319053152656,0.26049961257708576,0.39355438239437734,0.3949680940995346,17323,3.0
exeter,560,32,29,0,1,0.3227319053152656,0.26049961257708576,0.39355438239437734,0.3949680940995346,17323,3.0
exeter,560,33,29,0,1,0.3227319053152656,0.26049961257708576,0.39355438239437734,0.3949680940995346,17323,3.0
exeter,560,34,26,0,0,0.3227319053152656,0.26049961257708576,0.39355438239437734,0.3949680940995346,17323,3.0
exeter,560,35,23,0,0,0.3227319053152656,0.26049961257708576,0.39355438239437734,0.3949680940995346,17323,3.0
exeter,560,36,20,0,0,0.3227319053152656,0.26049961257708576,0.39355438239437734,0.3949680940995346,17323,3.0
exeter,580,0,194,0,5,0.0,0.0,0.0,0.0,18302,3.0
exeter,580,1,1881,0,14,0.0,0.0,0.0,0.0,18302,3.0
exeter,580,2,5597,0,34,0.0,0.0,0.0,0.0,18302,3.0
exeter,580,3,11179,2,70,0.0001719477071990046,0.0,0.00043476417605556946,0.00017890687896948698,18302,3.0
exeter,580,4,14913,7,100,0.000620172822434551,0.00028430942138251244,0.001063686326186539,0.0006482120256097179,18302,3.0
exeter,580,5,16473,37,134,0.002749610422304186,0.001954573785508353,0.00348195820881698,0.0028928557550489398,18302,3.0
exeter,580,6,16588,80,124,0.0072744172514773164,0.0061108274815964425,0.008495594846514977,0.007701667639519405,18302,3.0
exeter,580,7,16456,101,167,0.012961991649877921,0.011132774446027924,0.01440752939897223,0.013791977044502968,18302,3.0
exeter,580,8,16268,127,155,0.020078524686785854,0.017826050919659154,0.022063355561397748,0.02149104385759304,18302,3.0
exeter,580,9,16018,155,161,0.02874670558899999,0.025991374386995603,0.030904132549821314,0.030959697135285236,18302,3.0
exeter,580,10,15133,169,173,0.038553180322914,0.035691264938027746,0.041541254129611675,0.04178159703511586,18302,3.0
exeter,580,11,13081,164,148,0.04931353653649666,0.046106013292973765,0.05221963209429006,0.05379503775725025,18302,3.0
exeter,580,12,9911,128,100,0.06013365911948423,0.05609264082089577,0.06344706549208683,0.06601522090396317,18302,3.0
exeter,580,13,8210,101,93,0.07020321600902246,0.0659553770623294,0.07372375986393445,0.07750516763827497,18302,3.0
exeter,580,14,7549,109,69,0.08174263033692201,0.0774037468573122,0.08553467533244877,0.09082506917853572,18302,3.0
exeter,580,15,7344,103,61,0.092686936579711,0.08764067554767598,0.09699861504294373,0.10357629710263849,18302,3.0
exeter,580,16,7168,86,63,0.10184019894697074,0.09688067606797716,0.1068714454886352,0.1143313805916415,18302,3.0
exeter,580,17,6979,83,52,0.11072479314506516,0.10541752887172118,0.11550308614528515,0.12486447923197586,18302,3.0
exeter,580,18,6830,107,81,0.12220190406255907,0.11614853743522122,0.12789501224204394,0.13857450862028897,18302,3.0
exeter,580,19,6497,84,63,0.1314130590887833,0.12507904623349841,0.1370366850913865,0.1497119168511487,18302,3.0
exeter,580,20,5646,111,50,0.14510265522138913,0.13840364006215014,0.15126505802207416,0.1664285263498243,18302,3.0
exeter,580,21,4233,79,38,0.15772741466871756,0.1511051441038611,0.16434726489741946,0.1819853764368462,18302,3.0
exeter,580,22,2507,42,31,0.16874702767724842,0.16122961164147578,0.17602923527779893,0.19568965014632067,18302,3.0
exeter,580,23,1036,19,4,0.18045903869013033,0.1718902808007104,0.19123666428010583,0.21044051563591515,18302,3.0
exeter,580,24,274,11,1,0.20552760163990813,0.1912042140568121,0.22223050472159045,0.2421381591687799,18302,3.0
exeter,580,25,100,4,0,0.2294111052502419,0.20304277262999276,0.2553323100872267,0.2724526328020287,18302,3.0
exeter,580,26,75,1,0,0.2370538264055487,0.20870597586512524,0.27432161413759226,0.28215326436466825,18302,3.0
exeter,580,27,63,0,1,0.2370538264055487,0.20870597586512524,0.27432161413759226,0.28215326436466825,18302,3.0
exeter,580,28,56,2,0,0.2569318335827299,0.22126968057281915,0.2979821818108588,0.3077906477802158,18302,3.0
exeter,580,29,45,0,0,0.2569318335827299,0.22126968057281915,0.2979821818108588,0.3077906477802158,18302,3.0
exeter,580,30,42,0,0,0.2569318335827299,0.22126968057281915,0.2979821818108588,0.3077906477802158,18302,3.0
exeter,580,31,39,0,0,0.2569318335827299,0.22126968057281915,0.2979821818108588,0.3077906477802158,18302,3.0
exeter,580,32,35,2,0,0.2876007589418095,0.24077996780191777,0.3457439653251773,0.34734546790706067,18302,3.0
exeter,580,33,32,0,2,0.2876007589418095,0.24077996780191777,0.3457439653251773,0.34734546790706067,18302,3.0
exeter,580,34,27,1,0,0.30517149742878213,0.24873128448100146,0.3752139487006684,0.3715178579845769,18302,3.0
exeter,580,35,25,0,1,0.30517149742878213,0.24873128448100146,0.3752139487006684,0.3715178579845769,18302,3.0
exeter,580,36,21,0,0,0.30517149742878213,0.24873128448100146,0.3752139487006684,0.3715178579845769,18302,3.0
exeter,600,0,176,0,1,0.0,0.0,0.0,0.0,16863,3.0
exeter,600,1,1837,0,13,0.0,0.0,0.0,0.0,16863,3.0
exeter,600,2,5354,1,40,0.0001844007536565098,0.0,0.0005617740574645193,0.00018677624206198118,16863,3.0
exeter,600,3,10755,1,75,0.00027549524033033935,0.0,0.0007293114803500266,0.00027973888490329113,16863,3.0
exeter,600,4,14116,8,87,0.0008268117737334708,0.0002933507794112539,0.0014763282451460088,0.000846313133197496,16863,3.0
exeter,600,5,15416,33,122,0.0028952009537241874,0.002072308799585806,0.003938822161624009,0.002985134595743122,16863,3.0
exeter,600,6,15487,51,158,0.006045154778276461,0.004979001809289757,0.007442739571562984,0.006268388817711079,16863,3.0
exeter,600,7,15335,116,155,0.013183124903844804,0.011621597378756735,0.015075161612718492,0.013785367422024408,16863,3.0
exeter,600,8,15128,113,166,0.020107075674958,0.018155107464363267,0.022729135411699374,0.021151989148710748,16863,3.0
exeter,600,9,14873,147,175,0.02909980438573473,0.02664536828450543,0.03182541734188439,0.03082661145726584,16863,3.0
exeter,600,10,13988,139,169,0.037945381532716496,0.03539676226070982,0.040995078309586735,0.040457373611071934,16863,3.0
exeter,600,11,12070,134,141,0.04761022890367321,0.04447654411076285,0.05145699934340347,0.05111012522135505,16863,3.0
exeter,600,12,9003,109,120,0.05790999576969909,0.05394257393558955,0.06143290263379523,0.06259840649991466,16863,3.0
exeter,600,13,7377,89,97,0.06791250014287917,0.06388194516038223,0.0721139361654083,0.07390771134219576,16863,3.0
exeter,600,14,6825,84,65,0.07785932938367957,0.07379659306570542,0.08345276095899232,0.08530577027952257,16863,3.0
exeter,600,15,6646,99,74,0.0896352958962019,0.08512543587113483,0.09493282104854028,0.09893121848029407,16863,3.0
exeter,600,16,6451,102,81,0.10180948670527984,0.0966310866018605,0.10735880940864384,0.11317846940495846,16863,3.0
exeter,600,17,6247,84,73,0.11186899378047083,0.1060948134974349,0.11724438239732564,0.12510307458664294,16863,3.0
exeter,600,18,6088,80,82,0.12145262404264358,0.11488631198258487,0.12744336454627858,0.13659974903359906,16863,3.0
exeter,600,19,5796,83,82,0.13161865495510858,0.1247969703305187,0.1379971972940715,0.1489638313024415,16863,3.0
exeter,600,20,4916,68,60,0.1411588202492309,0.13456938289204215,0.1473184722071395,0.16073569043007252,16863,3.0
exeter,600,21,3672,68,40,0.15359844754450805,0.14580090389307948,0.16057289628308247,0.17627762208877484,16863,3.0
exeter,600,22,2101,32,23,0.163528695142093,0.15574956442587318,0.17146564426809435,0.1888236078542005,16863,3.0
exeter,600,23,864,20,5,0.17822580638678256,0.16736526238621624,0.18824363034318264,0.20760083915387173,16863,3.0
exeter,600,24,215,7,2,0.19829932600075043,0.18326108673023742,0.21360450298972553,0.23339988160002478,16863,3.0
exeter,600,25,95,1,1,0.2045175892195134,0.18363049795411013,0.22486394232261833,0.2414693565305509,16863,3.0
exeter,600,26,78,2,0,0.21934575535656356,0.19137691371660132,0.24972745159547652,0.2609188602092547,16863,3.0
exeter,600,27,70,1,0,0.22739533125953365,0.1987730166199543,0.26137308496579825,0.2714771622062653,16863,3.0
exeter,600,28,63,1,1,0.23621153343897708,0.20395075467381857,0.2781600198118779,0.28304101677441973,16863,3.0
exeter,600,29,55,2,0,0.25576747281883344,0.21684845109120549,0.29738729126778707,0.30911225252807717,16863,3.0
exeter,600,30,45,0,1,0.25576747281883344,0.21684845109120549,0.29738729126778707,0.30911225252807717,16863,3.0
exeter,600,31,37,0,1,0.25576747281883344,0.21684845109120549,0.29738729126778707,0.30911225252807717,16863,3.0
exeter,600,32,38,2,1,0.28171595113110937,0.23206297529313477,0.34319487646360497,0.3454747655529151,16863,3.0
exeter,600,33,34,0,0,0.28171595113110937,0.23206297529313477,0.34319487646360497,0.3454747655529151,16863,3.0
exeter,600,34,36,1,1,0.2943297947551324,0.23748832107716286,0.3563646502272872,0.3636560220653342,16863,3.0
exeter,600,35,30,1,0,0.3086254841956918,0.24511549323037887,0.37178290860343594,0.38486748799648973,16863,3.0
exeter,600,36,27,0,0,0.3086254841956918,0.24511549323037887,0.37178290860343594,0.38486748799648973,16863,3.0
exeter,620,0,247,0,7,0.0,0.0,0.0,0.0,17442,3.0
exeter,620,1,2617,0,25,0.0,0.0,0.0,0.0,17442,3.0
exeter,620,2,6899,2,49,0.00027899049904353985,0.0,0.0007069262770255036,0.00028989708653426316,17442,3.0
exeter,620,3,12384,0,87,0.00027899049904353985,0.0,0.0007069262770255036,0.00028989708653426316,17442,3.0
exeter,620,4,15445,6,106,0.0006474796765360777,0.0002455931955684711,0.0011531683588599621,0.0006782597033992976,17442,3.0
exeter,620,5,16334,44,157,0.003184130839485504,0.002430359211783218,0.004099941661267317,0.003370200230707443,17442,3.0
exeter,620,6,16296,86,197,0.00809253866993501,0.006796593436595828,0.009201929710346692,0.008629783120997048,17442,3.0
exeter,620,7,16053,110,186,0.014355091061640879,0.012811996906226312,0.015938253932403636,0.01542295099346258,17442,3.0
exeter,620,8,15788,132,191,0.021855397981031,0.01932874476044107,0.023689375152238207,0.02365478342751781,17442,3.0
exeter,620,9,15480,127,185,0.029064609919486666,0.02602368010745906,0.031142464935957327,0.031664850772782915,17442,3.0
exeter,620,10,14402,145,154,0.03773338206561349,0.034912339445432664,0.04006902530401523,0.04141409370001148,17442,3.0
exeter,620,11,12059,127,149,0.046612984413985134,0.043241726427296436,0.04973090518625282,0.05150949216589573,17442,3.0
exeter,620,12,9009,103,117,0.056032017271328054,0.05229913658392876,0.05943760539247305,0.06235359498606585,17442,3.0
exeter,620,13,7765,71,116,0.06338096977116398,0.059451965091953655,0.0671229032373855,0.07092705213429373,17442,3.0
exeter,620,14,7327,61,75,0.06991115253079919,0.06536087307008918,0.07367834987238749,0.07866192995875232,17442,3.0
exeter,620,15,7170,88,93,0.07935933574354638,0.07468621517616213,0.08389448340849048,0.08996984490486526,17442,3.0
exeter,620,16,6980,74,97,0.0873146432504946,0.08208027487042086,0.09211034004283046,0.09961772907063027,17442,3.0
exeter,620,17,6796,81,78,0.09603913697891919,0.09073208900385282,0.10132975941625784,0.11034918344751066,17442,3.0
exeter,620,18,6633,77,86,0.10433779296092026,0.09883406771661676,0.11006302348017938,0.12067680486685961,17442,3.0
exeter,620,19,6293,101,97,0.1155292068893178,0.1096790878505906,0.1216754863934693,0.1347895718632759,17442,3.0
exeter,620,20,5049,62,61,0.12382243505409926,0.11720769159700259,0.130103082788344,0.1454140611768978,17442,3.0
exeter,620,21,3608,68,39,0.136240922876414,0.12897453397663045,0.14334515049257712,0.16152044805050392,17442,3.0
exeter,620,22,1929,37,26,0.14850461983185562,0.14014941773590825,0.15677655799581025,0.17760325957053047,17442,3.0
exeter,620,23,608,13,5,0.16172887128745225,0.1503665680362651,0.1719229673078629,0.1951874004020817,17442,3.0
exeter,620,24,155,2,1,0.16947309794631282,0.15453753055934402,0.18547038651646106,0.20557207910657105,17442,3.0
exeter,620,25,76,2,0,0.18496155126403396,0.16137591925230219,0.2111454828935997,0.22647807702481915,17442,3.0
exeter,620,26,65,0,0,0.18496155126403396,0.16137591925230219,0.2111454828935997,0.22647807702481915,17442,3.0
exeter,620,27,56,1,1,0.19519499363467113,0.1637168784517061,0.22883357997046183,0.24029096850651888,17442,3.0
exeter,620,28,50,1,0,0.2062471113949593,0.17306794019827498,0.24502435090736133,0.25548514913638853,17442,3.0
exeter,620,29,49,1,0,0.21729922915524746,0.17684920685723737,0.2616737135796176,0.2706793297662582,17442,3.0
exeter,620,30,48,1,0,0.22835134691553563,0.184540994844285,0.279368475011798,0.28587351039612785,17442,3.0
exeter,620,31,45,0,0,0.22835134691553563,0.184540994844285,0.279368475011798,0.28587351039612785,17442,3.0
exeter,620,32,42,1,1,0.24071919298062,0.18817639017413648,0.2954251116425764,0.3028765220533629,17442,3.0
exeter,620,33,38,0,2,0.24071919298062,0.18817639017413648,0.2954251116425764,0.3028765220533629,17442,3.0
exeter,620,34,32,0,0,0.24071919298062,0.18817639017413648,0.2954251116425764,0.3028765220533629,17442,3.0
exeter,620,35,26,0,1,0.24071919298062,0.18817639017413648,0.2954251116425764,0.3028765220533629,17442,3.0
exeter,620,36,26,0,1,0.24071919298062,0.18817639017413648,0.2954251116425764,0.3028765220533629,17442,3.0
exeter,640,0,175,0,5,0.0,0.0,0.0,0.0,7440,3.0
exeter,640,1,1330,0,14,0.0,0.0,0.0,0.0,7440,3.0
exeter,640,2,3028,1,21,0.00031743824554781935,0.0,0.000966180718839339,0.00033025099075301156,7440,3.0
exeter,640,3,5104,0,44,0.00031743824554781935,0.0,0.000966180718839339,0.00033025099075301156,7440,3.0
exeter,640,4,6559,4,61,0.0008943513951733703,0.0001460918765009601,0.0018334326435781765,0.0009398986498529993,7440,3.0
exeter,640,5,6967,11,61,0.0023731519524559743,0.0014175413829247878,0.0037617901886913686,0.0025172864946716444,7440,3.0
exeter,640,6,6962,40,78,0.007698857649598151,0.005610871754191465,0.010057654739733047,0.008248298925038311,7440,3.0
exeter,640,7,6862,38,78,0.01274500648400197,0.010399193622906729,0.015729539998568312,0.013740366054278863,7440,3.0
exeter,640,8,6762,55,89,0.020031361354208733,0.017436464346155974,0.023900195637365996,0.021762294458155584,7440,3.0
exeter,640,9,6627,57,92,0.027572419291486305,0.023712284369795878,0.03163046642636028,0.030176290114694804,7440,3.0
exeter,640,10,6375,53,70,0.034697569854505936,0.03082684428756865,0.0392020124194463,0.03823913821256475,7440,3.0
exeter,640,11,5923,49,83,0.041650878270625816,0.037659096687485974,0.04635030669446515,0.04619562685473666,7440,3.0
exeter,640,12,5282,63,74,0.051452346365496594,0.04735313377050219,0.056682992628930014,0.05757193800735905,7440,3.0
exeter,640,13,4934,44,69,0.05859055917881283,0.053725934193088,0.06437031607448555,0.06597624176246164,7440,3.0
exeter,640,14,4753,50,67,0.06681821538948303,0.061781904319593635,0.07237884221620935,0.07580186513967113,7440,3.0
exeter,640,15,4635,57,68,0.07619976710030081,0.0706246498210462,0.0825507908493555,0.08716740854572047,7440,3.0
exeter,640,16,4508,49,63,0.08426818781269368,0.07829158722143768,0.09176615118347013,0.09708950193109311,7440,3.0
exeter,640,17,4398,55,59,0.09332045999505091,0.08611783029601963,0.10033989469259358,0.10838101566319636,7440,3.0
exeter,640,18,4288,61,53,0.10335088730077649,0.09569472551167336,0.11099824307432854,0.12106496110268916,7440,3.0
exeter,640,19,4041,45,52,0.11099391982735624,0.10352147010391555,0.11910536661034407,0.13085265641334964,7440,3.0
exeter,640,20,3207,41,46,0.11955788706345818,0.11242473086216963,0.1279833735942334,0.14196430003263638,7440,3.0
exeter,640,21,2253,29,38,0.1279463529086998,0.12060322056084616,0.13671006731492832,0.15300870096430685,7440,3.0
exeter,640,22,1205,18,17,0.13739174864710493,0.1287873072787334,0.14626285784557533,0.1656608531490723,7440,3.0
exeter,640,23,355,6,6,0.14776838058507114,0.13666341176046065,0.1611692941297447,0.17976235985641187,7440,3.0
exeter,640,24,91,2,0,0.1608056873789261,0.1428297116680258,0.18266038730725975,0.19778956073868859,7440,3.0
exeter,640,25,54,2,0,0.1822931004280574,0.15302941968466446,0.22767379403979288,0.2275010584891075,7440,3.0
exeter,640,26,44,0,0,0.1822931004280574,0.15302941968466446,0.22767379403979288,0.2275010584891075,7440,3.0
exeter,640,27,34,0,1,0.1822931004280574,0.15302941968466446,0.22767379403979288,0.2275010584891075,7440,3.0
exeter,640,28,31,0,1,0.1822931004280574,0.15302941968466446,0.22767379403979288,0.2275010584891075,7440,3.0
exeter,640,29,30,0,0,0.1822931004280574,0.15302941968466446,0.22767379403979288,0.2275010584891075,7440,3.0
exeter,640,30,28,1,0,0.20103415531707342,0.15734409452872888,0.25782471436363386,0.2550903064002108,7440,3.0
exeter,640,31,25,0,0,0.20103415531707342,0.15734409452872888,0.25782471436363386,0.2550903064002108,7440,3.0
exeter,640,32,25,0,2,0.20103415531707342,0.15734409452872888,0.25782471436363386,0.2550903064002108,7440,3.0
exeter,640,33,21,0,0,0.20103415531707342,0.15734409452872888,0.25782471436363386,0.2550903064002108,7440,3.0
exeter,640,34,21,1,0,0.2232021459572238,0.16656040622249102,0.30269832711659883,0.2905621965716294,7440,3.0
exeter,640,35,20,0,0,0.2232021459572238,0.16656040622249102,0.30269832711659883,0.2905621965716294,7440,3.0
exeter,640,36,19,0,0,0.2232021459572238,0.16656040622249102,0.30269832711659883,0.2905621965716294,7440,3.0
exeter,660,0,92,0,1,0.0,0.0,0.0,0.0,4535,3.0
exeter,660,1,802,0,4,0.0,0.0,0.0,0.0,4535,3.0
exeter,660,2,1756,0,7,0.0,0.0,0.0,0.0,4535,3.0
exeter,660,3,3016,1,19,0.00032502446249452373,0.0,0.0009926944911547856,0.0003315649867373649,4535,3.0
exeter,660,4,3990,1,28,0.0005690779185430434,0.0,0.0014820093730384628,0.0005821084541592914,4535,3.0
exeter,660,5,4258,10,37,0.00283938261419402,0.0014670676753163238,0.004762856757039688,0.002929261792688709,4535,3.0
exeter,660,6,4268,25,34,0.008439343411632085,0.0057968864917147,0.011121427552649134,0.008769648028673416,4535,3.0
exeter,660,7,4220,23,58,0.013577878055400679,0.010302345336436735,0.01691200845149371,0.01417208833562622,4535,3.0
exeter,660,8,4146,28,56,0.019822923640832733,0.01566127422140066,0.02438347291146259,0.020829874521492653,4535,3.0
exeter,660,9,4067,23,54,0.024946475827988722,0.020370501805852467,0.030411782671737185,0.026367350028255854,4535,3.0
exeter,660,10,3926,37,65,0.03332307342029241,0.028609563213159158,0.03943437216559499,0.03554320536420963,4535,3.0
exeter,660,11,3641,36,46,0.041882913165438865,0.03670824725462585,0.04839461632988046,0.04507916927711497,4535,3.0
exeter,660,12,3284,34,52,0.050644179644336484,0.045540143568768315,0.05769689961329721,0.05496568214087205,4535,3.0
exeter,660,13,3052,29,54,0.05847450667951036,0.052636181425018434,0.06583589019670906,0.06394536602616518,4535,3.0
exeter,660,14,2938,36,48,0.06829747650213805,0.06179876864655159,0.07623898609719006,0.07541506201767578,4535,3.0
exeter,660,15,2848,36,30,0.07814114078366173,0.07082902545373447,0.08586920196813337,0.08710223117756466,4535,3.0
exeter,660,16,2779,35,39,0.08772170124797704,0.07819545585807028,0.09578121721229696,0.09859968418540388,4535,3.0
exeter,660,17,2706,32,36,0.09647783379777256,0.08699858122215617,0.10478621464195992,0.10925925924307833,4535,3.0
exeter,660,18,2639,21,46,0.1022218683633463,0.09333722488651541,0.11184867879565129,0.11634738184857107,4535,3.0
exeter,660,19,2508,28,47,0.11007601876348223,0.1003295686971307,0.11888802698160315,0.1262127220831165,4535,3.0
exeter,660,20,1981,17,25,0.11593264807587897,0.1049113883167073,0.12635144369525347,0.13371114900113112,4535,3.0
exeter,660,21,1446,19,22,0.12470996808637479,0.11339886230316436,0.13523859479883021,0.14509392090222273,4535,3.0
exeter,660,22,780,8,10,0.13136699082038106,0.11924492936758005,0.14330215143435157,0.15386218838014865,4535,3.0
exeter,660,23,238,6,4,0.14735223658712301,0.12974534283407832,0.1646821191922393,0.1751933937151029,4535,3.0
exeter,660,24,55,2,1,0.16944093982843916,0.13675601368925888,0.20389905677084483,0.2051863612163719,4535,3.0
exeter,660,25,27,0,0,0.16944093982843916,0.13675601368925888,0.20389905677084483,0.2051863612163719,4535,3.0
exeter,660,26,24,0,0,0.16944093982843916,0.13675601368925888,0.20389905677084483,0.2051863612163719,4535,3.0
exeter,660,27,25,0,0,0.16944093982843916,0.13675601368925888,0.20389905677084483,0.2051863612163719,4535,3.0
exeter,660,28,23,0,1,0.16944093982843916,0.13675601368925888,0.20389905677084483,0.2051863612163719,4535,3.0
exeter,660,29,20,0,0,0.16944093982843916,0.13675601368925888,0.20389905677084483,0.2051863612163719,4535,3.0
exeter,660,30,16,0,0,0.16944093982843916,0.13675601368925888,0.20389905677084483,0.2051863612163719,4535,3.0
exeter,660,31,15,0,1,0.16944093982843916,0.13675601368925888,0.20389905677084483,0.2051863612163719,4535,3.0
exeter,660,32,14,1,0,0.20606336955027346,0.14480461243500312,0.2936047483016173,0.261958763986631,4535,3.0
exeter,660,33,11,0,0,0.20606336955027346,0.14480461243500312,0.2936047483016173,0.261958763986631,4535,3.0
exeter,660,34,8,0,0,0.20606336955027346,0.14480461243500312,0.2936047483016173,0.261958763986631,4535,3.0
exeter,660,35,8,0,0,0.20606336955027346,0.14480461243500312,0.2936047483016173,0.261958763986631,4535,3.0
exeter,660,36,8,0,1,0.20606336955027346,0.14480461243500312,0.2936047483016173,0.261958763986631,4535,3.0
exeter,680,0,54,0,2,0.0,0.0,0.0,0.0,3060,3.0
exeter,680,1,528,0,3,0.0,0.0,0.0,0.0,3060,3.0
exeter,680,2,1200,0,12,0.0,0.0,0.0,0.0,3060,3.0
exeter,680,3,2063,0,19,0.0,0.0,0.0,0.0,3060,3.0
exeter,680,4,2696,2,24,0.0006967258604214523,0.0,0.0017842545469147128,0.0007418397626113293,3060,3.0
exeter,680,5,2866,5,29,0.002319421295980836,0.0009566873544917698,0.004284088255059228,0.002485137320596964,3060,3.0
exeter,680,6,2861,10,35,0.0055319158597726395,0.00331227003878583,0.008679797726661019,0.005971732436568344,3060,3.0
exeter,680,7,2820,12,35,0.00938144126046954,0.006601395389166815,0.012915199906013333,0.01020163995811485,3060,3.0
exeter,680,8,2781,23,42,0.016738473518981098,0.012702298193452692,0.02169587595755248,0.018387674579101287,3060,3.0
exeter,680,9,2719,24,41,0.02440690645850198,0.01911058176823183,0.031116146094690628,0.027052145270569317,3060,3.0
exeter,680,10,2628,27,33,0.03311924422455011,0.02674555037653275,0.041470401868518234,0.03704818487395389,3060,3.0
exeter,680,11,2430,19,38,0.039598323393594766,0.03318160532915566,0.04854627919369898,0.04457743774942513,3060,3.0
exeter,680,12,2193,20,34,0.04697819469133301,0.04042755041679688,0.056914190215229976,0.05329082181007794,3060,3.0
exeter,680,13,2049,18,46,0.05391181608483028,0.046017784457202435,0.06338980729978003,0.0616074470943232,3060,3.0
exeter,680,14,1957,25,31,0.06367962854302314,0.05454815890601823,0.07368157791634007,0.07359508829138095,3060,3.0
exeter,680,15,1897,18,38,0.0707272828750093,0.0616283681783629,0.08170337553424221,0.08238543537137843,3060,3.0
exeter,680,16,1839,25,33,0.08052633702973297,0.07146226689232046,0.09161290587354527,0.09485980411293116,3060,3.0
exeter,680,17,1779,18,40,0.08758958780190006,0.07754740492241557,0.09977523472435039,0.10401805230065875,3060,3.0
exeter,680,18,1721,26,23,0.09779206113947475,0.08722286170156646,0.11123927809108465,0.1175540956708987,3060,3.0
exeter,680,19,1634,21,37,0.10622415896051143,0.09424083340913028,0.12140775905811416,0.12889519970450403,3060,3.0
exeter,680,20,1292,22,23,0.11699954211143963,0.10406929972604506,0.13393392162605935,0.1437282535795047,3060,3.0
exeter,680,21,908,9,20,0.12305341301166325,0.11028879926545249,0.1399408321170032,0.15221552859909115,3060,3.0
exeter,680,22,454,6,5,0.1308674402088682,0.1149577902674881,0.14752957613309273,0.16341972866165821,3060,3.0
exeter,680,23,108,2,1,0.14155143418529348,0.1232670418237696,0.16281190363363077,0.1789119559086645,3060,3.0
exeter,680,24,21,0,0,0.14155143418529348,0.1232670418237696,0.16281190363363077,0.1789119559086645,3060,3.0
exeter,680,25,15,1,0,0.17894541310278197,0.12608417902444743,0.27288220706519245,0.23365115884808685,3060,3.0
exeter,680,26,13,0,0,0.17894541310278197,0.12608417902444743,0.27288220706519245,0.23365115884808685,3060,3.0
exeter,680,27,13,0,0,0.17894541310278197,0.12608417902444743,0.27288220706519245,0.23365115884808685,3060,3.0
exeter,680,28,11,0,0,0.17894541310278197,0.12608417902444743,0.27288220706519245,0.23365115884808685,3060,3.0
exeter,680,29,7,0,0,0.17894541310278197,0.12608417902444743,0.27288220706519245,0.23365115884808685,3060,3.0
exeter,680,30,4,0,1,0.17894541310278197,0.12608417902444743,0.27288220706519245,0.23365115884808685,3060,3.0
exeter,680,31,2,0,0,0.17894541310278197,0.12608417902444743,0.27288220706519245,0.23365115884808685,3060,3.0
exeter,680,32,2,0,0,0.17894541310278197,0.12608417902444743,0.27288220706519245,0.23365115884808685,3060,3.0
exeter,680,33,2,0,0,0.17894541310278197,0.12608417902444743,0.27288220706519245,0.23365115884808685,3060,3.0
exeter,680,34,2,0,0,0.17894541310278197,0.12608417902444743,0.27288220706519245,0.23365115884808685,3060,3.0
exeter,680,35,4,0,0,0.17894541310278197,0.12608417902444743,0.27288220706519245,0.23365115884808685,3060,3.0
exeter,680,36,5,0,0,0.17894541310278197,0.12608417902444743,0.27288220706519245,0.23365115884808685,3060,3.0
exeter,700,0,32,0,0,0.0,0.0,0.0,0.0,1617,3.0
exeter,700,1,272,0,4,0.0,0.0,0.0,0.0,1617,3.0
exeter,700,2,638,0,8,0.0,0.0,0.0,0.0,1617,3.0
exeter,700,3,1101,1,5,0.0008836869504748421,0.0,0.0026879606864215785,0.0009082652134423386,1617,3.0
exeter,700,4,1420,0,16,0.0008836869504748421,0.0,0.0026879606864215785,0.0009082652134423386,1617,3.0
exeter,700,5,1508,2,10,0.0021525652744568092,0.0,0.004489910156497284,0.002233320564618113,1617,3.0
exeter,700,6,1514,12,24,0.009675320780442368,0.0049995149509561064,0.014626579548563844,0.010141642990790234,1617,3.0
exeter,700,7,1480,8,18,0.014683713860553477,0.008968724680341562,0.020912965168792822,0.015492228704353517,1617,3.0
exeter,700,8,1457,11,17,0.02155607478396606,0.014709759214567703,0.028790027252525534,0.022925025879543703,1617,3.0
exeter,700,9,1432,15,25,0.030907843219297997,0.022127887443995756,0.038775725725949034,0.033159749770470204,1617,3.0
exeter,700,10,1372,15,20,0.04039593480966393,0.030939627321296303,0.05044741787581933,0.0437301606694811,1617,3.0
exeter,700,11,1261,13,23,0.04911454543256376,0.03839181795273969,0.05913398466450897,0.05358861262134207,1617,3.0
exeter,700,12,1108,12,20,0.058012322172124126,0.04536266498140316,0.06962330215487866,0.06383855544493766,1617,3.0
exeter,700,13,1016,16,16,0.07057663683323562,0.057143293271884554,0.08308234440434921,0.07858125535919058,1617,3.0
exeter,700,14,973,5,15,0.0745473734810175,0.05957517063573822,0.08713058090560087,0.08331619238201071,1617,3.0
exeter,700,15,951,10,17,0.08250554808740267,0.06747977951311264,0.0959351001799054,0.0929553491392977,1617,3.0
exeter,700,16,924,12,10,0.09205535761506486,0.07617291255235367,0.10661198311617973,0.10473514979982634,1617,3.0
exeter,700,17,901,10,14,0.10002236482367687,0.08416413469095187,0.11546866598409809,0.11467149663889598,1617,3.0
exeter,700,18,877,9,17,0.10719267131142766,0.0921144611211368,0.12551473751339717,0.12375696588661544,1617,3.0
exeter,700,19,829,16,17,0.12027816831413708,0.10259455347980335,0.13904169651681603,0.14066877354139729,1617,3.0
exeter,700,20,660,8,8,0.12816911953698307,0.10896532217257106,0.1493352396387274,0.15108490961968335,1617,3.0
exeter,700,21,459,6,6,0.13647266951657916,0.11741346791626357,0.15594525856843747,0.16218183890570048,1617,3.0
exeter,700,22,227,3,2,0.1446481911925251,0.12438303027149185,0.16756072633642322,0.1732543256161978,1617,3.0
exeter,700,23,72,2,0,0.16145343019308062,0.1356959904937165,0.1998880496520357,0.19621948323797012,1617,3.0
exeter,700,24,17,0,0,0.16145343019308062,0.1356959904937165,0.1998880496520357,0.19621948323797012,1617,3.0
exeter,700,25,7,0,0,0.16145343019308062,0.1356959904937165,0.1998880496520357,0.19621948323797012,1617,3.0
exeter,700,26,6,0,0,0.16145343019308062,0.1356959904937165,0.1998880496520357,0.19621948323797012,1617,3.0
exeter,700,27,6,0,0,0.16145343019308062,0.1356959904937165,0.1998880496520357,0.19621948323797012,1617,3.0
exeter,700,28,6,0,0,0.16145343019308062,0.1356959904937165,0.1998880496520357,0.19621948323797012,1617,3.0
exeter,700,29,6,0,0,0.16145343019308062,0.1356959904937165,0.1998880496520357,0.19621948323797012,1617,3.0
exeter,700,30,6,0,0,0.16145343019308062,0.1356959904937165,0.1998880496520357,0.19621948323797012,1617,3.0
exeter,700,31,6,0,0,0.16145343019308062,0.1356959904937165,0.1998880496520357,0.19621948323797012,1617,3.0
exeter,700,32,6,0,0,0.16145343019308062,0.1356959904937165,0.1998880496520357,0.19621948323797012,1617,3.0
exeter,700,33,5,0,0,0.16145343019308062,0.1356959904937165,0.1998880496520357,0.19621948323797012,1617,3.0
exeter,700,34,5,0,0,0.16145343019308062,0.1356959904937165,0.1998880496520357,0.19621948323797012,1617,3.0
exeter,700,35,5,0,0,0.16145343019308062,0.1356959904937165,0.1998880496520357,0.19621948323797012,1617,3.0
exeter,700,36,4,0,0,0.16145343019308062,0.1356959904937165,0.1998880496520357,0.19621948323797012,1617,3.0
exeter,720,0,30,0,0,0.0,0.0,0.0,0.0,867,3.0
exeter,720,1,164,0,4,0.0,0.0,0.0,0.0,867,3.0
exeter,720,2,337,0,4,0.0,0.0,0.0,0.0,867,3.0
exeter,720,3,568,0,5,0.0,0.0,0.0,0.0,867,3.0
exeter,720,4,764,0,7,0.0,0.0,0.0,0.0,867,3.0
exeter,720,5,816,1,12,0.0011602802198079757,0.0,0.004578137990433226,0.001225490196078427,867,3.0
exeter,720,6,808,5,13,0.006925781559571619,0.002308882048114233,0.012694411743140073,0.0074060255290234744,867,3.0
exeter,720,7,793,8,11,0.01611568533442817,0.006929002294073303,0.024298837033742474,0.017419583909562886,867,3.0
exeter,720,8,775,5,14,0.021851963980991856,0.013841619798025106,0.032301778878759416,0.023758812400468954,867,3.0
exeter,720,9,756,5,12,0.02758824262755554,0.01867700833720637,0.03875093401793443,0.030215434011577003,867,3.0
exeter,720,10,733,6,19,0.034528122441706534,0.02435468293676718,0.0469344732943359,0.03815364328296933,867,3.0
exeter,720,11,675,8,9,0.04423367287808955,0.03426693864249526,0.058730737194149146,0.04955330380702305,867,3.0
exeter,720,12,603,7,8,0.05350062256921313,0.04213783039358636,0.06837128033863048,0.06058668170644399,867,3.0
exeter,720,13,567,8,8,0.06448367405498923,0.05121535668821894,0.08212301547607563,0.07384119060652938,867,3.0
exeter,720,14,541,9,11,0.07706799760350208,0.06198618170125623,0.09997902947374294,0.08924863845226183,867,3.0
exeter,720,15,521,6,9,0.08545754663584398,0.07084111324571782,0.1086207135228541,0.09973713781749494,867,3.0
exeter,720,16,506,9,15,0.09804187018435684,0.08190683440295371,0.12155567775008658,0.11574971837014825,867,3.0
exeter,720,17,482,4,8,0.10363490287258478,0.08702690401526861,0.12907584374817194,0.12308789498118433,867,3.0
exeter,720,18,470,2,8,0.10643141921669876,0.0871996706522925,0.13190345166204598,0.12681943585360478,867,3.0
exeter,720,19,442,9,15,0.11952822652963069,0.10035442002424372,0.14576268117289756,0.14459913059866714,867,3.0
exeter,720,20,346,3,10,0.12480227802944335,0.10467354642412326,0.15436453680489728,0.15201590114260932,867,3.0
exeter,720,21,246,1,6,0.12718203297448077,0.10561928930512204,0.15566221212302186,0.15546299097536287,867,3.0
exeter,720,22,131,2,2,0.13586541361362495,0.11375151153602424,0.1678672053273158,0.16835668576963214,867,3.0
exeter,720,23,30,0,1,0.13586541361362495,0.11375151153602424,0.1678672053273158,0.16835668576963214,867,3.0
exeter,720,24,7,0,0,0.13586541361362495,0.11375151153602424,0.1678672053273158,0.16835668576963214,867,3.0
exeter,720,25,3,0,0,0.13586541361362495,0.11375151153602424,0.1678672053273158,0.16835668576963214,867,3.0
exeter,720,26,3,0,0,0.13586541361362495,0.11375151153602424,0.1678672053273158,0.16835668576963214,867,3.0
exeter,720,27,2,0,0,0.13586541361362495,0.11375151153602424,0.1678672053273158,0.16835668576963214,867,3.0
exeter,720,28,2,0,0,0.13586541361362495,0.11375151153602424,0.1678672053273158,0.16835668576963214,867,3.0
exeter,720,29,1,0,0,0.13586541361362495,0.11375151153602424,0.1678672053273158,0.16835668576963214,867,3.0
exeter,720,30,1,0,0,0.13586541361362495,0.11375151153602424,0.1678672053273158,0.16835668576963214,867,3.0
exeter,720,31,1,0,0,0.13586541361362495,0.11375151153602424,0.1678672053273158,0.16835668576963214,867,3.0
exeter,720,32,1,0,0,0.13586541361362495,0.11375151153602424,0.1678672053273158,0.16835668576963214,867,3.0
exeter,720,33,0,0,0,0.13586541361362495,0.11375151153602424,0.1678672053273158,0.16835668576963214,867,3.0
exeter,720,34,0,0,0,0.13586541361362495,0.11375151153602424,0.1678672053273158,0.16835668576963214,867,3.0
exeter,720,35,0,0,0,0.13586541361362495,0.11375151153602424,0.1678672053273158,0.16835668576963214,867,3.0
exeter,720,36,0,0,0,0.13586541361362495,0.11375151153602424,0.1678672053273158,0.16835668576963214,867,3.0
exeter,740,0,6,0,0,0.0,0.0,0.0,0.0,383,3.0
exeter,740,1,67,0,0,0.0,0.0,0.0,0.0,383,3.0
exeter,740,2,154,0,2,0.0,0.0,0.0,0.0,383,3.0
exeter,740,3,253,0,2,0.0,0.0,0.0,0.0,383,3.0
exeter,740,4,338,0,2,0.0,0.0,0.0,0.0,383,3.0
exeter,740,5,359,0,5,0.0,0.0,0.0,0.0,383,3.0
exeter,740,6,360,2,5,0.005332550204076886,0.0,0.01324536025442653,0.005555555555555536,383,3.0
exeter,740,7,353,1,8,0.007998825306115329,0.0,0.018677379617127683,0.008372678627636132,383,3.0
exeter,740,8,345,2,4,0.01331591884293402,0.005252966364900551,0.024178748706351984,0.014121242809504886,383,3.0
exeter,740,9,339,1,10,0.015974465611343365,0.005332925732327112,0.03178752533941293,0.017029439733370677,383,3.0
exeter,740,10,327,6,7,0.031974526896449154,0.013556405353371229,0.05043243744270938,0.03506559680248311,383,3.0
exeter,740,11,297,5,6,0.04607110165380947,0.024755499406317386,0.06740555645171216,0.05131028372500024,383,3.0
exeter,740,12,263,2,4,0.05220284367754339,0.0271291201619423,0.07590644789255471,0.05852465419096975,383,3.0
exeter,740,13,248,2,4,0.05855710859729991,0.03420427091015422,0.08020695239288146,0.0661171973023329,383,3.0
exeter,740,14,237,1,7,0.061801269168146065,0.03920376432946607,0.08626735188688146,0.07005763106898966,383,3.0
exeter,740,15,229,1,8,0.06504542973899222,0.040576772801002706,0.09303360015708723,0.07411851477611198,383,3.0
exeter,740,16,220,2,4,0.07153375088068453,0.0464446145579217,0.09858122548571717,0.08253561918723817,383,3.0
exeter,740,17,213,1,5,0.07479314225233279,0.048667358005359984,0.10447362761947211,0.08684296369809619,383,3.0
exeter,740,18,207,2,5,0.0813119249956293,0.054075460093306285,0.11152351781888466,0.09566573699569914,383,3.0
exeter,740,19,195,3,4,0.09134082152377776,0.060104270559149034,0.12310111952089707,0.10957857181114983,383,3.0
exeter,740,20,153,0,0,0.09134082152377776,0.060104270559149034,0.12310111952089707,0.10957857181114983,383,3.0
exeter,740,21,109,0,0,0.09134082152377776,0.060104270559149034,0.12310111952089707,0.10957857181114983,383,3.0
exeter,740,22,60,2,0,0.11229007204924345,0.06932970535815677,0.15361489750787097,0.13925928608411153,383,3.0
exeter,740,23,16,0,1,0.11229007204924345,0.06932970535815677,0.15361489750787097,0.13925928608411153,383,3.0
exeter,740,24,4,0,0,0.11229007204924345,0.06932970535815677,0.15361489750787097,0.13925928608411153,383,3.0
exeter,740,25,1,0,0,0.11229007204924345,0.06932970535815677,0.15361489750787097,0.13925928608411153,383,3.0
exeter,740,26,1,0,0,0.11229007204924345,0.06932970535815677,0.15361489750787097,0.13925928608411153,383,3.0
exeter,740,27,1,0,0,0.11229007204924345,0.06932970535815677,0.15361489750787097,0.13925928608411153,383,3.0
exeter,740,28,1,0,0,0.11229007204924345,0.06932970535815677,0.15361489750787097,0.13925928608411153,383,3.0
exeter,740,29,0,0,0,0.11229007204924345,0.06932970535815677,0.15361489750787097,0.13925928608411153,383,3.0
exeter,740,30,0,0,0,0.11229007204924345,0.06932970535815677,0.15361489750787097,0.13925928608411153,383,3.0
exeter,740,31,0,0,0,0.11229007204924345,0.06932970535815677,0.15361489750787097,0.13925928608411153,383,3.0
exeter,740,32,0,0,0,0.11229007204924345,0.06932970535815677,0.15361489750787097,0.13925928608411153,383,3.0
exeter,740,33,0,0,0,0.11229007204924345,0.06932970535815677,0.15361489750787097,0.13925928608411153,383,3.0
exeter,740,34,0,0,0,0.11229007204924345,0.06932970535815677,0.15361489750787097,0.13925928608411153,383,3.0
exeter,740,35,0,0,0,0.11229007204924345,0.06932970535815677,0.15361489750787097,0.13925928608411153,383,3.0
exeter,740,36,0,0,0,0.11229007204924345,0.06932970535815677,0.15361489750787097,0.13925928608411153,383,3.0
exeter,760,0,8,0,0,0.0,0.0,0.0,0.0,203,3.0
exeter,760,1,43,0,2,0.0,0.0,0.0,0.0,203,3.0
exeter,760,2,95,0,3,0.0,0.0,0.0,0.0,203,3.0
exeter,760,3,142,0,5,0.0,0.0,0.0,0.0,203,3.0
exeter,760,4,170,0,4,0.0,0.0,0.0,0.0,203,3.0
exeter,760,5,174,1,4,0.004999444647473418,0.0,0.015850842386429496,0.005747126436781658,203,3.0
exeter,760,6,172,1,5,0.009911689679002533,0.0,0.025352575797751308,0.011527666399358538,203,3.0
exeter,760,7,168,1,5,0.014765455603013443,0.004609367241737388,0.035310683964604725,0.017411430289838492,203,3.0
exeter,760,8,163,3,1,0.029237420259880333,0.009790197220167387,0.053177152352315495,0.03549588249309299,203,3.0
exeter,760,9,159,1,6,0.03406140847883596,0.01384922440699688,0.06231317678596351,0.04156194612521191,203,3.0
exeter,760,10,149,0,3,0.03406140847883596,0.01384922440699688,0.06231317678596351,0.04156194612521191,203,3.0
exeter,760,11,140,4,1,0.054589490272711955,0.025306988451371595,0.08605074356121029,0.06894589052163447,203,3.0
exeter,760,12,127,0,1,0.054589490272711955,0.025306988451371595,0.08605074356121029,0.06894589052163447,203,3.0
exeter,760,13,123,0,3,0.054589490272711955,0.025306988451371595,0.08605074356121029,0.06894589052163447,203,3.0
exeter,760,14,120,2,2,0.06576619699167459,0.02985083434779151,0.1037250445689264,0.08446345901294061,203,3.0
exeter,760,15,116,0,2,0.06576619699167459,0.02985083434779151,0.1037250445689264,0.08446345901294061,203,3.0
exeter,760,16,114,0,1,0.06576619699167459,0.02985083434779151,0.1037250445689264,0.08446345901294061,203,3.0
exeter,760,17,112,1,2,0.07140444636329413,0.03529541100629296,0.10658981761731932,0.09263789241461073,203,3.0
exeter,760,18,109,1,2,0.07704269573491368,0.039543582641552465,0.11629673825648616,0.10096231541998124,203,3.0
exeter,760,19,104,0,2,0.07704269573491368,0.039543582641552465,0.11629673825648616,0.10096231541998124,203,3.0
exeter,760,20,79,1,2,0.0844624562273614,0.04619437651996018,0.12485815163066831,0.11234253927542448,203,3.0
exeter,760,21,48,0,2,0.0844624562273614,0.04619437651996018,0.12485815163066831,0.11234253927542448,203,3.0
exeter,760,22,23,0,0,0.0844624562273614,0.04619437651996018,0.12485815163066831,0.11234253927542448,203,3.0
exeter,760,23,8,1,0,0.15201319237735422,0.058423698688998306,0.3436003774857011,0.22329972186599645,203,3.0
exeter,760,24,5,0,0,0.15201319237735422,0.058423698688998306,0.3436003774857011,0.22329972186599645,203,3.0
exeter,760,25,3,0,0,0.15201319237735422,0.058423698688998306,0.3436003774857011,0.22329972186599645,203,3.0
exeter,760,26,1,0,0,0.15201319237735422,0.058423698688998306,0.3436003774857011,0.22329972186599645,203,3.0
exeter,760,27,1,0,0,0.15201319237735422,0.058423698688998306,0.3436003774857011,0.22329972186599645,203,3.0
exeter,760,28,1,0,0,0.15201319237735422,0.058423698688998306,0.3436003774857011,0.22329972186599645,203,3.0
exeter,760,29,1,0,0,0.15201319237735422,0.058423698688998306,0.3436003774857011,0.22329972186599645,203,3.0
exeter,760,30,1,0,0,0.15201319237735422,0.058423698688998306,0.3436003774857011,0.22329972186599645,203,3.0
exeter,760,31,0,0,0,0.15201319237735422,0.058423698688998306,0.3436003774857011,0.22329972186599645,203,3.0
exeter,760,32,0,0,0,0.15201319237735422,0.058423698688998306,0.3436003774857011,0.22329972186599645,203,3.0
exeter,760,33,0,0,0,0.15201319237735422,0.058423698688998306,0.3436003774857011,0.22329972186599645,203,3.0
exeter,760,34,0,0,0,0.15201319237735422,0.058423698688998306,0.3436003774857011,0.22329972186599645,203,3.0
exeter,760,35,0,0,0,0.15201319237735422,0.058423698688998306,0.3436003774857011,0.22329972186599645,203,3.0
exeter,760,36,0,0,0,0.15201319237735422,0.058423698688998306,0.3436003774857011,0.22329972186599645,203,3.0
exeter,780,0,7,0,0,0.0,0.0,0.0,0.0,180,3.0
exeter,780,1,47,0,1,0.0,0.0,0.0,0.0,180,3.0
exeter,780,2,75,0,2,0.0,0.0,0.0,0.0,180,3.0
exeter,780,3,121,0,1,0.0,0.0,0.0,0.0,180,3.0
exeter,780,4,163,0,1,0.0,0.0,0.0,0.0,180,3.0
exeter,780,5,173,0,2,0.0,0.0,0.0,0.0,180,3.0
exeter,780,6,171,1,1,0.005427486516565838,0.0,0.016491370742278893,0.005847953216374213,180,3.0
exeter,780,7,169,0,2,0.005427486516565838,0.0,0.016491370742278893,0.005847953216374213,180,3.0
exeter,780,8,167,2,3,0.016282459549697516,0.0,0.0378679814687393,0.017753965752705048,180,3.0
exeter,780,9,163,0,6,0.016282459549697516,0.0,0.0378679814687393,0.017753965752705048,180,3.0
exeter,780,10,152,0,4,0.016282459549697516,0.0,0.0378679814687393,0.017753965752705048,180,3.0
exeter,780,11,143,1,1,0.02204890125202891,0.0052705720303266555,0.044164724729717664,0.024622819139049734,180,3.0
exeter,780,12,129,0,3,0.02204890125202891,0.0052705720303266555,0.044164724729717664,0.024622819139049734,180,3.0
exeter,780,13,124,0,3,0.02204890125202891,0.0052705720303266555,0.044164724729717664,0.024622819139049734,180,3.0
exeter,780,14,121,1,4,0.028453415085713557,0.005610726263282814,0.05752538110975408,0.032683787575917056,180,3.0
exeter,780,15,116,1,1,0.0348579289193982,0.011509754098507222,0.0662201844847778,0.0410227204416419,180,3.0
exeter,780,16,114,3,1,0.054071470420452135,0.01726651071366371,0.09600511556692629,0.06625896464054604,180,3.0
exeter,780,17,110,3,2,0.07328501192150608,0.034948528261126356,0.1224194944701578,0.09172462924125835,180,3.0
exeter,780,18,104,2,1,0.08621720331644622,0.04482916277415691,0.13289647753379877,0.10919146329431106,180,3.0
exeter,780,19,99,0,4,0.08621720331644622,0.04482916277415691,0.13289647753379877,0.10919146329431106,180,3.0
exeter,780,20,73,0,4,0.08621720331644622,0.04482916277415691,0.13289647753379877,0.10919146329431106,180,3.0
exeter,780,21,53,0,1,0.08621720331644622,0.04482916277415691,0.13289647753379877,0.10919146329431106,180,3.0
exeter,780,22,31,0,1,0.08621720331644622,0.04482916277415691,0.13289647753379877,0.10919146329431106,180,3.0
exeter,780,23,8,0,0,0.08621720331644622,0.04482916277415691,0.13289647753379877,0.10919146329431106,180,3.0
exeter,780,24,0,0,0,0.08621720331644622,0.04482916277415691,0.13289647753379877,0.10919146329431106,180,3.0
exeter,780,25,0,0,0,0.08621720331644622,0.04482916277415691,0.13289647753379877,0.10919146329431106,180,3.0
exeter,780,26,0,0,0,0.08621720331644622,0.04482916277415691,0.13289647753379877,0.10919146329431106,180,3.0
exeter,780,27,0,0,0,0.08621720331644622,0.04482916277415691,0.13289647753379877,0.10919146329431106,180,3.0
exeter,780,28,0,0,0,0.08621720331644622,0.04482916277415691,0.13289647753379877,0.10919146329431106,180,3.0
exeter,780,29,0,0,0,0.08621720331644622,0.04482916277415691,0.13289647753379877,0.10919146329431106,180,3.0
exeter,780,30,0,0,0,0.08621720331644622,0.04482916277415691,0.13289647753379877,0.10919146329431106,180,3.0
exeter,780,31,0,0,0,0.08621720331644622,0.04482916277415691,0.13289647753379877,0.10919146329431106,180,3.0
exeter,780,32,0,0,0,0.08621720331644622,0.04482916277415691,0.13289647753379877,0.10919146329431106,180,3.0
exeter,780,33,0,0,0,0.08621720331644622,0.04482916277415691,0.13289647753379877,0.10919146329431106,180,3.0
exeter,780,34,0,0,0,0.08621720331644622,0.04482916277415691,0.13289647753379877,0.10919146329431106,180,3.0
exeter,780,35,0,0,0,0.08621720331644622,0.04482916277415691,0.13289647753379877,0.10919146329431106,180,3.0
exeter,780,36,0,0,0,0.08621720331644622,0.04482916277415691,0.13289647753379877,0.10919146329431106,180,3.0
exeter,800,0,4,0,0,0.0,0.0,0.0,0.0,82,3.0
exeter,800,1,23,0,1,0.0,0.0,0.0,0.0,82,3.0
exeter,800,2,39,0,1,0.0,0.0,0.0,0.0,82,3.0
exeter,800,3,60,0,1,0.0,0.0,0.0,0.0,82,3.0
exeter,800,4,72,0,2,0.0,0.0,0.0,0.0,82,3.0
exeter,800,5,76,0,0,0.0,0.0,0.0,0.0,82,3.0
exeter,800,6,76,0,2,0.0,0.0,0.0,0.0,82,3.0
exeter,800,7,74,0,1,0.0,0.0,0.0,0.0,82,3.0
exeter,800,8,73,0,3,0.0,0.0,0.0,0.0,82,3.0
exeter,800,9,70,1,2,0.01172374994838763,0.0,0.03762959017068611,0.014285714285714235,82,3.0
exeter,800,10,66,0,2,0.01172374994838763,0.0,0.03762959017068611,0.014285714285714235,82,3.0
exeter,800,11,60,1,0,0.024418557973308375,0.0,0.06009199592199377,0.030714285714285694,82,3.0
exeter,800,12,56,0,3,0.024418557973308375,0.0,0.06009199592199377,0.030714285714285694,82,3.0
exeter,800,13,53,1,1,0.03779344499956416,0.0,0.08824132350175258,0.04900269541778979,82,3.0
exeter,800,14,51,0,1,0.03779344499956416,0.0,0.08824132350175258,0.04900269541778979,82,3.0
exeter,800,15,50,0,0,0.03779344499956416,0.0,0.08824132350175258,0.04900269541778979,82,3.0
exeter,800,16,50,0,2,0.03779344499956416,0.0,0.08824132350175258,0.04900269541778979,82,3.0
exeter,800,17,48,0,2,0.03779344499956416,0.0,0.08824132350175258,0.04900269541778979,82,3.0
exeter,800,18,46,0,0,0.03779344499956416,0.0,0.08824132350175258,0.04900269541778979,82,3.0
exeter,800,19,43,0,1,0.03779344499956416,0.0,0.08824132350175258,0.04900269541778979,82,3.0
exeter,800,20,30,0,0,0.03779344499956416,0.0,0.08824132350175258,0.04900269541778979,82,3.0
exeter,800,21,21,0,0,0.03779344499956416,0.0,0.08824132350175258,0.04900269541778979,82,3.0
exeter,800,22,9,0,0,0.03779344499956416,0.0,0.08824132350175258,0.04900269541778979,82,3.0
exeter,800,23,3,0,0,0.03779344499956416,0.0,0.08824132350175258,0.04900269541778979,82,3.0
exeter,800,24,0,0,0,0.03779344499956416,0.0,0.08824132350175258,0.04900269541778979,82,3.0
exeter,800,25,0,0,0,0.03779344499956416,0.0,0.08824132350175258,0.04900269541778979,82,3.0
exeter,800,26,0,0,0,0.03779344499956416,0.0,0.08824132350175258,0.04900269541778979,82,3.0
exeter,800,27,0,0,0,0.03779344499956416,0.0,0.08824132350175258,0.04900269541778979,82,3.0
exeter,800,28,0,0,0,0.03779344499956416,0.0,0.08824132350175258,0.04900269541778979,82,3.0
exeter,800,29,0,0,0,0.03779344499956416,0.0,0.08824132350175258,0.04900269541778979,82,3.0
exeter,800,30,0,0,0,0.03779344499956416,0.0,0.08824132350175258,0.04900269541778979,82,3.0
exeter,800,31,0,0,0,0.03779344499956416,0.0,0.08824132350175258,0.04900269541778979,82,3.0
exeter,800,32,0,0,0,0.03779344499956416,0.0,0.08824132350175258,0.04900269541778979,82,3.0
exeter,800,33,0,0,0,0.03779344499956416,0.0,0.08824132350175258,0.04900269541778979,82,3.0
exeter,800,34,0,0,0,0.03779344499956416,0.0,0.08824132350175258,0.04900269541778979,82,3.0
exeter,800,35,0,0,0,0.03779344499956416,0.0,0.08824132350175258,0.04900269541778979,82,3.0
exeter,800,36,0,0,0,0.03779344499956416,0.0,0.08824132350175258,0.04900269541778979,82,3.0
exeter,820,0,0,0,0,0.0,0.0,0.0,0.0,47,2.0
exeter,820,1,16,0,0,0.0,0.0,0.0,0.0,47,2.0
exeter,820,2,28,0,4,0.0,0.0,0.0,0.0,47,2.0
exeter,820,3,34,0,1,0.0,0.0,0.0,0.0,47,2.0
exeter,820,4,40,0,2,0.0,0.0,0.0,0.0,47,2.0
exeter,820,5,39,0,2,0.0,0.0,0.0,0.0,47,2.0
exeter,820,6,37,0,1,0.0,0.0,0.0,0.0,47,2.0
exeter,820,7,36,0,0,0.0,0.0,0.0,0.0,47,2.0
exeter,820,8,36,0,2,0.0,0.0,0.0,0.0,47,2.0
exeter,820,9,34,0,0,0.0,0.0,0.0,0.0,47,2.0
exeter,820,10,34,0,0,0.0,0.0,0.0,0.0,47,2.0
exeter,820,11,34,0,2,0.0,0.0,0.0,0.0,47,2.0
exeter,820,12,30,0,0,0.0,0.0,0.0,0.0,47,2.0
exeter,820,13,30,0,3,0.0,0.0,0.0,0.0,47,2.0
exeter,820,14,27,0,1,0.0,0.0,0.0,0.0,47,2.0
exeter,820,15,26,0,1,0.0,0.0,0.0,0.0,47,2.0
exeter,820,16,25,1,0,0.021616031027795732,0.0,0.06726728966853847,0.040000000000000036,47,2.0
exeter,820,17,24,0,0,0.021616031027795732,0.0,0.06726728966853847,0.040000000000000036,47,2.0
exeter,820,18,24,0,0,0.021616031027795732,0.0,0.06726728966853847,0.040000000000000036,47,2.0
exeter,820,19,24,0,0,0.021616031027795732,0.0,0.06726728966853847,0.040000000000000036,47,2.0
exeter,820,20,19,0,0,0.021616031027795732,0.0,0.06726728966853847,0.040000000000000036,47,2.0
exeter,820,21,10,0,0,0.021616031027795732,0.0,0.06726728966853847,0.040000000000000036,47,2.0
exeter,820,22,5,0,0,0.021616031027795732,0.0,0.06726728966853847,0.040000000000000036,47,2.0
exeter,820,23,1,0,0,0.021616031027795732,0.0,0.06726728966853847,0.040000000000000036,47,2.0
exeter,820,24,0,0,0,0.021616031027795732,0.0,0.06726728966853847,0.040000000000000036,47,2.0
exeter,820,25,0,0,0,0.021616031027795732,0.0,0.06726728966853847,0.040000000000000036,47,2.0
exeter,820,26,0,0,0,0.021616031027795732,0.0,0.06726728966853847,0.040000000000000036,47,2.0
exeter,820,27,0,0,0,0.021616031027795732,0.0,0.06726728966853847,0.040000000000000036,47,2.0
exeter,820,28,0,0,0,0.021616031027795732,0.0,0.06726728966853847,0.040000000000000036,47,2.0
exeter,820,29,0,0,0,0.021616031027795732,0.0,0.06726728966853847,0.040000000000000036,47,2.0
exeter,820,30,0,0,0,0.021616031027795732,0.0,0.06726728966853847,0.040000000000000036,47,2.0
exeter,820,31,0,0,0,0.021616031027795732,0.0,0.06726728966853847,0.040000000000000036,47,2.0
exeter,820,32,0,0,0,0.021616031027795732,0.0,0.06726728966853847,0.040000000000000036,47,2.0
exeter,820,33,0,0,0,0.021616031027795732,0.0,0.06726728966853847,0.040000000000000036,47,2.0
exeter,820,34,0,0,0,0.021616031027795732,0.0,0.06726728966853847,0.040000000000000036,47,2.0
exeter,820,35,0,0,0,0.021616031027795732,0.0,0.06726728966853847,0.040000000000000036,47,2.0
exeter,820,36,0,0,0,0.021616031027795732,0.0,0.06726728966853847,0.040000000000000036,47,2.0
exeter,840,0,0,0,0,0.0,0.0,0.0,0.0,7,2.0
exeter,840,1,1,0,0,0.0,0.0,0.0,0.0,7,2.0
exeter,840,2,5,0,0,0.0,0.0,0.0,0.0,7,2.0
exeter,840,3,7,0,1,0.0,0.0,0.0,0.0,7,2.0
exeter,840,4,6,0,0,0.0,0.0,0.0,0.0,7,2.0
exeter,840,5,6,0,0,0.0,0.0,0.0,0.0,7,2.0
exeter,840,6,6,0,1,0.0,0.0,0.0,0.0,7,2.0
exeter,840,7,5,0,0,0.0,0.0,0.0,0.0,7,2.0
exeter,840,8,5,0,0,0.0,0.0,0.0,0.0,7,2.0
exeter,840,9,5,0,0,0.0,0.0,0.0,0.0,7,2.0
exeter,840,10,5,0,0,0.0,0.0,0.0,0.0,7,2.0
exeter,840,11,5,0,0,0.0,0.0,0.0,0.0,7,2.0
exeter,840,12,5,0,0,0.0,0.0,0.0,0.0,7,2.0
exeter,840,13,5,0,0,0.0,0.0,0.0,0.0,7,2.0
exeter,840,14,5,0,0,0.0,0.0,0.0,0.0,7,2.0
exeter,840,15,5,0,0,0.0,0.0,0.0,0.0,7,2.0
exeter,840,16,5,0,0,0.0,0.0,0.0,0.0,7,2.0
exeter,840,17,5,0,0,0.0,0.0,0.0,0.0,7,2.0
exeter,840,18,5,0,0,0.0,0.0,0.0,0.0,7,2.0
exeter,840,19,5,0,0,0.0,0.0,0.0,0.0,7,2.0
exeter,840,20,5,0,0,0.0,0.0,0.0,0.0,7,2.0
exeter,840,21,1,0,0,0.0,0.0,0.0,0.0,7,2.0
exeter,840,22,0,0,0,0.0,0.0,0.0,0.0,7,2.0
exeter,840,23,0,0,0,0.0,0.0,0.0,0.0,7,2.0
exeter,840,24,0,0,0,0.0,0.0,0.0,0.0,7,2.0
exeter,840,25,0,0,0,0.0,0.0,0.0,0.0,7,2.0
exeter,840,26,0,0,0,0.0,0.0,0.0,0.0,7,2.0
exeter,840,27,0,0,0,0.0,0.0,0.0,0.0,7,2.0
exeter,840,28,0,0,0,0.0,0.0,0.0,0.0,7,2.0
exeter,840,29,0,0,0,0.0,0.0,0.0,0.0,7,2.0
exeter,840,30,0,0,0,0.0,0.0,0.0,0.0,7,2.0
exeter,840,31,0,0,0,0.0,0.0,0.0,0.0,7,2.0
exeter,840,32,0,0,0,0.0,0.0,0.0,0.0,7,2.0
exeter,840,33,0,0,0,0.0,0.0,0.0,0.0,7,2.0
exeter,840,34,0,0,0,0.0,0.0,0.0,0.0,7,2.0
exeter,840,35,0,0,0,0.0,0.0,0.0,0.0,7,2.0
exeter,840,36,0,0,0,0.0,0.0,0.0,0.0,7,2.0
exeter,none,0,8,0,0,0.0,0.0,0.0,0.0,1530,60.0
exeter,none,1,78,0,0,0.0,0.0,0.0,0.0,1530,60.0
exeter,none,2,210,0,1,0.0,0.0,0.0,0.0,1530,60.0
exeter,none,3,375,0,4,0.0,0.0,0.0,0.0,1530,60.0
exeter,none,4,488,0,10,0.0,0.0,0.0,0.0,1530,60.0
exeter,none,5,524,1,5,0.001840544918588968,0.0,0.005517150429548318,0.001908396946564861,1530,60.0
exeter,none,6,523,1,3,0.0036634938054514645,0.0,0.00874940073022276,0.003816793893129722,1530,60.0
exeter,none,7,520,0,7,0.0036634938054514645,0.0,0.00874940073022276,0.003816793893129722,1530,60.0
exeter,none,8,515,2,11,0.0072882486395103065,0.0,0.015371685429792375,0.007685466538204899,1530,60.0
exeter,none,9,502,8,14,0.021787267975745678,0.008983763938038345,0.03356787990658164,0.023499243963890915,1530,60.0
exeter,none,10,467,3,13,0.027375755086071943,0.01335745499381075,0.04207524812842139,0.029772268092602583,1530,60.0
exeter,none,11,416,3,8,0.03343442741000739,0.016510636528589476,0.0488711587582829,0.03676910269770395,1530,60.0
exeter,none,12,347,3,8,0.04050578847973032,0.023094369624231087,0.05821155824064018,0.04509674734296876,1530,60.0
exeter,none,13,307,7,7,0.05856424801934848,0.0377004761798789,0.07850703598266469,0.06686978567716817,1530,60.0
exeter,none,14,287,5,9,0.07173281109826367,0.04734970605939444,0.093945166382389,0.08312640962007467,1530,60.0
exeter,none,15,275,5,6,0.08480560280933219,0.05859064754856143,0.11203096246420922,0.09979683853607335,1530,60.0
exeter,none,16,264,2,1,0.0900347194937596,0.061538827914684846,0.11536482739628103,0.10661655945625459,1530,60.0
exeter,none,17,261,2,4,0.09526383617818701,0.06677504280329997,0.12291935604282078,0.11346240957536369,1530,60.0
exeter,none,18,256,4,5,0.10568121707294474,0.07386593731929741,0.1349637043125265,0.12731455942574865,1530,60.0
exeter,none,19,242,6,3,0.12163014112876186,0.08771065812540554,0.1522143711617444,0.1489513885308954,1530,60.0
exeter,none,20,203,6,1,0.13993604903519233,0.10134609943234923,0.17014840989924487,0.17410553468269152,1530,60.0
exeter,none,21,140,3,3,0.15275018456969366,0.11535905448042617,0.1840430076413613,0.1918032732252053,1530,60.0
exeter,none,22,80,0,0,0.15275018456969366,0.11535905448042617,0.1840430076413613,0.1918032732252053,1530,60.0
exeter,none,23,31,1,0,0.17121356265166332,0.12100103087195782,0.2290226998049799,0.21787413537923095,1530,60.0
exeter,none,24,9,0,0,0.17121356265166332,0.12100103087195782,0.2290226998049799,0.21787413537923095,1530,60.0
exeter,none,25,7,0,0,0.17121356265166332,0.12100103087195782,0.2290226998049799,0.21787413537923095,1530,60.0
exeter,none,26,7,0,0,0.17121356265166332,0.12100103087195782,0.2290226998049799,0.21787413537923095,1530,60.0
exeter,none,27,6,1,0,0.2635304530615116,0.13680790892300204,0.43210615384161255,0.3482284461493591,1530,60.0
exeter,none,28,6,0,2,0.2635304530615116,0.13680790892300204,0.43210615384161255,0.3482284461493591,1530,60.0
exeter,none,29,3,0,1,0.2635304530615116,0.13680790892300204,0.43210615384161255,0.3482284461493591,1530,60.0
exeter,none,30,1,0,0,0.2635304530615116,0.13680790892300204,0.43210615384161255,0.3482284461493591,1530,60.0
exeter,none,31,1,0,0,0.2635304530615116,0.13680790892300204,0.43210615384161255,0.3482284461493591,1530,60.0
exeter,none,32,1,0,0,0.2635304530615116,0.13680790892300204,0.43210615384161255,0.3482284461493591,1530,60.0
exeter,none,33,1,0,0,0.2635304530615116,0.13680790892300204,0.43210615384161255,0.3482284461493591,1530,60.0
exeter,none,34,1,0,0,0.2635304530615116,0.13680790892300204,0.43210615384161255,0.3482284461493591,1530,60.0
exeter,none,35,2,0,0,0.2635304530615116,0.13680790892300204,0.43210615384161255,0.3482284461493591,1530,60.0
exeter,none,36,2,0,0,0.2635304530615116,0.13680790892300204,0.43210615384161255,0.3482284461493591,1530,60.0
honda,400,0,0,0,0,0.0,0.0,0.0,0.0,2,38.5
honda,400,1,0,0,0,0.0,0.0,0.0,0.0,2,38.5
honda,400,2,0,0,0,0.0,0.0,0.0,0.0,2,38.5
honda,400,3,0,0,0,0.0,0.0,0.0,0.0,2,38.5
honda,400,4,0,0,0,0.0,0.0,0.0,0.0,2,38.5
honda,400,5,0,0,0,0.0,0.0,0.0,0.0,2,38.5
honda,400,6,0,0,0,0.0,0.0,0.0,0.0,2,38.5
honda,400,7,0,0,0,0.0,0.0,0.0,0.0,2,38.5
honda,400,8,0,0,0,0.0,0.0,0.0,0.0,2,38.5
honda,400,9,0,0,0,0.0,0.0,0.0,0.0,2,38.5
honda,400,10,0,0,0,0.0,0.0,0.0,0.0,2,38.5
honda,400,11,1,0,0,0.0,0.0,0.0,0.0,2,38.5
honda,400,12,1,0,0,0.0,0.0,0.0,0.0,2,38.5
honda,400,13,1,0,0,0.0,0.0,0.0,0.0,2,38.5
honda,400,14,1,0,0,0.0,0.0,0.0,0.0,2,38.5
honda,400,15,1,0,0,0.0,0.0,0.0,0.0,2,38.5
honda,400,16,1,0,0,0.0,0.0,0.0,0.0,2,38.5
honda,400,17,1,0,0,0.0,0.0,0.0,0.0,2,38.5
honda,400,18,1,0,0,0.0,0.0,0.0,0.0,2,38.5
honda,400,19,1,0,0,0.0,0.0,0.0,0.0,2,38.5
honda,400,20,1,0,0,0.0,0.0,0.0,0.0,2,38.5
honda,400,21,1,0,0,0.0,0.0,0.0,0.0,2,38.5
honda,400,22,1,0,0,0.0,0.0,0.0,0.0,2,38.5
honda,400,23,1,0,0,0.0,0.0,0.0,0.0,2,38.5
honda,400,24,1,0,0,0.0,0.0,0.0,0.0,2,38.5
honda,400,25,1,0,0,0.0,0.0,0.0,0.0,2,38.5
honda,400,26,1,0,0,0.0,0.0,0.0,0.0,2,38.5
honda,400,27,1,0,0,0.0,0.0,0.0,0.0,2,38.5
honda,400,28,1,0,0,0.0,0.0,0.0,0.0,2,38.5
honda,400,29,1,0,0,0.0,0.0,0.0,0.0,2,38.5
honda,400,30,0,0,0,0.0,0.0,0.0,0.0,2,38.5
honda,400,31,0,0,0,0.0,0.0,0.0,0.0,2,38.5
honda,400,32,0,0,0,0.0,0.0,0.0,0.0,2,38.5
honda,400,33,0,0,0,0.0,0.0,0.0,0.0,2,38.5
honda,400,34,0,0,0,0.0,0.0,0.0,0.0,2,38.5
honda,400,35,0,0,0,0.0,0.0,0.0,0.0,2,38.5
honda,400,36,0,0,0,0.0,0.0,0.0,0.0,2,38.5
honda,420,0,0,0,0,0.0,,,0.0,1,7.0
honda,420,1,0,0,0,0.0,,,0.0,1,7.0
honda,420,2,0,0,0,0.0,,,0.0,1,7.0
honda,420,3,0,0,0,0.0,,,0.0,1,7.0
honda,420,4,0,0,0,0.0,,,0.0,1,7.0
honda,420,5,0,0,0,0.0,,,0.0,1,7.0
honda,420,6,0,0,0,0.0,,,0.0,1,7.0
honda,420,7,1,0,0,0.0,,,0.0,1,7.0
honda,420,8,1,0,0,0.0,,,0.0,1,7.0
honda,420,9,1,0,0,0.0,,,0.0,1,7.0
honda,420,10,1,0,0,0.0,,,0.0,1,7.0
honda,420,11,1,0,0,0.0,,,0.0,1,7.0
honda,420,12,1,0,0,0.0,,,0.0,1,7.0
honda,420,13,1,0,0,0.0,,,0.0,1,7.0
honda,420,14,1,0,0,0.0,,,0.0,1,7.0
honda,420,15,1,0,0,0.0,,,0.0,1,7.0
honda,420,16,1,0,0,0.0,,,0.0,1,7.0
honda,420,17,1,0,0,0.0,,,0.0,1,7.0
honda,420,18,1,0,0,0.0,,,0.0,1,7.0
honda,420,19,1,0,0,0.0,,,0.0,1,7.0
honda,420,20,1,0,0,0.0,,,0.0,1,7.0
honda,420,21,1,0,0,0.0,,,0.0,1,7.0
honda,420,22,1,0,0,0.0,,,0.0,1,7.0
honda,420,23,1,0,0,0.0,,,0.0,1,7.0
honda,420,24,1,0,0,0.0,,,0.0,1,7.0
honda,420,25,1,0,0,0.0,,,0.0,1,7.0
honda,420,26,0,0,0,0.0,,,0.0,1,7.0
honda,420,27,0,0,0,0.0,,,0.0,1,7.0
honda,420,28,0,0,0,0.0,,,0.0,1,7.0
honda,420,29,0,0,0,0.0,,,0.0,1,7.0
honda,420,30,0,0,0,0.0,,,0.0,1,7.0
honda,420,31,0,0,0,0.0,,,0.0,1,7.0
honda,420,32,0,0,0,0.0,,,0.0,1,7.0
honda,420,33,0,0,0,0.0,,,0.0,1,7.0
honda,420,34,0,0,0,0.0,,,0.0,1,7.0
honda,420,35,0,0,0,0.0,,,0.0,1,7.0
honda,420,36,0,0,0,0.0,,,0.0,1,7.0
honda,440,0,0,0,0,0.0,0.0,0.0,0.0,11,18.0
honda,440,1,0,0,0,0.0,0.0,0.0,0.0,11,18.0
honda,440,2,0,0,0,0.0,0.0,0.0,0.0,11,18.0
honda,440,3,0,0,0,0.0,0.0,0.0,0.0,11,18.0
honda,440,4,0,0,0,0.0,0.0,0.0,0.0,11,18.0
honda,440,5,0,0,0,0.0,0.0,0.0,0.0,11,18.0
honda,440,6,1,0,0,0.0,0.0,0.0,0.0,11,18.0
honda,440,7,2,0,0,0.0,0.0,0.0,0.0,11,18.0
honda,440,8,3,0,0,0.0,0.0,0.0,0.0,11,18.0
honda,440,9,3,0,0,0.0,0.0,0.0,0.0,11,18.0
honda,440,10,3,0,0,0.0,0.0,0.0,0.0,11,18.0
honda,440,11,3,0,0,0.0,0.0,0.0,0.0,11,18.0
honda,440,12,3,0,0,0.0,0.0,0.0,0.0,11,18.0
honda,440,13,3,0,0,0.0,0.0,0.0,0.0,11,18.0
honda,440,14,4,0,0,0.0,0.0,0.0,0.0,11,18.0
honda,440,15,4,0,0,0.0,0.0,0.0,0.0,11,18.0
honda,440,16,4,0,0,0.0,0.0,0.0,0.0,11,18.0
honda,440,17,4,0,0,0.0,0.0,0.0,0.0,11,18.0
honda,440,18,6,0,0,0.0,0.0,0.0,0.0,11,18.0
honda,440,19,7,0,0,0.0,0.0,0.0,0.0,11,18.0
honda,440,20,7,0,0,0.0,0.0,0.0,0.0,11,18.0
honda,440,21,7,0,0,0.0,0.0,0.0,0.0,11,18.0
honda,440,22,7,0,0,0.0,0.0,0.0,0.0,11,18.0
honda,440,23,7,0,0,0.0,0.0,0.0,0.0,11,18.0
honda,440,24,7,0,0,0.0,0.0,0.0,0.0,11,18.0
honda,440,25,6,0,0,0.0,0.0,0.0,0.0,11,18.0
honda,440,26,5,0,0,0.0,0.0,0.0,0.0,11,18.0
honda,440,27,4,0,0,0.0,0.0,0.0,0.0,11,18.0
honda,440,28,4,0,0,0.0,0.0,0.0,0.0,11,18.0
honda,440,29,5,0,0,0.0,0.0,0.0,0.0,11,18.0
honda,440,30,5,0,0,0.0,0.0,0.0,0.0,11,18.0
honda,440,31,5,0,0,0.0,0.0,0.0,0.0,11,18.0
honda,440,32,5,0,0,0.0,0.0,0.0,0.0,11,18.0
honda,440,33,4,0,0,0.0,0.0,0.0,0.0,11,18.0
honda,440,34,4,0,0,0.0,0.0,0.0,0.0,11,18.0
honda,440,35,4,0,0,0.0,0.0,0.0,0.0,11,18.0
honda,440,36,4,0,0,0.0,0.0,0.0,0.0,11,18.0
honda,460,0,0,0,0,0.0,0.0,0.0,0.0,38,19.0
honda,460,1,0,0,0,0.0,0.0,0.0,0.0,38,19.0
honda,460,2,0,0,0,0.0,0.0,0.0,0.0,38,19.0
honda,460,3,1,0,0,0.0,0.0,0.0,0.0,38,19.0
honda,460,4,2,0,0,0.0,0.0,0.0,0.0,38,19.0
honda,460,5,5,0,1,0.0,0.0,0.0,0.0,38,19.0
honda,460,6,6,0,0,0.0,0.0,0.0,0.0,38,19.0
honda,460,7,7,0,0,0.0,0.0,0.0,0.0,38,19.0
honda,460,8,10,0,0,0.0,0.0,0.0,0.0,38,19.0
honda,460,9,12,0,0,0.0,0.0,0.0,0.0,38,19.0
honda,460,10,14,0,0,0.0,0.0,0.0,0.0,38,19.0
honda,460,11,15,0,0,0.0,0.0,0.0,0.0,38,19.0
honda,460,12,15,0,0,0.0,0.0,0.0,0.0,38,19.0
honda,460,13,15,0,0,0.0,0.0,0.0,0.0,38,19.0
honda,460,14,15,0,0,0.0,0.0,0.0,0.0,38,19.0
honda,460,15,16,0,0,0.0,0.0,0.0,0.0,38,19.0
honda,460,16,16,0,0,0.0,0.0,0.0,0.0,38,19.0
honda,460,17,16,0,1,0.0,0.0,0.0,0.0,38,19.0
honda,460,18,15,0,0,0.0,0.0,0.0,0.0,38,19.0
honda,460,19,18,0,0,0.0,0.0,0.0,0.0,38,19.0
honda,460,20,18,0,0,0.0,0.0,0.0,0.0,38,19.0
honda,460,21,18,0,1,0.0,0.0,0.0,0.0,38,19.0
honda,460,22,17,1,0,0.041666666666666664,0.0,0.12998050749711657,0.05882352941176472,38,19.0
honda,460,23,15,1,1,0.08611111111111111,0.0,0.21877144607843138,0.1215686274509804,38,19.0
honda,460,24,11,0,0,0.08611111111111111,0.0,0.21877144607843138,0.1215686274509804,38,19.0
honda,460,25,10,0,0,0.08611111111111111,0.0,0.21877144607843138,0.1215686274509804,38,19.0
honda,460,26,10,0,0,0.08611111111111111,0.0,0.21877144607843138,0.1215686274509804,38,19.0
honda,460,27,9,0,0,0.08611111111111111,0.0,0.21877144607843138,0.1215686274509804,38,19.0
honda,460,28,7,0,0,0.08611111111111111,0.0,0.21877144607843138,0.1215686274509804,38,19.0
honda,460,29,6,0,0,0.08611111111111111,0.0,0.21877144607843138,0.1215686274509804,38,19.0
honda,460,30,5,0,0,0.08611111111111111,0.0,0.21877144607843138,0.1215686274509804,38,19.0
honda,460,31,5,0,0,0.08611111111111111,0.0,0.21877144607843138,0.1215686274509804,38,19.0
honda,460,32,5,0,0,0.08611111111111111,0.0,0.21877144607843138,0.1215686274509804,38,19.0
honda,460,33,5,0,0,0.08611111111111111,0.0,0.21877144607843138,0.1215686274509804,38,19.0
honda,460,34,4,0,0,0.08611111111111111,0.0,0.21877144607843138,0.1215686274509804,38,19.0
honda,460,35,4,0,0,0.08611111111111111,0.0,0.21877144607843138,0.1215686274509804,38,19.0
honda,460,36,4,0,0,0.08611111111111111,0.0,0.21877144607843138,0.1215686274509804,38,19.0
honda,480,0,0,0,0,0.0,0.0,0.0,0.0,62,17.5
honda,480,1,0,0,0,0.0,0.0,0.0,0.0,62,17.5
honda,480,2,0,0,0,0.0,0.0,0.0,0.0,62,17.5
honda,480,3,0,0,0,0.0,0.0,0.0,0.0,62,17.5
honda,480,4,1,0,0,0.0,0.0,0.0,0.0,62,17.5
honda,480,5,4,0,0,0.0,0.0,0.0,0.0,62,17.5
honda,480,6,9,0,0,0.0,0.0,0.0,0.0,62,17.5
honda,480,7,12,0,0,0.0,0.0,0.0,0.0,62,17.5
honda,480,8,17,0,0,0.0,0.0,0.0,0.0,62,17.5
honda,480,9,19,0,1,0.0,0.0,0.0,0.0,62,17.5
honda,480,10,19,0,1,0.0,0.0,0.0,0.0,62,17.5
honda,480,11,21,0,0,0.0,0.0,0.0,0.0,62,17.5
honda,480,12,21,0,0,0.0,0.0,0.0,0.0,62,17.5
honda,480,13,23,0,0,0.0,0.0,0.0,0.0,62,17.5
honda,480,14,26,1,1,0.034519497123375244,0.0,0.09852384868421059,0.038461538461538436,62,17.5
honda,480,15,25,1,0,0.06765821436181549,0.0,0.14600589225589228,0.07692307692307698,62,17.5
honda,480,16,25,0,1,0.06765821436181549,0.0,0.14600589225589228,0.07692307692307698,62,17.5
honda,480,17,25,0,0,0.06765821436181549,0.0,0.14600589225589228,0.07692307692307698,62,17.5
honda,480,18,29,0,0,0.06765821436181549,0.0,0.14600589225589228,0.07692307692307698,62,17.5
honda,480,19,30,0,0,0.06765821436181549,0.0,0.14600589225589228,0.07692307692307698,62,17.5
honda,480,20,32,0,0,0.06765821436181549,0.0,0.14600589225589228,0.07692307692307698,62,17.5
honda,480,21,33,0,0,0.06765821436181549,0.0,0.14600589225589228,0.07692307692307698,62,17.5
honda,480,22,33,0,1,0.06765821436181549,0.0,0.14600589225589228,0.07692307692307698,62,17.5
honda,480,23,31,0,0,0.06765821436181549,0.0,0.14600589225589228,0.07692307692307698,62,17.5
honda,480,24,29,0,1,0.06765821436181549,0.0,0.14600589225589228,0.07692307692307698,62,17.5
honda,480,25,26,0,0,0.06765821436181549,0.0,0.14600589225589228,0.07692307692307698,62,17.5
honda,480,26,24,1,0,0.09744358428847875,0.0,0.20180916085023065,0.11538461538461542,62,17.5
honda,480,27,20,0,0,0.09744358428847875,0.0,0.20180916085023065,0.11538461538461542,62,17.5
honda,480,28,20,0,0,0.09744358428847875,0.0,0.20180916085023065,0.11538461538461542,62,17.5
honda,480,29,22,0,0,0.09744358428847875,0.0,0.20180916085023065,0.11538461538461542,62,17.5
honda,480,30,19,0,1,0.09744358428847875,0.0,0.20180916085023065,0.11538461538461542,62,17.5
honda,480,31,18,0,0,0.09744358428847875,0.0,0.20180916085023065,0.11538461538461542,62,17.5
honda,480,32,19,0,0,0.09744358428847875,0.0,0.20180916085023065,0.11538461538461542,62,17.5
honda,480,33,17,0,1,0.09744358428847875,0.0,0.20180916085023065,0.11538461538461542,62,17.5
honda,480,34,15,0,2,0.09744358428847875,0.0,0.20180916085023065,0.11538461538461542,62,17.5
honda,480,35,12,0,0,0.09744358428847875,0.0,0.20180916085023065,0.11538461538461542,62,17.5
honda,480,36,12,0,0,0.09744358428847875,0.0,0.20180916085023065,0.11538461538461542,62,17.5
honda,500,0,0,0,0,0.0,0.0,0.0,0.0,148,17.5
honda,500,1,0,0,0,0.0,0.0,0.0,0.0,148,17.5
honda,500,2,0,0,0,0.0,0.0,0.0,0.0,148,17.5
honda,500,3,3,0,0,0.0,0.0,0.0,0.0,148,17.5
honda,500,4,7,0,0,0.0,0.0,0.0,0.0,148,17.5
honda,500,5,12,0,0,0.0,0.0,0.0,0.0,148,17.5
honda,500,6,20,0,0,0.0,0.0,0.0,0.0,148,17.5
honda,500,7,29,0,0,0.0,0.0,0.0,0.0,148,17.5
honda,500,8,39,0,1,0.0,0.0,0.0,0.0,148,17.5
honda,500,9,44,0,1,0.0,0.0,0.0,0.0,148,17.5
honda,500,10,45,0,2,0.0,0.0,0.0,0.0,148,17.5
honda,500,11,45,0,0,0.0,0.0,0.0,0.0,148,17.5
honda,500,12,49,0,0,0.0,0.0,0.0,0.0,148,17.5
honda,500,13,51,0,2,0.0,0.0,0.0,0.0,148,17.5
honda,500,14,53,1,0,0.01649456037173388,0.0,0.05259107556396419,0.018867924528301883,148,17.5
honda,500,15,55,1,3,0.0320894174504641,0.0,0.0753492206988642,0.03670668953687817,148,17.5
honda,500,16,59,1,1,0.045569717637163096,0.0,0.1020546573786357,0.053033694798964914,148,17.5
honda,500,17,61,0,2,0.045569717637163096,0.0,0.1020546573786357,0.053033694798964914,148,17.5
honda,500,18,63,1,2,0.057366295708427405,0.01061680147239047,0.11981586032124823,0.06806490599263204,148,17.5
honda,500,19,64,0,1,0.057366295708427405,0.01061680147239047,0.11981586032124823,0.06806490599263204,148,17.5
honda,500,20,65,1,2,0.06808530174433584,0.014619006997451911,0.13336723438373982,0.08240236897736075,148,17.5
honda,500,21,65,0,0,0.06808530174433584,0.014619006997451911,0.13336723438373982,0.08240236897736075,148,17.5
honda,500,22,67,0,0,0.06808530174433584,0.014619006997451911,0.13336723438373982,0.08240236897736075,148,17.5
honda,500,23,65,0,1,0.06808530174433584,0.014619006997451911,0.13336723438373982,0.08240236897736075,148,17.5
honda,500,24,62,0,1,0.06808530174433584,0.014619006997451911,0.13336723438373982,0.08240236897736075,148,17.5
honda,500,25,58,0,1,0.06808530174433584,0.014619006997451911,0.13336723438373982,0.08240236897736075,148,17.5
honda,500,26,54,0,0,0.06808530174433584,0.014619006997451911,0.13336723438373982,0.08240236897736075,148,17.5
honda,500,27,48,0,0,0.06808530174433584,0.014619006997451911,0.13336723438373982,0.08240236897736075,148,17.5
honda,500,28,47,0,0,0.06808530174433584,0.014619006997451911,0.13336723438373982,0.08240236897736075,148,17.5
honda,500,29,46,0,2,0.06808530174433584,0.014619006997451911,0.13336723438373982,0.08240236897736075,148,17.5
honda,500,30,44,0,2,0.06808530174433584,0.014619006997451911,0.13336723438373982,0.08240236897736075,148,17.5
honda,500,31,39,0,2,0.06808530174433584,0.014619006997451911,0.13336723438373982,0.08240236897736075,148,17.5
honda,500,32,36,0,0,0.06808530174433584,0.014619006997451911,0.13336723438373982,0.08240236897736075,148,17.5
honda,500,33,33,0,0,0.06808530174433584,0.014619006997451911,0.13336723438373982,0.08240236897736075,148,17.5
honda,500,34,34,0,0,0.06808530174433584,0.014619006997451911,0.13336723438373982,0.08240236897736075,148,17.5
honda,500,35,29,0,3,0.06808530174433584,0.014619006997451911,0.13336723438373982,0.08240236897736075,148,17.5
honda,500,36,23,0,2,0.06808530174433584,0.014619006997451911,0.13336723438373982,0.08240236897736075,148,17.5
honda,520,0,0,0,0,0.0,0.0,0.0,0.0,269,18.0
honda,520,1,0,0,0,0.0,0.0,0.0,0.0,269,18.0
honda,520,2,0,0,0,0.0,0.0,0.0,0.0,269,18.0
honda,520,3,0,0,0,0.0,0.0,0.0,0.0,269,18.0
honda,520,4,7,0,0,0.0,0.0,0.0,0.0,269,18.0
honda,520,5,17,0,0,0.0,0.0,0.0,0.0,269,18.0
honda,520,6,32,0,1,0.0,0.0,0.0,0.0,269,18.0
honda,520,7,48,1,1,0.020182291666666664,0.0,0.06674418604651164,0.02083333333333337,269,18.0
honda,520,8,65,0,0,0.020182291666666664,0.0,0.06674418604651164,0.02083333333333337,269,18.0
honda,520,9,79,0,0,0.020182291666666664,0.0,0.06674418604651164,0.02083333333333337,269,18.0
honda,520,10,91,0,1,0.020182291666666664,0.0,0.06674418604651164,0.02083333333333337,269,18.0
honda,520,11,95,0,3,0.020182291666666664,0.0,0.06674418604651164,0.02083333333333337,269,18.0
honda,520,12,98,1,0,0.029255639773983624,0.0,0.08062504571721162,0.030824829931972886,269,18.0
honda,520,13,101,0,0,0.029255639773983624,0.0,0.08062504571721162,0.030824829931972886,269,18.0
honda,520,14,109,0,4,0.029255639773983624,0.0,0.08062504571721162,0.030824829931972886,269,18.0
honda,520,15,109,0,2,0.029255639773983624,0.0,0.08062504571721162,0.030824829931972886,269,18.0
honda,520,16,115,1,0,0.03649268935670319,0.0,0.09336239770547226,0.03925244010647744,269,18.0
honda,520,17,119,3,1,0.05729160496418295,0.017794329498445293,0.11969434402476424,0.06347296682648218,269,18.0
honda,520,18,121,2,4,0.07046998124440429,0.02594660337348297,0.1284951849106971,0.07895275249877165,269,18.0
honda,520,19,120,1,1,0.07678461987867702,0.03125731840785582,0.1417448045015077,0.08662814622794857,269,18.0
honda,520,20,124,1,2,0.08279371148225913,0.03467106939180144,0.1417448045015077,0.09399404827449731,269,18.0
honda,520,21,121,1,1,0.08880280308584124,0.04307613834382985,0.1469075339765639,0.10148170076809648,269,18.0
honda,520,22,122,0,1,0.08880280308584124,0.04307613834382985,0.1469075339765639,0.10148170076809648,269,18.0
honda,520,23,117,0,2,0.08880280308584124,0.04307613834382985,0.1469075339765639,0.10148170076809648,269,18.0
honda,520,24,108,1,1,0.09525740628175661,0.04433620054388719,0.15173677589941034,0.10980131464987342,269,18.0
honda,520,25,101,0,0,0.09525740628175661,0.04433620054388719,0.15173677589941034,0.10980131464987342,269,18.0
honda,520,26,92,0,1,0.09525740628175661,0.04433620054388719,0.15173677589941034,0.10980131464987342,269,18.0
honda,520,27,80,0,1,0.09525740628175661,0.04433620054388719,0.15173677589941034,0.10980131464987342,269,18.0
honda,520,28,72,0,1,0.09525740628175661,0.04433620054388719,0.15173677589941034,0.10980131464987342,269,18.0
honda,520,29,69,0,2,0.09525740628175661,0.04433620054388719,0.15173677589941034,0.10980131464987342,269,18.0
honda,520,30,65,2,0,0.11494688809216125,0.06135037405458545,0.17497991719838457,0.13719204342987734,269,18.0
honda,520,31,60,1,2,0.12528386604262368,0.06193162212499979,0.18939424582236983,0.15157217603937945,269,18.0
honda,520,32,58,1,0,0.13544262023531953,0.07112785992696674,0.20960487351436877,0.16620024196973504,269,18.0
honda,520,33,57,0,1,0.13544262023531953,0.07112785992696674,0.20960487351436877,0.16620024196973504,269,18.0
honda,520,34,54,1,1,0.1459776245833004,0.08233527222426222,0.21632031781201652,0.18164097822955472,269,18.0
honda,520,35,50,0,1,0.1459776245833004,0.08233527222426222,0.21632031781201652,0.18164097822955472,269,18.0
honda,520,36,47,0,1,0.1459776245833004,0.08233527222426222,0.21632031781201652,0.18164097822955472,269,18.0
honda,540,0,0,0,0,0.0,0.0,0.0,0.0,399,17.0
honda,540,1,0,0,0,0.0,0.0,0.0,0.0,399,17.0
honda,540,2,0,0,0,0.0,0.0,0.0,0.0,399,17.0
honda,540,3,0,0,0,0.0,0.0,0.0,0.0,399,17.0
honda,540,4,11,0,0,0.0,0.0,0.0,0.0,399,17.0
honda,540,5,24,0,0,0.0,0.0,0.0,0.0,399,17.0
honda,540,6,45,0,0,0.0,0.0,0.0,0.0,399,17.0
honda,540,7,70,0,1,0.0,0.0,0.0,0.0,399,17.0
honda,540,8,102,0,2,0.0,0.0,0.0,0.0,399,17.0
honda,540,9,121,0,1,0.0,0.0,0.0,0.0,399,17.0
honda,540,10,133,0,2,0.0,0.0,0.0,0.0,399,17.0
honda,540,11,142,1,2,0.006647801834344678,0.0,0.019999281842429262,0.007042253521126751,399,17.0
honda,540,12,144,0,2,0.006647801834344678,0.0,0.019999281842429262,0.007042253521126751,399,17.0
honda,540,13,150,1,3,0.01272253852908057,0.0,0.03180909490949806,0.013661971830985942,399,17.0
honda,540,14,159,0,2,0.01272253852908057,0.0,0.03180909490949806,0.013661971830985942,399,17.0
honda,540,15,163,3,2,0.028840736759979533,0.005666106611360865,0.056128586912020606,0.031815432472133476,399,17.0
honda,540,16,166,0,3,0.028840736759979533,0.005666106611360865,0.056128586912020606,0.031815432472133476,399,17.0
honda,540,17,175,0,1,0.028840736759979533,0.005666106611360865,0.056128586912020606,0.031815432472133476,399,17.0
honda,540,18,177,0,0,0.028840736759979533,0.005666106611360865,0.056128586912020606,0.031815432472133476,399,17.0
honda,540,19,184,0,2,0.028840736759979533,0.005666106611360865,0.056128586912020606,0.031815432472133476,399,17.0
honda,540,20,190,1,2,0.033155361256655705,0.010815886674206115,0.06077413006609145,0.03691114072228019,399,17.0
honda,540,21,193,2,2,0.041516343441924564,0.016687693223368043,0.0711370762083581,0.04689133615521002,399,17.0
honda,540,22,192,0,5,0.041516343441924564,0.016687693223368043,0.0711370762083581,0.04689133615521002,399,17.0
honda,540,23,179,0,2,0.041516343441924564,0.016687693223368043,0.0711370762083581,0.04689133615521002,399,17.0
honda,540,24,170,0,4,0.041516343441924564,0.016687693223368043,0.0711370762083581,0.04689133615521002,399,17.0
honda,540,25,156,1,1,0.04627938409320476,0.01907690441299795,0.07847952365337844,0.05300100707729194,399,17.0
honda,540,26,144,0,2,0.04627938409320476,0.01907690441299795,0.07847952365337844,0.05300100707729194,399,17.0
honda,540,27,125,0,1,0.04627938409320476,0.01907690441299795,0.07847952365337844,0.05300100707729194,399,17.0
honda,540,28,117,0,6,0.04627938409320476,0.01907690441299795,0.07847952365337844,0.05300100707729194,399,17.0
honda,540,29,105,0,0,0.04627938409320476,0.01907690441299795,0.07847952365337844,0.05300100707729194,399,17.0
honda,540,30,104,1,2,0.052824936601841524,0.02446496304181377,0.08693031748134723,0.062106766624625664,399,17.0
honda,540,31,98,0,1,0.052824936601841524,0.02446496304181377,0.08693031748134723,0.062106766624625664,399,17.0
honda,540,32,99,0,1,0.052824936601841524,0.02446496304181377,0.08693031748134723,0.062106766624625664,399,17.0
honda,540,33,96,1,1,0.059572282764206244,0.031018920503690785,0.09668262454890261,0.07187648780561906,399,17.0
honda,540,34,91,0,1,0.059572282764206244,0.031018920503690785,0.09668262454890261,0.07187648780561906,399,17.0
honda,540,35,86,0,0,0.059572282764206244,0.031018920503690785,0.09668262454890261,0.07187648780561906,399,17.0
honda,540,36,75,0,0,0.059572282764206244,0.031018920503690785,0.09668262454890261,0.07187648780561906,399,17.0
honda,560,0,0,0,0,0.0,0.0,0.0,0.0,574,16.0
honda,560,1,0,0,0,0.0,0.0,0.0,0.0,574,16.0
honda,560,2,0,0,0,0.0,0.0,0.0,0.0,574,16.0
honda,560,3,0,0,0,0.0,0.0,0.0,0.0,574,16.0
honda,560,4,22,0,0,0.0,0.0,0.0,0.0,574,16.0
honda,560,5,58,0,0,0.0,0.0,0.0,0.0,574,16.0
honda,560,6,93,0,0,0.0,0.0,0.0,0.0,574,16.0
honda,560,7,130,0,1,0.0,0.0,0.0,0.0,574,16.0
honda,560,8,163,0,1,0.0,0.0,0.0,0.0,574,16.0
honda,560,9,192,0,0,0.0,0.0,0.0,0.0,574,16.0
honda,560,10,214,2,1,0.009217008551909074,0.0,0.023535690438341025,0.009345794392523366,574,16.0
honda,560,11,226,0,1,0.009217008551909074,0.0,0.023535690438341025,0.009345794392523366,574,16.0
honda,560,12,231,1,5,0.01340788202432492,0.0,0.027681649698701696,0.013634340737144424,574,16.0
honda,560,13,243,1,3,0.017288320424709964,0.004085758376749569,0.03369251717786029,0.017693458676497742,574,16.0
honda,560,14,250,2,2,0.024707718646246164,0.007854207442854831,0.04151861920042998,0.02555191100708576,574,16.0
honda,560,15,258,1,5,0.028244873612327377,0.010125871091367117,0.048692324315719945,0.029328841584577714,574,16.0
honda,560,16,265,0,8,0.028244873612327377,0.010125871091367117,0.048692324315719945,0.029328841584577714,574,16.0
honda,560,17,262,1,4,0.03154431627721696,0.011707523097132301,0.05076941791144892,0.03303369333425488,574,16.0
honda,560,18,264,2,5,0.037968231162645916,0.016330981372785398,0.059941747272590586,0.04035919565748025,574,16.0
honda,560,19,269,0,6,0.037968231162645916,0.016330981372785398,0.059941747272590586,0.04035919565748025,574,16.0
honda,560,20,270,2,7,0.043946460971554475,0.02203069631657466,0.0691493039955684,0.04746764606001741,574,16.0
honda,560,21,270,1,1,0.04683593871252695,0.02289526636172943,0.07165017521375637,0.05099554366720249,574,16.0
honda,560,22,279,1,0,0.04961149439202739,0.02490478688169665,0.07494526654123489,0.05439699333147774,574,16.0
honda,560,23,268,1,5,0.052490615581956945,0.027916664293322745,0.07777971270940885,0.057925362759345345,574,16.0
honda,560,24,241,4,4,0.06501061146181661,0.038282284492996775,0.09561496583908254,0.07356145632350564,574,16.0
honda,560,25,222,0,7,0.06501061146181661,0.038282284492996775,0.09561496583908254,0.07356145632350564,574,16.0
honda,560,26,195,0,6,0.06501061146181661,0.038282284492996775,0.09561496583908254,0.07356145632350564,574,16.0
honda,560,27,179,1,2,0.06883498023080142,0.04074021054082351,0.0992738738160654,0.07873709064572076,574,16.0
honda,560,28,162,1,2,0.07298985000451333,0.04434437627519846,0.10457124886898672,0.08442389872815459,574,16.0
honda,560,29,151,1,3,0.07736484532915036,0.04434437627519846,0.1108112007642321,0.0904873166173722,574,16.0
honda,560,30,140,1,2,0.08195859042001925,0.05101963231234361,0.1130082483039982,0.09698383578439096,574,16.0
honda,560,31,141,0,4,0.08195859042001925,0.05101963231234361,0.1130082483039982,0.09698383578439096,574,16.0
honda,560,32,133,0,1,0.08195859042001925,0.05101963231234361,0.1130082483039982,0.09698383578439096,574,16.0
honda,560,33,131,1,1,0.086591351554864,0.05335650232901053,0.12020003282023393,0.10387708894634218,574,16.0
honda,560,34,123,0,1,0.086591351554864,0.05335650232901053,0.12020003282023393,0.10387708894634218,574,16.0
honda,560,35,114,0,3,0.086591351554864,0.05335650232901053,0.12020003282023393,0.10387708894634218,574,16.0
honda,560,36,109,0,0,0.086591351554864,0.05335650232901053,0.12020003282023393,0.10387708894634218,574,16.0
honda,580,0,0,0,0,0.0,0.0,0.0,0.0,772,15.0
honda,580,1,0,0,0,0.0,0.0,0.0,0.0,772,15.0
honda,580,2,0,0,0,0.0,0.0,0.0,0.0,772,15.0
honda,580,3,1,0,0,0.0,0.0,0.0,0.0,772,15.0
honda,580,4,30,0,1,0.0,0.0,0.0,0.0,772,15.0
honda,580,5,70,0,0,0.0,0.0,0.0,0.0,772,15.0
honda,580,6,114,0,0,0.0,0.0,0.0,0.0,772,15.0
honda,580,7,166,0,1,0.0,0.0,0.0,0.0,772,15.0
honda,580,8,227,0,3,0.0,0.0,0.0,0.0,772,15.0
honda,580,9,262,1,2,0.0036188740569433804,0.0,0.011404354404293052,0.003816793893129722,772,15.0
honda,580,10,287,1,3,0.006884687230282529,0.0,0.017060562101568345,0.007287815517195484,772,15.0
honda,580,11,303,2,1,0.012985183125034865,0.0030164492416876443,0.026695314174643967,0.01384037119034931,772,15.0
honda,580,12,316,1,5,0.01588098813836667,0.003218096290645722,0.030183090745557146,0.016961129509367234,772,15.0
honda,580,13,331,2,4,0.02130515462859543,0.008627553755320249,0.039643362474871484,0.02290094141565502,772,15.0
honda,580,14,345,1,5,0.02386001565660173,0.010519993710592621,0.042951011821522625,0.025733112599957364,772,15.0
honda,580,15,360,0,6,0.02386001565660173,0.010519993710592621,0.042951011821522625,0.025733112599957364,772,15.0
honda,580,16,370,1,5,0.026161807342239298,0.01126584771023512,0.04572870951839607,0.028366266349687197,772,15.0
honda,580,17,383,3,10,0.03272461810128949,0.016273464989617223,0.054730381592174505,0.03597697444616488,772,15.0
honda,580,18,384,1,7,0.0348324653068872,0.01767230056452252,0.056623163860698295,0.03848745107521134,772,15.0
honda,580,19,388,0,5,0.0348324653068872,0.01767230056452252,0.056623163860698295,0.03848745107521134,772,15.0
honda,580,20,392,2,5,0.038823981985612696,0.021533175962694752,0.06014122637611525,0.043393127345235705,772,15.0
honda,580,21,396,2,8,0.04270462320104026,0.0236870093633408,0.06293575539574542,0.04822447518692652,772,15.0
honda,580,22,398,1,4,0.04458644167987825,0.024303973205153092,0.06484442467642314,0.05061587097791409,772,15.0
honda,580,23,378,0,7,0.04458644167987825,0.024303973205153092,0.06484442467642314,0.05061587097791409,772,15.0
honda,580,24,346,2,5,0.048782159630607905,0.029663557822928368,0.07072451462271875,0.05610364050983374,772,15.0
honda,580,25,319,1,9,0.051011545814459554,0.031673581046698034,0.07303054506642354,0.059062563266856216,772,15.0
honda,580,26,280,3,6,0.05839240650171127,0.037504622407642005,0.08046340166877375,0.06914403580328277,772,15.0
honda,580,27,238,1,5,0.06119382561409953,0.040568807847281535,0.08376468782481543,0.07305519531671434,772,15.0
honda,580,28,216,2,3,0.0672116888925632,0.04570819734459751,0.0927218007611422,0.08163801758230038,772,15.0
honda,580,29,197,0,6,0.0672116888925632,0.04570819734459751,0.0927218007611422,0.08163801758230038,772,15.0
honda,580,30,189,0,4,0.0672116888925632,0.04570819734459751,0.0927218007611422,0.08163801758230038,772,15.0
honda,580,31,180,0,3,0.0672116888925632,0.04570819734459751,0.0927218007611422,0.08163801758230038,772,15.0
honda,580,32,171,0,2,0.0672116888925632,0.04570819734459751,0.0927218007611422,0.08163801758230038,772,15.0
honda,580,33,158,0,5,0.0672116888925632,0.04570819734459751,0.0927218007611422,0.08163801758230038,772,15.0
honda,580,34,143,0,1,0.0672116888925632,0.04570819734459751,0.0927218007611422,0.08163801758230038,772,15.0
honda,580,35,133,0,4,0.0672116888925632,0.04570819734459751,0.0927218007611422,0.08163801758230038,772,15.0
honda,580,36,120,0,0,0.0672116888925632,0.04570819734459751,0.0927218007611422,0.08163801758230038,772,15.0
honda,600,0,0,0,0,0.0,0.0,0.0,0.0,680,9.0
honda,600,1,0,0,0,0.0,0.0,0.0,0.0,680,9.0
honda,600,2,0,0,0,0.0,0.0,0.0,0.0,680,9.0
honda,600,3,2,0,0,0.0,0.0,0.0,0.0,680,9.0
honda,600,4,37,0,0,0.0,0.0,0.0,0.0,680,9.0
honda,600,5,97,0,2,0.0,0.0,0.0,0.0,680,9.0
honda,600,6,172,0,2,0.0,0.0,0.0,0.0,680,9.0
honda,600,7,248,0,1,0.0,0.0,0.0,0.0,680,9.0
honda,600,8,331,0,3,0.0,0.0,0.0,0.0,680,9.0
honda,600,9,369,0,1,0.0,0.0,0.0,0.0,680,9.0
honda,600,10,396,4,3,0.009623869510104344,0.002286819819320966,0.017926898273844562,0.010101010101010055,680,9.0
honda,600,11,407,1,3,0.011923430467985541,0.002344317805654386,0.021121379643185386,0.01253319435137612,680,9.0
honda,600,12,419,1,6,0.014135180028907075,0.002393119760695038,0.024157793187787827,0.014889917037888445,680,9.0
honda,600,13,426,1,3,0.016274242984540107,0.006479575058107225,0.025977914255413233,0.01720238202136759,680,9.0
honda,600,14,439,0,5,0.016274242984540107,0.006479575058107225,0.025977914255413233,0.01720238202136759,680,9.0
honda,600,15,442,0,5,0.016274242984540107,0.006479575058107225,0.025977914255413233,0.01720238202136759,680,9.0
honda,600,16,446,3,5,0.02220905258452211,0.008874218349134244,0.03491914948406423,0.023813128330640976,680,9.0
honda,600,17,445,2,3,0.026103354614173225,0.011363261106872621,0.04091631995486154,0.028200485057244817,680,9.0
honda,600,18,452,5,10,0.035580638314651594,0.020522426027522835,0.04989140834722244,0.038950479691567286,680,9.0
honda,600,19,446,0,6,0.035580638314651594,0.020522426027522835,0.04989140834722244,0.038950479691567286,680,9.0
honda,600,20,451,2,13,0.03920445804743869,0.0215158692882545,0.05412725147324491,0.04321234009204811,680,9.0
honda,600,21,439,2,8,0.04280351363626596,0.02423552582431769,0.05735138944330518,0.047571281595045645,680,9.0
honda,600,22,432,0,10,0.04280351363626596,0.02423552582431769,0.05735138944330518,0.047571281595045645,680,9.0
honda,600,23,398,0,9,0.04280351363626596,0.02423552582431769,0.05735138944330518,0.047571281595045645,680,9.0
honda,600,24,352,1,9,0.0448974738277287,0.027353469775800006,0.05929693912478465,0.05027704499960517,680,9.0
honda,600,25,290,1,11,0.047366902743177855,0.029982282354494114,0.06307069004112835,0.053551951740985815,680,9.0
honda,600,26,230,0,1,0.047366902743177855,0.029982282354494114,0.06307069004112835,0.053551951740985815,680,9.0
honda,600,27,177,1,1,0.05122857760476774,0.03133238540736747,0.07030640194372546,0.058899115855443496,680,9.0
honda,600,28,146,0,2,0.05122857760476774,0.03133238540736747,0.07030640194372546,0.058899115855443496,680,9.0
honda,600,29,124,0,2,0.05122857760476774,0.03133238540736747,0.07030640194372546,0.058899115855443496,680,9.0
honda,600,30,112,0,1,0.05122857760476774,0.03133238540736747,0.07030640194372546,0.058899115855443496,680,9.0
honda,600,31,109,1,1,0.057191236888093695,0.03700813027097555,0.07804049523525722,0.06753306892098987,680,9.0
honda,600,32,99,1,1,0.06363572722461772,0.037117040988046454,0.08998305275109579,0.07695192681067675,680,9.0
honda,600,33,88,0,1,0.06363572722461772,0.037117040988046454,0.08998305275109579,0.07695192681067675,680,9.0
honda,600,34,83,0,5,0.06363572722461772,0.037117040988046454,0.08998305275109579,0.07695192681067675,680,9.0
honda,600,35,73,0,3,0.06363572722461772,0.037117040988046454,0.08998305275109579,0.07695192681067675,680,9.0
honda,600,36,65,0,1,0.06363572722461772,0.037117040988046454,0.08998305275109579,0.07695192681067675,680,9.0
honda,620,0,0,0,0,0.0,0.0,0.0,0.0,1400,9.0
honda,620,1,0,0,0,0.0,0.0,0.0,0.0,1400,9.0
honda,620,2,0,0,0,0.0,0.0,0.0,0.0,1400,9.0
honda,620,3,3,0,0,0.0,0.0,0.0,0.0,1400,9.0
honda,620,4,61,0,0,0.0,0.0,0.0,0.0,1400,9.0
honda,620,5,183,0,3,0.0,0.0,0.0,0.0,1400,9.0
honda,620,6,321,0,2,0.0,0.0,0.0,0.0,1400,9.0
honda,620,7,465,1,7,0.0021021035862612046,0.0,0.006448614023171144,0.0021505376344086446,1400,9.0
honda,620,8,614,0,5,0.0021021035862612046,0.0,0.006448614023171144,0.0021505376344086446,1400,9.0
honda,620,9,693,0,8,0.0021021035862612046,0.0,0.006448614023171144,0.0021505376344086446,1400,9.0
honda,620,10,745,0,12,0.0021021035862612046,0.0,0.006448614023171144,0.0021505376344086446,1400,9.0
honda,620,11,789,0,9,0.0021021035862612046,0.0,0.006448614023171144,0.0021505376344086446,1400,9.0
honda,620,12,815,2,8,0.004350196516590851,0.0,0.01118029393645072,0.0045992479715021295,1400,9.0
honda,620,13,852,3,13,0.007536314137920718,0.0011199365434074672,0.014472848530703616,0.00810418019695458,1400,9.0
honda,620,14,880,1,15,0.008545251384675176,0.0020684662296871904,0.014804350527269673,0.009231334537639801,1400,9.0
honda,620,15,883,1,18,0.009532478769947941,0.0021326065047267786,0.01650076091568835,0.010353382856396753,1400,9.0
honda,620,16,891,2,17,0.011447101577749667,0.0031016658793314588,0.018454196600360573,0.012574811851107426,1400,9.0
honda,620,17,892,4,20,0.015190489668339588,0.00701483804734517,0.023739578481468508,0.017002727493030778,1400,9.0
honda,620,18,891,3,9,0.017925557734528183,0.009444325789345821,0.026002078872567846,0.02031248261931684,1400,9.0
honda,620,19,893,6,13,0.023309935853631822,0.013152582190529552,0.03386818176767029,0.026894929544606927,1400,9.0
honda,620,20,888,2,12,0.025076432278593002,0.015086228956968251,0.03416424075589107,0.029086607631218175,1400,9.0
honda,620,21,882,2,15,0.026826906060243877,0.01666613967518345,0.03745895787905201,0.03128822530098874,1400,9.0
honda,620,22,874,3,12,0.02942557852213405,0.018784877798002822,0.04029094527086049,0.03461332292581376,1400,9.0
honda,620,23,833,5,19,0.0338918843339861,0.02206455465273347,0.04574647854278918,0.040407960843425905,1400,9.0
honda,620,24,732,0,15,0.0338918843339861,0.02206455465273347,0.04574647854278918,0.040407960843425905,1400,9.0
honda,620,25,619,2,6,0.03617892767471919,0.0242438961137923,0.04809597200884964,0.04350841977446496,1400,9.0
honda,620,26,513,2,15,0.038902872082492906,0.026838240627575047,0.05056642092554948,0.04723743178314155,1400,9.0
honda,620,27,399,0,14,0.038902872082492906,0.026838240627575047,0.05056642092554948,0.04723743178314155,1400,9.0
honda,620,28,336,1,6,0.0408428575525239,0.027888612369003005,0.053591261590587726,0.050073034664739335,1400,9.0
honda,620,29,293,0,6,0.0408428575525239,0.027888612369003005,0.053591261590587726,0.050073034664739335,1400,9.0
honda,620,30,260,2,5,0.04565197406700896,0.03153815940538574,0.05931417278225434,0.05738016516731825,1400,9.0
honda,620,31,237,1,2,0.04821886537115394,0.03291556628594836,0.06074672006170234,0.06135746404846876,1400,9.0
honda,620,32,211,1,7,0.05106555999281236,0.03569883502372519,0.0655841841536141,0.06580600687288363,1400,9.0
honda,620,33,181,0,3,0.05106555999281236,0.03569883502372519,0.0655841841536141,0.06580600687288363,1400,9.0
honda,620,34,168,0,5,0.05106555999281236,0.03569883502372519,0.0655841841536141,0.06580600687288363,1400,9.0
honda,620,35,148,0,3,0.05106555999281236,0.03569883502372519,0.0655841841536141,0.06580600687288363,1400,9.0
honda,620,36,139,0,3,0.05106555999281236,0.03569883502372519,0.0655841841536141,0.06580600687288363,1400,9.0
honda,640,0,0,0,0,0.0,0.0,0.0,0.0,2220,10.0
honda,640,1,0,0,0,0.0,0.0,0.0,0.0,2220,10.0
honda,640,2,0,0,0,0.0,0.0,0.0,0.0,2220,10.0
honda,640,3,4,0,0,0.0,0.0,0.0,0.0,2220,10.0
honda,640,4,95,0,1,0.0,0.0,0.0,0.0,2220,10.0
honda,640,5,267,0,1,0.0,0.0,0.0,0.0,2220,10.0
honda,640,6,476,0,4,0.0,0.0,0.0,0.0,2220,10.0
honda,640,7,681,1,6,0.0014353656788822211,0.0,0.004328933213129255,0.001468428781204123,2220,10.0
honda,640,8,917,0,6,0.0014353656788822211,0.0,0.004328933213129255,0.001468428781204123,2220,10.0
honda,640,9,1046,1,15,0.0023542055048518373,0.0,0.005912090471891269,0.002423047874147488,2220,10.0
honda,640,10,1109,1,10,0.0032075914568344384,0.0,0.007172476567839732,0.0033225762349462507,2220,10.0
honda,640,11,1158,1,18,0.004016760520113277,0.0008436103249255995,0.007996206494935976,0.004183264856505109,2220,10.0
honda,640,12,1207,1,11,0.004780342593911619,0.0008436103249255995,0.00887490489810826,0.005008299434088759,2220,10.0
honda,640,13,1275,0,23,0.004780342593911619,0.0008436103249255995,0.00887490489810826,0.005008299434088759,2220,10.0
honda,640,14,1316,2,15,0.006142075335901785,0.0022000853928857587,0.01081131081668989,0.006520444875678377,2220,10.0
honda,640,15,1339,1,18,0.006802602158846231,0.0028601263270258814,0.012171721471456799,0.007262401227526305,2220,10.0
honda,640,16,1348,2,20,0.00809621552128936,0.003539327912831995,0.014306153733985236,0.008735305676743632,2220,10.0
honda,640,17,1370,1,18,0.008722248849245414,0.004221152871334027,0.015738430274312775,0.009458856548512418,2220,10.0
honda,640,18,1383,3,16,0.010556893157420314,0.005616790447389208,0.01698373327241175,0.011607535818472181,2220,10.0
honda,640,19,1383,3,23,0.01236633266309679,0.00713407302884957,0.019272128888855874,0.013751554178952685,2220,10.0
honda,640,20,1379,2,33,0.013553380963412466,0.00720299757561177,0.01995490136922427,0.015181936261361773,2220,10.0
honda,640,21,1376,1,25,0.014133102226357332,0.00788430672457887,0.02100439977606516,0.01589764706349739,2220,10.0
honda,640,22,1365,0,18,0.014133102226357332,0.00788430672457887,0.02100439977606516,0.01589764706349739,2220,10.0
honda,640,23,1289,3,19,0.01593054999761214,0.009158375594078965,0.02261551790642289,0.018188032679331,2220,10.0
honda,640,24,1149,1,21,0.01659123068405828,0.010196413627340622,0.024326980029355558,0.01904252525315231,2220,10.0
honda,640,25,1005,2,18,0.018072996124107635,0.011846666533781955,0.02574598797749448,0.020994679431752927,2220,10.0
honda,640,26,861,3,22,0.0206157469227986,0.01349056970524501,0.028531161017410458,0.02440584779610222,2220,10.0
honda,640,27,669,2,9,0.022734072451154996,0.015440563466235818,0.03028580151132151,0.027322422242152755,2220,10.0
honda,640,28,563,1,10,0.023971957173764685,0.015862483180864365,0.031577492395584515,0.0290500911191649,2220,10.0
honda,640,29,511,0,10,0.023971957173764685,0.015862483180864365,0.031577492395584515,0.0290500911191649,2220,10.0
honda,640,30,470,0,12,0.023971957173764685,0.015862483180864365,0.031577492395584515,0.0290500911191649,2220,10.0
honda,640,31,415,0,5,0.023971957173764685,0.015862483180864365,0.031577492395584515,0.0290500911191649,2220,10.0
honda,640,32,366,1,5,0.025734170175829702,0.017188188729351354,0.03456580861498626,0.03170295972266446,2220,10.0
honda,640,33,328,0,11,0.025734170175829702,0.017188188729351354,0.03456580861498626,0.03170295972266446,2220,10.0
honda,640,34,302,0,3,0.025734170175829702,0.017188188729351354,0.03456580861498626,0.03170295972266446,2220,10.0
honda,640,35,287,0,6,0.025734170175829702,0.017188188729351354,0.03456580861498626,0.03170295972266446,2220,10.0
honda,640,36,257,2,9,0.030359384493910572,0.019908699390253894,0.04061112072558051,0.03923834525011449,2220,10.0
honda,660,0,0,0,0,0.0,0.0,0.0,0.0,4163,12.0
honda,660,1,0,0,0,0.0,0.0,0.0,0.0,4163,12.0
honda,660,2,0,0,0,0.0,0.0,0.0,0.0,4163,12.0
honda,660,3,12,0,0,0.0,0.0,0.0,0.0,4163,12.0
honda,660,4,170,0,3,0.0,0.0,0.0,0.0,4163,12.0
honda,660,5,442,0,3,0.0,0.0,0.0,0.0,4163,12.0
honda,660,6,823,0,6,0.0,0.0,0.0,0.0,4163,12.0
honda,660,7,1163,0,14,0.0,0.0,0.0,0.0,4163,12.0
honda,660,8,1512,0,15,0.0,0.0,0.0,0.0,4163,12.0
honda,660,9,1722,1,10,0.0005501855728685588,0.0,0.0016883715015847344,0.0005807200929152101,4163,12.0
honda,660,10,1896,0,22,0.0005501855728685588,0.0,0.0016883715015847344,0.0005807200929152101,4163,12.0
honda,660,11,1975,1,24,0.001021296699142064,0.0,0.0025952003793738615,0.001086755171349152,4163,12.0
honda,660,12,2067,0,22,0.001021296699142064,0.0,0.0025952003793738615,0.001086755171349152,4163,12.0
honda,660,13,2210,1,30,0.0014325586530519582,0.0,0.0030654795185872034,0.001538752114710551,4163,12.0
honda,660,14,2316,2,42,0.0022064272174471735,0.0007669659180088805,0.004180451144568901,0.0024009811716063645,4163,12.0
honda,660,15,2352,4,46,0.0037015202262107192,0.0016778712037621678,0.006051486956981626,0.004097578142402858,4163,12.0
honda,660,16,2383,0,28,0.0037015202262107192,0.0016778712037621678,0.006051486956981626,0.004097578142402858,4163,12.0
honda,660,17,2445,2,23,0.0043970753272321,0.0022447753356300356,0.006801181213671239,0.004912222250261777,4163,12.0
honda,660,18,2495,2,27,0.005071721958282899,0.00279632520081196,0.007802976519465149,0.005709887803568181,4163,12.0
honda,660,19,2531,3,49,0.006057702949297084,0.00355112761913715,0.008846756423246983,0.006888422112769743,4163,12.0
honda,660,20,2559,1,41,0.0063760886307773715,0.0035883614021285366,0.009377868240165234,0.007276507918899999,4163,12.0
honda,660,21,2559,4,45,0.007628729131419628,0.004774673944459032,0.01094726897340131,0.008828244522387507,4163,12.0
honda,660,22,2552,5,34,0.009168760311186507,0.006139542474650836,0.012681638498987171,0.010770195453965958,4163,12.0
honda,660,23,2405,4,55,0.010456111115262737,0.006909460664036617,0.014172656073383744,0.012415484110175568,4163,12.0
honda,660,24,2166,4,35,0.01185044398061954,0.008052412113168225,0.015972681499015387,0.014239278230009034,4163,12.0
honda,660,25,1873,1,30,0.012246299026617127,0.008450737203986312,0.01614235503108846,0.014765578668754387,4163,12.0
honda,660,26,1619,3,21,0.013597438609188262,0.009029346398963271,0.01809995827590497,0.01659121379166595,4163,12.0
honda,660,27,1339,1,21,0.014133925448670702,0.00974173371050995,0.018696536499231003,0.017325649031552648,4163,12.0
honda,660,28,1174,0,26,0.014133925448670702,0.00974173371050995,0.018696536499231003,0.017325649031552648,4163,12.0
honda,660,29,1030,2,14,0.015475489492273904,0.011130601983943486,0.019925719133696444,0.01923375456741372,4163,12.0
honda,660,30,953,1,22,0.0161892071943797,0.01164504828734233,0.020873452026134328,0.020262890186965254,4163,12.0
honda,660,31,873,1,23,0.016949525021365257,0.012180512734417316,0.021650685410130717,0.02138515491756432,4163,12.0
honda,660,32,756,1,10,0.017803374009606972,0.012507303413788095,0.023036303791149463,0.02267961899836113,4163,12.0
honda,660,33,676,0,22,0.017803374009606972,0.012507303413788095,0.023036303791149463,0.02267961899836113,4163,12.0
honda,660,34,635,1,9,0.018772532194718583,0.012988940144052916,0.025229114254498492,0.024218706212536967,4163,12.0
honda,660,35,593,1,8,0.019793988966547854,0.014076580104192223,0.025389412763272674,0.025864205864792322,4163,12.0
honda,660,36,536,0,12,0.019793988966547854,0.014076580104192223,0.025389412763272674,0.025864205864792322,4163,12.0
honda,680,0,0,0,0,0.0,0.0,0.0,0.0,6230,11.0
honda,680,1,0,0,0,0.0,0.0,0.0,0.0,6230,11.0
honda,680,2,0,0,0,0.0,0.0,0.0,0.0,6230,11.0
honda,680,3,20,0,0,0.0,0.0,0.0,0.0,6230,11.0
honda,680,4,256,0,1,0.0,0.0,0.0,0.0,6230,11.0
honda,680,5,715,0,1,0.0,0.0,0.0,0.0,6230,11.0
honda,680,6,1307,0,7,0.0,0.0,0.0,0.0,6230,11.0
honda,680,7,1834,0,17,0.0,0.0,0.0,0.0,6230,11.0
honda,680,8,2399,1,21,0.00040858789682237214,0.0,0.0012458791723683389,0.00041684035014588616,6230,11.0
honda,680,9,2708,0,32,0.00040858789682237214,0.0,0.0012458791723683389,0.00041684035014588616,6230,11.0
honda,680,10,2942,1,30,0.0007348070531803972,0.0,0.0018314519909028678,0.000756603490747465,6230,11.0
honda,680,11,3088,1,31,0.0010423277669622014,0.0,0.002349022919834909,0.0010801926735548584,6230,11.0
honda,680,12,3241,1,51,0.0013322948454309435,0.00028910748615206124,0.002669820905464457,0.0013884061284534788,6230,11.0
honda,680,13,3403,1,44,0.0016040271443544872,0.00030116320807459414,0.0031029574972977303,0.0016818564939755642,6230,11.0
honda,680,14,3573,2,45,0.0021147895623703054,0.0006858787826059759,0.003833071567645269,0.002240668776934518,6230,11.0
honda,680,15,3671,2,52,0.0026053774909793426,0.0010342977383927326,0.004450254612893448,0.002784258714947585,6230,11.0
honda,680,16,3721,2,47,0.003082253744077673,0.0015004955756155855,0.005121317922460962,0.0033202521260118356,6230,11.0
honda,680,17,3789,2,40,0.0035444046021872186,0.0018424623216459141,0.005840082821687167,0.0038463433098988586,6230,11.0
honda,680,18,3861,2,45,0.003992909980414742,0.0021863803320899193,0.006293590982299206,0.004362351420072463,6230,11.0
honda,680,19,3911,1,56,0.00421160078999794,0.0023660111244701125,0.006365031156450342,0.004616925096518343,6230,11.0
honda,680,20,3954,3,60,0.0048510805928307504,0.0028528001980873794,0.0071943450374623965,0.005372147459874577,6230,11.0
honda,680,21,3977,3,62,0.005476732067012915,0.0035180351742267854,0.00827516591954218,0.006122432488192553,6230,11.0
honda,680,22,3952,2,59,0.005889611379934748,0.00394533876687691,0.008668786925706072,0.00662540696567826,6230,11.0
honda,680,23,3739,2,69,0.006319275302528717,0.004243135977540336,0.009414035254686858,0.0071567654000374015,6230,11.0
honda,680,24,3348,0,51,0.006319275302528717,0.004243135977540336,0.009414035254686858,0.0071567654000374015,6230,11.0
honda,680,25,2883,2,46,0.006857603429098784,0.004517368657952076,0.009987432641065731,0.007845522413287398,6230,11.0
honda,680,26,2489,2,36,0.007470765437466055,0.005071091294130719,0.010488253846454913,0.008642753813517867,6230,11.0
honda,680,27,2035,2,23,0.008209271620516758,0.005813347510958427,0.011519634391004832,0.009617060689376844,6230,11.0
honda,680,28,1793,1,26,0.008623214015366707,0.005967164191484652,0.011928053825822623,0.01016942150327016,6230,11.0
honda,680,29,1594,1,20,0.009081822716310877,0.006238049090420397,0.012387928392135933,0.01079039426267836,6230,11.0
honda,680,30,1485,1,29,0.00956760822916285,0.0067893469896276055,0.013292704843127962,0.01145652867731628,6230,11.0
honda,680,31,1337,2,21,0.01062492748301419,0.0074439805359667885,0.014360321568391753,0.012935277325517691,6230,11.0
honda,680,32,1175,0,20,0.01062492748301419,0.0074439805359667885,0.014360321568391753,0.012935277325517691,6230,11.0
honda,680,33,1039,1,22,0.011282131305016756,0.008151708469320004,0.015090619351420195,0.013885291495560503,6230,11.0
honda,680,34,969,0,20,0.011282131305016756,0.008151708469320004,0.015090619351420195,0.013885291495560503,6230,11.0
honda,680,35,900,3,16,0.013461922876787385,0.009700580083408806,0.017350113670013455,0.01717234052390859,6230,11.0
honda,680,36,829,0,15,0.013461922876787385,0.009700580083408806,0.017350113670013455,0.01717234052390859,6230,11.0
honda,700,0,0,0,0,0.0,0.0,0.0,0.0,8023,13.0
honda,700,1,0,0,0,0.0,0.0,0.0,0.0,8023,13.0
honda,700,2,0,0,0,0.0,0.0,0.0,0.0,8023,13.0
honda,700,3,30,0,1,0.0,0.0,0.0,0.0,8023,13.0
honda,700,4,298,0,4,0.0,0.0,0.0,0.0,8023,13.0
honda,700,5,804,0,11,0.0,0.0,0.0,0.0,8023,13.0
honda,700,6,1395,0,6,0.0,0.0,0.0,0.0,8023,13.0
honda,700,7,1952,0,10,0.0,0.0,0.0,0.0,8023,13.0
honda,700,8,2604,0,28,0.0,0.0,0.0,0.0,8023,13.0
honda,700,9,2978,1,33,0.0003095298831977572,0.0,0.0009753481541467253,0.000335795836131636,8023,13.0
honda,700,10,3306,0,28,0.0003095298831977572,0.0,0.0009753481541467253,0.000335795836131636,8023,13.0
honda,700,11,3494,0,47,0.0003095298831977572,0.0,0.0009753481541467253,0.000335795836131636,8023,13.0
honda,700,12,3689,2,50,0.0007927958510447672,0.0,0.0018958955215668863,0.0008777661284405935,8023,13.0
honda,700,13,3898,1,53,0.0010182497152135173,0.00023044485780550374,0.002127514902204012,0.0011340827610397675,8023,13.0
honda,700,14,4124,3,57,0.001648689570110226,0.0005017496521076536,0.0030925117734966006,0.001860706852144678,8023,13.0
honda,700,15,4253,1,39,0.0018494974367377222,0.0006713217692322459,0.003277494016988901,0.0020953974924333707,8023,13.0
honda,700,16,4418,2,64,0.002232477763628461,0.0008080311282689743,0.003857371315503646,0.0025471424460357106,8023,13.0
honda,700,17,4533,4,67,0.0029678540630454007,0.0014791818073830647,0.004812162689671746,0.00342731262697904,8023,13.0
honda,700,18,4628,6,56,0.004031353106260089,0.0023689211906754415,0.006042032779080342,0.004719325618387393,8023,13.0
honda,700,19,4702,8,60,0.00540833783086473,0.0034786272277210965,0.007420470561138942,0.00641269979853476,8023,13.0
honda,700,20,4755,5,78,0.006247053290094213,0.004113873668224782,0.008558129372412874,0.007457481397064147,8023,13.0
honda,700,21,4786,5,82,0.007065790988698506,0.004659214780597799,0.009273530366839337,0.008494404212152862,8023,13.0
honda,700,22,4793,4,75,0.007707935523769078,0.005239851634249687,0.01012279507992195,0.009321865589818512,8023,13.0
honda,700,23,4552,3,69,0.008206683767121893,0.005492115228992697,0.010636668767338238,0.009974772971899082,8023,13.0
honda,700,24,4159,3,69,0.008743926404828219,0.006077628168432356,0.011230928748515194,0.010688905138545923,8023,13.0
honda,700,25,3706,1,56,0.00894141791951663,0.006210221180445808,0.011476489763635932,0.010955853626096301,8023,13.0
honda,700,26,3314,5,48,0.010028693926001258,0.007106901707904959,0.013340745078383407,0.012448074728048542,8023,13.0
honda,700,27,2832,3,43,0.010779881861837355,0.007587964066339074,0.01430035342580111,0.01349421024210784,8023,13.0
honda,700,28,2552,2,37,0.011326592830813154,0.008123195012337542,0.014729214144661284,0.01426733390179269,8023,13.0
honda,700,29,2297,1,34,0.011625653489288597,0.008569658246243278,0.015071713177773427,0.01469647306857469,8023,13.0
honda,700,30,2163,2,38,0.012251150677889108,0.009205087929559208,0.015812441593150022,0.015607525798053579,8023,13.0
honda,700,31,1987,3,30,0.013253614591879207,0.009886054983567741,0.016874833292401428,0.01709377513001431,8023,13.0
honda,700,32,1803,2,31,0.013977894306405609,0.010249708580427504,0.01793594450420374,0.01818407598954841,8023,13.0
honda,700,33,1637,2,29,0.014761018982466532,0.01108134973934937,0.018688611984670696,0.019383606745822624,8023,13.0
honda,700,34,1528,2,30,0.015584119918169308,0.011852402382588917,0.019977719790763397,0.020667136056364832,8023,13.0
honda,700,35,1374,1,30,0.016032212712860486,0.011980675986312882,0.020298963911118368,0.02137989651047234,8023,13.0
honda,700,36,1245,1,28,0.016515577068900847,0.01279447893865304,0.020780175888490543,0.022165936754239057,8023,13.0
honda,720,0,0,0,0,0.0,0.0,0.0,0.0,8911,11.0
honda,720,1,0,0,0,0.0,0.0,0.0,0.0,8911,11.0
honda,720,2,0,0,0,0.0,0.0,0.0,0.0,8911,11.0
honda,720,3,34,0,1,0.0,0.0,0.0,0.0,8911,11.0
honda,720,4,373,0,4,0.0,0.0,0.0,0.0,8911,11.0
honda,720,5,1007,0,9,0.0,0.0,0.0,0.0,8911,11.0
honda,720,6,1742,0,19,0.0,0.0,0.0,0.0,8911,11.0
honda,720,7,2433,0,27,0.0,0.0,0.0,0.0,8911,11.0
honda,720,8,3235,3,24,0.0008631598651197228,0.0,0.002061563631454418,0.0009273570324574987,8911,11.0
honda,720,9,3715,1,53,0.0011116135974933495,0.0,0.002256507758260707,0.0011962864114527516,8911,11.0
honda,720,10,4117,1,46,0.0013325485292931668,0.00025514093559203456,0.002559223934612985,0.001438891151211985,8911,11.0
honda,720,11,4299,0,52,0.0013325485292931668,0.00025514093559203456,0.002559223934612985,0.001438891151211985,8911,11.0
honda,720,12,4442,3,61,0.0019325002631377542,0.0006687355335020395,0.0033904319696771855,0.0021132908195025113,8911,11.0
honda,720,13,4562,3,65,0.002508254031391065,0.001103656235526996,0.004171842466908822,0.00276950741913895,8911,11.0
honda,720,14,4673,3,74,0.0030619534609931144,0.0015895032964087772,0.004814373290811412,0.0034097153108022527,8911,11.0
honda,720,15,4715,5,70,0.0039614948460942176,0.0022349902090639563,0.005989313768836372,0.004466544880992185,8911,11.0
honda,720,16,4812,5,55,0.004828883047854217,0.002967000860433548,0.006969219504603927,0.005500972826876449,8911,11.0
honda,720,17,4936,4,53,0.005496926602921238,0.0036415120066009927,0.00762961583378705,0.006306887759755853,8911,11.0
honda,720,18,5076,1,58,0.005657455784618046,0.0037968830485908818,0.007954409023441633,0.006502650784231845,8911,11.0
honda,720,19,5157,1,74,0.005813626989693262,0.003992297588807322,0.007977834052363927,0.006695301036164336,8911,11.0
honda,720,20,5247,7,79,0.006872448115926485,0.004770657901286151,0.00928574106519759,0.008020464537736083,8911,11.0
honda,720,21,5299,3,72,0.007314410952512067,0.005099524536315205,0.009543974478253522,0.008582068350981409,8911,11.0
honda,720,22,5320,2,91,0.0076037359974147085,0.005249240021074157,0.010029604863031621,0.008954781859120131,8911,11.0
honda,720,23,5006,4,90,0.0082079317663744,0.005771282314890185,0.010654990885976027,0.00974666777053912,8911,11.0
honda,720,24,4522,4,92,0.008864236414125396,0.006650713943824198,0.01134551451435342,0.010622610567734614,8911,11.0
honda,720,25,3952,1,70,0.009047991751356286,0.006776500125042499,0.011534663096803805,0.01087295909744923,8911,11.0
honda,720,26,3452,1,60,0.009254583426846751,0.0070522105045813695,0.011864078717530473,0.01115949647893899,8911,11.0
honda,720,27,2862,1,44,0.009499360635647647,0.007082210210054222,0.012242458610496406,0.011505003293586502,8911,11.0
honda,720,28,2524,1,46,0.009772552948322816,0.007149648321138888,0.012605087696812869,0.011896641564864807,8911,11.0
honda,720,29,2213,1,38,0.01007833575830763,0.007405318711278867,0.012863414675360686,0.012343141049019901,8911,11.0
honda,720,30,2047,0,29,0.01007833575830763,0.007405318711278867,0.012863414675360686,0.012343141049019901,8911,11.0
honda,720,31,1924,2,27,0.0107595768782338,0.007918875117496163,0.013491562284634573,0.013369811380569696,8911,11.0
honda,720,32,1816,2,25,0.01147045348740786,0.0086789725342334,0.014636946160197931,0.014456408504599838,8911,11.0
honda,720,33,1722,1,29,0.011839721273067674,0.009110299977730621,0.014883484484562847,0.015028733470625055,8911,11.0
honda,720,34,1683,3,33,0.012953448712169996,0.009724845416307176,0.015949176518787533,0.01678447547869888,8911,11.0
honda,720,35,1551,2,19,0.013741890187433922,0.010389829711813455,0.01718177561287822,0.018052322705676693,8911,11.0
honda,720,36,1425,0,35,0.013741890187433922,0.010389829711813455,0.01718177561287822,0.018052322705676693,8911,11.0
honda,740,0,0,0,0,0.0,0.0,0.0,0.0,9463,10.0
honda,740,1,0,0,0,0.0,0.0,0.0,0.0,9463,10.0
honda,740,2,0,0,0,0.0,0.0,0.0,0.0,9463,10.0
honda,740,3,37,0,2,0.0,0.0,0.0,0.0,9463,10.0
honda,740,4,429,0,8,0.0,0.0,0.0,0.0,9463,10.0
honda,740,5,1183,0,16,0.0,0.0,0.0,0.0,9463,10.0
honda,740,6,2087,0,20,0.0,0.0,0.0,0.0,9463,10.0
honda,740,7,2927,0,32,0.0,0.0,0.0,0.0,9463,10.0
honda,740,8,3781,0,42,0.0,0.0,0.0,0.0,9463,10.0
honda,740,9,4283,0,48,0.0,0.0,0.0,0.0,9463,10.0
honda,740,10,4671,2,60,0.0003755738663128327,0.0,0.0009643716084019651,0.0004281738385785161,9463,10.0
honda,740,11,4841,0,54,0.0003755738663128327,0.0,0.0009643716084019651,0.0004281738385785161,9463,10.0
honda,740,12,4924,1,66,0.0005493869153389676,0.00015746726350904903,0.001129796347589466,0.0006311738032741543,9463,10.0
honda,740,13,5062,1,67,0.000716160913584708,0.00017499125898742308,0.0012704082404620604,0.0008285994899981386,9463,10.0
honda,740,14,5156,1,70,0.0008776949219709041,0.00032234915579436844,0.0015470256456399135,0.00102238758164086,9463,10.0
honda,740,15,5191,1,57,0.001035930412751834,0.00034264275850175174,0.001778304123944377,0.0012148317373754658,9463,10.0
honda,740,16,5294,0,67,0.001035930412751834,0.00034264275850175174,0.001778304123944377,0.0012148317373754658,9463,10.0
honda,740,17,5452,1,72,0.0011830220149723425,0.0004860225718625423,0.00194068243549101,0.0013980278430729687,9463,10.0
honda,740,18,5590,3,82,0.0016076404738332275,0.0007951346535116317,0.002537241935143623,0.0019339501894899414,9463,10.0
honda,740,19,5667,1,85,0.0017451338339902283,0.0009005680107897943,0.0026978574752113773,0.002110069132459813,9463,10.0
honda,740,20,5741,0,96,0.0017451338339902283,0.0009005680107897943,0.0026978574752113773,0.002110069132459813,9463,10.0
honda,740,21,5792,0,85,0.0017451338339902283,0.0009005680107897943,0.0026978574752113773,0.002110069132459813,9463,10.0
honda,740,22,5805,0,79,0.0017451338339902283,0.0009005680107897943,0.0026978574752113773,0.002110069132459813,9463,10.0
honda,740,23,5478,1,104,0.0018790017672882329,0.000948872439457013,0.0028530565608730356,0.002292232318087395,9463,10.0
honda,740,24,4852,3,90,0.0023237291409136523,0.0013587818387426483,0.0034413699606364134,0.002909116758121555,9463,10.0
honda,740,25,4127,3,99,0.002836561118399325,0.0017337939152713786,0.0039983658967881865,0.003633922343225904,9463,10.0
honda,740,26,3450,2,55,0.003235430434221515,0.0021022161580011357,0.0046250556174369005,0.004211525866505195,9463,10.0
honda,740,27,2817,1,40,0.0034756440637182654,0.0021907843436479177,0.0050725339057591246,0.004565018402583831,9463,10.0
honda,740,28,2452,2,28,0.004019553554324284,0.0026685021234530083,0.00570653161411053,0.005376955581700815,9463,10.0
honda,740,29,2146,0,40,0.004019553554324284,0.0026685021234530083,0.00570653161411053,0.005376955581700815,9463,10.0
honda,740,30,1990,2,39,0.004669198925597663,0.002790902202327088,0.006495324661536439,0.006376576731869976,9463,10.0
honda,740,31,1890,0,32,0.004669198925597663,0.002790902202327088,0.006495324661536439,0.006376576731869976,9463,10.0
honda,740,32,1769,0,41,0.004669198925597663,0.002790902202327088,0.006495324661536439,0.006376576731869976,9463,10.0
honda,740,33,1691,1,29,0.005028711756655294,0.003096664217912654,0.00697961107921451,0.006964171896428284,9463,10.0
honda,740,34,1650,1,27,0.005390621339919976,0.0034796213902899176,0.007226525511309093,0.007566011792248584,9463,10.0
honda,740,35,1543,1,41,0.005771060318568916,0.0038623825851671705,0.00797230183991158,0.008209196489726067,9463,10.0
honda,740,36,1382,0,39,0.005771060318568916,0.0038623825851671705,0.00797230183991158,0.008209196489726067,9463,10.0
honda,760,0,0,0,0,0.0,0.0,0.0,0.0,10812,10.0
honda,760,1,0,0,0,0.0,0.0,0.0,0.0,10812,10.0
honda,760,2,0,0,0,0.0,0.0,0.0,0.0,10812,10.0
honda,760,3,43,0,2,0.0,0.0,0.0,0.0,10812,10.0
honda,760,4,533,0,8,0.0,0.0,0.0,0.0,10812,10.0
honda,760,5,1394,0,16,0.0,0.0,0.0,0.0,10812,10.0
honda,760,6,2360,0,30,0.0,0.0,0.0,0.0,10812,10.0
honda,760,7,3237,0,43,0.0,0.0,0.0,0.0,10812,10.0
honda,760,8,4179,0,50,0.0,0.0,0.0,0.0,10812,10.0
honda,760,9,4735,1,56,0.00018872202946074732,0.0,0.0005774700101196422,0.00021119324181628762,10812,10.0
honda,760,10,5207,1,70,0.00035827103153821536,0.0,0.0009120485348435454,0.00040320184691677863,10812,10.0
honda,760,11,5413,1,69,0.0005191436852736442,0.0,0.001238540681847218,0.0005878677989125114,10812,10.0
honda,760,12,5534,0,78,0.0005191436852736442,0.0,0.001238540681847218,0.0005878677989125114,10812,10.0
honda,760,13,5700,0,74,0.0005191436852736442,0.0,0.001238540681847218,0.0005878677989125114,10812,10.0
honda,760,14,5829,0,94,0.0005191436852736442,0.0,0.001238540681847218,0.0005878677989125114,10812,10.0
honda,760,15,5842,0,70,0.0005191436852736442,0.0,0.001238540681847218,0.0005878677989125114,10812,10.0
honda,760,16,5944,1,74,0.0006559332019600247,0.0001596417902058091,0.0013395494626253267,0.0007560057753931426,10812,10.0
honda,760,17,6155,2,86,0.0009168000332946688,0.00019304046251043957,0.0017667948674927791,0.0010806991935001786,10812,10.0
honda,760,18,6328,1,83,0.0010418536889289362,0.0002988590966256781,0.001919261351328961,0.0012385562258653282,10812,10.0
honda,760,19,6442,2,92,0.0012842737528160411,0.0004722736547689136,0.002190685605507872,0.0015486342897504946,10812,10.0
honda,760,20,6519,0,101,0.0012842737528160411,0.0004722736547689136,0.002190685605507872,0.0015486342897504946,10812,10.0
honda,760,21,6582,0,100,0.0012842737528160411,0.0004722736547689136,0.002190685605507872,0.0015486342897504946,10812,10.0
honda,760,22,6584,0,125,0.0012842737528160411,0.0004722736547689136,0.002190685605507872,0.0015486342897504946,10812,10.0
honda,760,23,6165,1,107,0.0014029838732619695,0.0005309700389061001,0.0024178896811146494,0.0017105890935964485,10812,10.0
honda,760,24,5498,0,134,0.0014029838732619695,0.0005309700389061001,0.0024178896811146494,0.0017105890935964485,10812,10.0
honda,760,25,4734,1,93,0.001551167800125948,0.0006900773889885255,0.002547310926698628,0.0019214656062509494,10812,10.0
honda,760,26,4113,0,65,0.001551167800125948,0.0006900773889885255,0.002547310926698628,0.0019214656062509494,10812,10.0
honda,760,27,3419,2,58,0.0019470188208391456,0.00093877495432407,0.00307236482527516,0.002505307977934912,10812,10.0
honda,760,28,3009,2,49,0.0023889143271786707,0.0011593874155401633,0.0035676572374233597,0.003168315416965828,10812,10.0
honda,760,29,2657,0,49,0.0023889143271786707,0.0011593874155401633,0.0035676572374233597,0.003168315416965828,10812,10.0
honda,760,30,2455,1,40,0.0026502220801624147,0.0012820823066770968,0.003962719409263386,0.0035743568363478806,10812,10.0
honda,760,31,2332,2,35,0.0031912142891699262,0.0017752685616311058,0.0046316427410964586,0.004428924283314983,10812,10.0
honda,760,32,2171,0,52,0.0031912142891699262,0.0017752685616311058,0.0046316427410964586,0.004428924283314983,10812,10.0
honda,760,33,2061,1,41,0.003485207192020085,0.0020006067124781093,0.005176118145129992,0.004911976721799549,10812,10.0
honda,760,34,2027,0,31,0.003485207192020085,0.0020006067124781093,0.005176118145129992,0.004911976721799549,10812,10.0
honda,760,35,1906,0,36,0.003485207192020085,0.0020006067124781093,0.005176118145129992,0.004911976721799549,10812,10.0
honda,760,36,1702,0,51,0.003485207192020085,0.0020006067124781093,0.005176118145129992,0.004911976721799549,10812,10.0
honda,780,0,0,0,0,0.0,0.0,0.0,0.0,11444,10.0
honda,780,1,0,0,0,0.0,0.0,0.0,0.0,11444,10.0
honda,780,2,0,0,0,0.0,0.0,0.0,0.0,11444,10.0
honda,780,3,48,0,4,0.0,0.0,0.0,0.0,11444,10.0
honda,780,4,628,0,14,0.0,0.0,0.0,0.0,11444,10.0
honda,780,5,1609,0,34,0.0,0.0,0.0,0.0,11444,10.0
honda,780,6,2727,0,36,0.0,0.0,0.0,0.0,11444,10.0
honda,780,7,3797,1,62,0.00022799884304338628,0.0,0.0007395029831605765,0.00026336581511721135,11444,10.0
honda,780,8,4794,0,80,0.00022799884304338628,0.0,0.0007395029831605765,0.00026336581511721135,11444,10.0
honda,780,9,5365,0,82,0.00022799884304338628,0.0,0.0007395029831605765,0.00026336581511721135,11444,10.0
honda,780,10,5789,0,75,0.00022799884304338628,0.0,0.0007395029831605765,0.00026336581511721135,11444,10.0
honda,780,11,6025,0,97,0.00022799884304338628,0.0,0.0007395029831605765,0.00026336581511721135,11444,10.0
honda,780,12,6132,0,89,0.00022799884304338628,0.0,0.0007395029831605765,0.00026336581511721135,11444,10.0
honda,780,13,6288,0,86,0.00022799884304338628,0.0,0.0007395029831605765,0.00026336581511721135,11444,10.0
honda,780,14,6414,0,109,0.00022799884304338628,0.0,0.0007395029831605765,0.00026336581511721135,11444,10.0
honda,780,15,6420,2,91,0.00046629552746523114,0.0,0.0010942566026370213,0.0005748102494427254,11444,10.0
honda,780,16,6545,0,77,0.00046629552746523114,0.0,0.0010942566026370213,0.0005748102494427254,11444,10.0
honda,780,17,6747,1,107,0.0005767124118986691,0.00010593410806713508,0.0011832663429854845,0.0007229390755506548,11444,10.0
honda,780,18,6907,2,118,0.0007889775619648613,0.0003093916133349363,0.0014464658405400803,0.001012291054969916,11444,10.0
honda,780,19,6976,0,106,0.0007889775619648613,0.0003093916133349363,0.0014464658405400803,0.001012291054969916,11444,10.0
honda,780,20,7051,1,123,0.0008895840759688674,0.0003196959767705193,0.0016544377219477816,0.0011539713427226594,11444,10.0
honda,780,21,7054,0,115,0.0008895840759688674,0.0003196959767705193,0.0016544377219477816,0.0011539713427226594,11444,10.0
honda,780,22,7082,0,110,0.0008895840759688674,0.0003196959767705193,0.0016544377219477816,0.0011539713427226594,11444,10.0
honda,780,23,6640,2,128,0.001092864750508319,0.0004418715024855403,0.0018625797709739505,0.0014548285802700178,11444,10.0
honda,780,24,5856,0,142,0.001092864750508319,0.0004418715024855403,0.0018625797709739505,0.0014548285802700178,11444,10.0
honda,780,25,4987,1,122,0.0012223281139762342,0.0005381506919940489,0.0019981580475752275,0.001655058211595395,11444,10.0
honda,780,26,4179,0,88,0.0012223281139762342,0.0005381506919940489,0.0019981580475752275,0.001655058211595395,11444,10.0
honda,780,27,3444,0,53,0.0012223281139762342,0.0005381506919940489,0.0019981580475752275,0.001655058211595395,11444,10.0
honda,780,28,3017,0,47,0.0012223281139762342,0.0005381506919940489,0.0019981580475752275,0.001655058211595395,11444,10.0
honda,780,29,2670,0,53,0.0012223281139762342,0.0005381506919940489,0.0019981580475752275,0.001655058211595395,11444,10.0
honda,780,30,2442,1,45,0.0014621507367549372,0.0006918269801172645,0.002347719452530682,0.0020638808740803816,11444,10.0
honda,780,31,2295,0,39,0.0014621507367549372,0.0006918269801172645,0.002347719452530682,0.0020638808740803816,11444,10.0
honda,780,32,2159,0,45,0.0014621507367549372,0.0006918269801172645,0.002347719452530682,0.0020638808740803816,11444,10.0
honda,780,33,2052,0,43,0.0014621507367549372,0.0006918269801172645,0.002347719452530682,0.0020638808740803816,11444,10.0
honda,780,34,2029,0,34,0.0014621507367549372,0.0006918269801172645,0.002347719452530682,0.0020638808740803816,11444,10.0
honda,780,35,1879,0,48,0.0014621507367549372,0.0006918269801172645,0.002347719452530682,0.0020638808740803816,11444,10.0
honda,780,36,1691,1,68,0.0017689590322801812,0.0007782724311708593,0.0028649946236870673,0.0026540264205771047,11444,10.0
honda,800,0,0,0,0,0.0,0.0,0.0,0.0,10096,9.0
honda,800,1,0,0,0,0.0,0.0,0.0,0.0,10096,9.0
honda,800,2,0,0,0,0.0,0.0,0.0,0.0,10096,9.0
honda,800,3,54,0,7,0.0,0.0,0.0,0.0,10096,9.0
honda,800,4,608,0,21,0.0,0.0,0.0,0.0,10096,9.0
honda,800,5,1612,0,41,0.0,0.0,0.0,0.0,10096,9.0
honda,800,6,2665,0,52,0.0,0.0,0.0,0.0,10096,9.0
honda,800,7,3734,0,70,0.0,0.0,0.0,0.0,10096,9.0
honda,800,8,4720,0,75,0.0,0.0,0.0,0.0,10096,9.0
honda,800,9,5207,0,61,0.0,0.0,0.0,0.0,10096,9.0
honda,800,10,5585,0,89,0.0,0.0,0.0,0.0,10096,9.0
honda,800,11,5797,0,86,0.0,0.0,0.0,0.0,10096,9.0
honda,800,12,5910,0,89,0.0,0.0,0.0,0.0,10096,9.0
honda,800,13,6062,1,105,0.00012070510330334665,0.0,0.0003991389690773777,0.00016496205872651437,10096,9.0
honda,800,14,6169,1,103,0.00023724256403843055,0.0,0.000612903678143678,0.00032703614495466216,10096,9.0
honda,800,15,6199,0,107,0.00023724256403843055,0.0,0.000612903678143678,0.00032703614495466216,10096,9.0
honda,800,16,6245,0,102,0.00023724256403843055,0.0,0.000612903678143678,0.00032703614495466216,10096,9.0
honda,800,17,6360,0,126,0.00023724256403843055,0.0,0.000612903678143678,0.00032703614495466216,10096,9.0
honda,800,18,6452,0,112,0.00023724256403843055,0.0,0.000612903678143678,0.00032703614495466216,10096,9.0
honda,800,19,6495,0,112,0.00023724256403843055,0.0,0.000612903678143678,0.00032703614495466216,10096,9.0
honda,800,20,6526,2,115,0.00043544814717922514,9.094904767812389e-05,0.000857826047709684,0.0006334023612755146,10096,9.0
honda,800,21,6526,0,132,0.00043544814717922514,9.094904767812389e-05,0.000857826047709684,0.0006334023612755146,10096,9.0
honda,800,22,6470,0,135,0.00043544814717922514,9.094904767812389e-05,0.000857826047709684,0.0006334023612755146,10096,9.0
honda,800,23,6009,0,121,0.00043544814717922514,9.094904767812389e-05,0.000857826047709684,0.0006334023612755146,10096,9.0
honda,800,24,5220,0,140,0.00043544814717922514,9.094904767812389e-05,0.000857826047709684,0.0006334023612755146,10096,9.0
honda,800,25,4393,0,102,0.00043544814717922514,9.094904767812389e-05,0.000857826047709684,0.0006334023612755146,10096,9.0
honda,800,26,3573,0,64,0.00043544814717922514,9.094904767812389e-05,0.000857826047709684,0.0006334023612755146,10096,9.0
honda,800,27,2842,0,53,0.00043544814717922514,9.094904767812389e-05,0.000857826047709684,0.0006334023612755146,10096,9.0
honda,800,28,2455,0,51,0.00043544814717922514,9.094904767812389e-05,0.000857826047709684,0.0006334023612755146,10096,9.0
honda,800,29,2159,0,44,0.00043544814717922514,9.094904767812389e-05,0.000857826047709684,0.0006334023612755146,10096,9.0
honda,800,30,1948,0,39,0.00043544814717922514,9.094904767812389e-05,0.000857826047709684,0.0006334023612755146,10096,9.0
honda,800,31,1816,1,49,0.0007185982992048052,0.00010300819121363179,0.0016259069495443306,0.0011837143643804726,10096,9.0
honda,800,32,1653,0,33,0.0007185982992048052,0.00010300819121363179,0.0016259069495443306,0.0011837143643804726,10096,9.0
honda,800,33,1526,0,41,0.0007185982992048052,0.00010300819121363179,0.0016259069495443306,0.0011837143643804726,10096,9.0
honda,800,34,1476,0,35,0.0007185982992048052,0.00010300819121363179,0.0016259069495443306,0.0011837143643804726,10096,9.0
honda,800,35,1384,0,60,0.0007185982992048052,0.00010300819121363179,0.0016259069495443306,0.0011837143643804726,10096,9.0
honda,800,36,1201,0,66,0.0007185982992048052,0.00010300819121363179,0.0016259069495443306,0.0011837143643804726,10096,9.0
honda,820,0,0,0,0,0.0,0.0,0.0,0.0,10684,9.0
honda,820,1,0,0,0,0.0,0.0,0.0,0.0,10684,9.0
honda,820,2,0,0,0,0.0,0.0,0.0,0.0,10684,9.0
honda,820,3,63,0,2,0.0,0.0,0.0,0.0,10684,9.0
honda,820,4,648,0,10,0.0,0.0,0.0,0.0,10684,9.0
honda,820,5,1763,0,23,0.0,0.0,0.0,0.0,10684,9.0
honda,820,6,2902,0,41,0.0,0.0,0.0,0.0,10684,9.0
honda,820,7,3917,0,50,0.0,0.0,0.0,0.0,10684,9.0
honda,820,8,5025,0,62,0.0,0.0,0.0,0.0,10684,9.0
honda,820,9,5548,0,90,0.0,0.0,0.0,0.0,10684,9.0
honda,820,10,5906,0,81,0.0,0.0,0.0,0.0,10684,9.0
honda,820,11,6170,0,93,0.0,0.0,0.0,0.0,10684,9.0
honda,820,12,6377,0,94,0.0,0.0,0.0,0.0,10684,9.0
honda,820,13,6663,0,110,0.0,0.0,0.0,0.0,10684,9.0
honda,820,14,6858,0,111,0.0,0.0,0.0,0.0,10684,9.0
honda,820,15,6946,0,122,0.0,0.0,0.0,0.0,10684,9.0
honda,820,16,7011,0,105,0.0,0.0,0.0,0.0,10684,9.0
honda,820,17,7133,0,108,0.0,0.0,0.0,0.0,10684,9.0
honda,820,18,7230,0,124,0.0,0.0,0.0,0.0,10684,9.0
honda,820,19,7257,0,123,0.0,0.0,0.0,0.0,10684,9.0
honda,820,20,7268,0,136,0.0,0.0,0.0,0.0,10684,9.0
honda,820,21,7235,0,137,0.0,0.0,0.0,0.0,10684,9.0
honda,820,22,7169,2,157,0.00020378496913350306,0.0,0.00048281401403924224,0.00027897893709027954,10684,9.0
honda,820,23,6642,0,118,0.00020378496913350306,0.0,0.00048281401403924224,0.00027897893709027954,10684,9.0
honda,820,24,5758,0,146,0.00020378496913350306,0.0,0.00048281401403924224,0.00027897893709027954,10684,9.0
honda,820,25,4886,1,100,0.0003437333217340495,9.541084702801478e-05,0.0008062438937926089,0.00048358823325544975,10684,9.0
honda,820,26,4102,0,84,0.0003437333217340495,9.541084702801478e-05,0.0008062438937926089,0.00048358823325544975,10684,9.0
honda,820,27,3271,0,68,0.0003437333217340495,9.541084702801478e-05,0.0008062438937926089,0.00048358823325544975,10684,9.0
honda,820,28,2829,0,54,0.0003437333217340495,9.541084702801478e-05,0.0008062438937926089,0.00048358823325544975,10684,9.0
honda,820,29,2513,0,56,0.0003437333217340495,9.541084702801478e-05,0.0008062438937926089,0.00048358823325544975,10684,9.0
honda,820,30,2250,0,43,0.0003437333217340495,9.541084702801478e-05,0.0008062438937926089,0.00048358823325544975,10684,9.0
honda,820,31,2047,0,49,0.0003437333217340495,9.541084702801478e-05,0.0008062438937926089,0.00048358823325544975,10684,9.0
honda,820,32,1770,0,42,0.0003437333217340495,9.541084702801478e-05,0.0008062438937926089,0.00048358823325544975,10684,9.0
honda,820,33,1578,0,37,0.0003437333217340495,9.541084702801478e-05,0.0008062438937926089,0.00048358823325544975,10684,9.0
honda,820,34,1457,0,37,0.0003437333217340495,9.541084702801478e-05,0.0008062438937926089,0.00048358823325544975,10684,9.0
honda,820,35,1336,0,35,0.0003437333217340495,9.541084702801478e-05,0.0008062438937926089,0.00048358823325544975,10684,9.0
honda,820,36,1192,0,59,0.0003437333217340495,9.541084702801478e-05,0.0008062438937926089,0.00048358823325544975,10684,9.0
honda,840,0,0,0,0,0.0,0.0,0.0,0.0,9853,9.0
honda,840,1,0,0,0,0.0,0.0,0.0,0.0,9853,9.0
honda,840,2,0,0,0,0.0,0.0,0.0,0.0,9853,9.0
honda,840,3,47,0,1,0.0,0.0,0.0,0.0,9853,9.0
honda,840,4,637,0,9,0.0,0.0,0.0,0.0,9853,9.0
honda,840,5,1653,0,24,0.0,0.0,0.0,0.0,9853,9.0
honda,840,6,2786,0,35,0.0,0.0,0.0,0.0,9853,9.0
honda,840,7,3734,0,69,0.0,0.0,0.0,0.0,9853,9.0
honda,840,8,4719,0,56,0.0,0.0,0.0,0.0,9853,9.0
honda,840,9,5169,0,74,0.0,0.0,0.0,0.0,9853,9.0
honda,840,10,5532,0,70,0.0,0.0,0.0,0.0,9853,9.0
honda,840,11,5797,0,93,0.0,0.0,0.0,0.0,9853,9.0
honda,840,12,6016,0,78,0.0,0.0,0.0,0.0,9853,9.0
honda,840,13,6343,0,94,0.0,0.0,0.0,0.0,9853,9.0
honda,840,14,6554,0,98,0.0,0.0,0.0,0.0,9853,9.0
honda,840,15,6633,0,79,0.0,0.0,0.0,0.0,9853,9.0
honda,840,16,6731,0,107,0.0,0.0,0.0,0.0,9853,9.0
honda,840,17,6824,0,99,0.0,0.0,0.0,0.0,9853,9.0
honda,840,18,6885,0,125,0.0,0.0,0.0,0.0,9853,9.0
honda,840,19,6912,0,101,0.0,0.0,0.0,0.0,9853,9.0
honda,840,20,6964,0,121,0.0,0.0,0.0,0.0,9853,9.0
honda,840,21,6971,0,126,0.0,0.0,0.0,0.0,9853,9.0
honda,840,22,6918,0,132,0.0,0.0,0.0,0.0,9853,9.0
honda,840,23,6401,0,116,0.0,0.0,0.0,0.0,9853,9.0
honda,840,24,5582,0,147,0.0,0.0,0.0,0.0,9853,9.0
honda,840,25,4658,0,107,0.0,0.0,0.0,0.0,9853,9.0
honda,840,26,3878,0,78,0.0,0.0,0.0,0.0,9853,9.0
honda,840,27,3098,0,58,0.0,0.0,0.0,0.0,9853,9.0
honda,840,28,2724,0,56,0.0,0.0,0.0,0.0,9853,9.0
honda,840,29,2391,0,61,0.0,0.0,0.0,0.0,9853,9.0
honda,840,30,2139,0,60,0.0,0.0,0.0,0.0,9853,9.0
honda,840,31,1895,0,41,0.0,0.0,0.0,0.0,9853,9.0
honda,840,32,1615,0,46,0.0,0.0,0.0,0.0,9853,9.0
honda,840,33,1396,0,28,0.0,0.0,0.0,0.0,9853,9.0
honda,840,34,1305,0,33,0.0,0.0,0.0,0.0,9853,9.0
honda,840,35,1164,0,34,0.0,0.0,0.0,0.0,9853,9.0
honda,840,36,1032,0,62,0.0,0.0,0.0,0.0,9853,9.0
honda,860,0,0,0,0,0.0,0.0,0.0,0.0,6535,9.0
honda,860,1,0,0,0,0.0,0.0,0.0,0.0,6535,9.0
honda,860,2,0,0,0,0.0,0.0,0.0,0.0,6535,9.0
honda,860,3,42,0,5,0.0,0.0,0.0,0.0,6535,9.0
honda,860,4,399,0,3,0.0,0.0,0.0,0.0,6535,9.0
honda,860,5,1097,0,23,0.0,0.0,0.0,0.0,6535,9.0
honda,860,6,1835,0,28,0.0,0.0,0.0,0.0,6535,9.0
honda,860,7,2442,0,29,0.0,0.0,0.0,0.0,6535,9.0
honda,860,8,3134,0,39,0.0,0.0,0.0,0.0,6535,9.0
honda,860,9,3540,0,41,0.0,0.0,0.0,0.0,6535,9.0
honda,860,10,3844,0,71,0.0,0.0,0.0,0.0,6535,9.0
honda,860,11,4051,0,53,0.0,0.0,0.0,0.0,6535,9.0
honda,860,12,4224,0,59,0.0,0.0,0.0,0.0,6535,9.0
honda,860,13,4489,0,79,0.0,0.0,0.0,0.0,6535,9.0
honda,860,14,4668,0,68,0.0,0.0,0.0,0.0,6535,9.0
honda,860,15,4752,0,54,0.0,0.0,0.0,0.0,6535,9.0
honda,860,16,4825,0,93,0.0,0.0,0.0,0.0,6535,9.0
honda,860,17,4867,0,71,0.0,0.0,0.0,0.0,6535,9.0
honda,860,18,4886,0,88,0.0,0.0,0.0,0.0,6535,9.0
honda,860,19,4872,0,98,0.0,0.0,0.0,0.0,6535,9.0
honda,860,20,4846,0,83,0.0,0.0,0.0,0.0,6535,9.0
honda,860,21,4837,0,86,0.0,0.0,0.0,0.0,6535,9.0
honda,860,22,4788,0,101,0.0,0.0,0.0,0.0,6535,9.0
honda,860,23,4445,0,78,0.0,0.0,0.0,0.0,6535,9.0
honda,860,24,3870,0,97,0.0,0.0,0.0,0.0,6535,9.0
honda,860,25,3246,0,57,0.0,0.0,0.0,0.0,6535,9.0
honda,860,26,2766,0,70,0.0,0.0,0.0,0.0,6535,9.0
honda,860,27,2237,0,49,0.0,0.0,0.0,0.0,6535,9.0
honda,860,28,1895,0,38,0.0,0.0,0.0,0.0,6535,9.0
honda,860,29,1629,0,29,0.0,0.0,0.0,0.0,6535,9.0
honda,860,30,1428,0,35,0.0,0.0,0.0,0.0,6535,9.0
honda,860,31,1265,0,19,0.0,0.0,0.0,0.0,6535,9.0
honda,860,32,1028,0,25,0.0,0.0,0.0,0.0,6535,9.0
honda,860,33,851,0,32,0.0,0.0,0.0,0.0,6535,9.0
honda,860,34,747,0,25,0.0,0.0,0.0,0.0,6535,9.0
honda,860,35,650,0,17,0.0,0.0,0.0,0.0,6535,9.0
honda,860,36,559,0,48,0.0,0.0,0.0,0.0,6535,9.0
honda,880,0,0,0,0,0.0,0.0,0.0,0.0,1283,8.0
honda,880,1,0,0,0,0.0,0.0,0.0,0.0,1283,8.0
honda,880,2,0,0,0,0.0,0.0,0.0,0.0,1283,8.0
honda,880,3,1,0,0,0.0,0.0,0.0,0.0,1283,8.0
honda,880,4,86,0,2,0.0,0.0,0.0,0.0,1283,8.0
honda,880,5,199,0,1,0.0,0.0,0.0,0.0,1283,8.0
honda,880,6,349,0,5,0.0,0.0,0.0,0.0,1283,8.0
honda,880,7,489,0,6,0.0,0.0,0.0,0.0,1283,8.0
honda,880,8,636,0,9,0.0,0.0,0.0,0.0,1283,8.0
honda,880,9,726,0,4,0.0,0.0,0.0,0.0,1283,8.0
honda,880,10,797,0,11,0.0,0.0,0.0,0.0,1283,8.0
honda,880,11,849,0,15,0.0,0.0,0.0,0.0,1283,8.0
honda,880,12,885,0,9,0.0,0.0,0.0,0.0,1283,8.0
honda,880,13,945,0,15,0.0,0.0,0.0,0.0,1283,8.0
honda,880,14,982,0,11,0.0,0.0,0.0,0.0,1283,8.0
honda,880,15,997,0,13,0.0,0.0,0.0,0.0,1283,8.0
honda,880,16,1009,0,18,0.0,0.0,0.0,0.0,1283,8.0
honda,880,17,1015,0,18,0.0,0.0,0.0,0.0,1283,8.0
honda,880,18,1014,0,14,0.0,0.0,0.0,0.0,1283,8.0
honda,880,19,1011,0,11,0.0,0.0,0.0,0.0,1283,8.0
honda,880,20,1009,0,14,0.0,0.0,0.0,0.0,1283,8.0
honda,880,21,1001,0,22,0.0,0.0,0.0,0.0,1283,8.0
honda,880,22,991,0,17,0.0,0.0,0.0,0.0,1283,8.0
honda,880,23,911,0,17,0.0,0.0,0.0,0.0,1283,8.0
honda,880,24,811,0,20,0.0,0.0,0.0,0.0,1283,8.0
honda,880,25,682,0,17,0.0,0.0,0.0,0.0,1283,8.0
honda,880,26,565,0,11,0.0,0.0,0.0,0.0,1283,8.0
honda,880,27,451,0,11,0.0,0.0,0.0,0.0,1283,8.0
honda,880,28,379,0,7,0.0,0.0,0.0,0.0,1283,8.0
honda,880,29,327,0,10,0.0,0.0,0.0,0.0,1283,8.0
honda,880,30,280,0,7,0.0,0.0,0.0,0.0,1283,8.0
honda,880,31,234,0,7,0.0,0.0,0.0,0.0,1283,8.0
honda,880,32,183,0,9,0.0,0.0,0.0,0.0,1283,8.0
honda,880,33,137,0,5,0.0,0.0,0.0,0.0,1283,8.0
honda,880,34,117,0,6,0.0,0.0,0.0,0.0,1283,8.0
honda,880,35,97,0,4,0.0,0.0,0.0,0.0,1283,8.0
honda,880,36,79,0,9,0.0,0.0,0.0,0.0,1283,8.0
santander,360,0,0,0,0,0.0,,,0.0,1,2.0
santander,360,1,0,0,0,0.0,,,0.0,1,2.0
santander,360,2,1,0,0,0.0,,,0.0,1,2.0
santander,360,3,1,0,0,0.0,,,0.0,1,2.0
santander,360,4,1,0,0,0.0,,,0.0,1,2.0
santander,360,5,1,0,0,0.0,,,0.0,1,2.0
santander,360,6,1,0,0,0.0,,,0.0,1,2.0
santander,360,7,1,0,0,0.0,,,0.0,1,2.0
santander,360,8,0,0,0,0.0,,,0.0,1,2.0
santander,360,9,0,0,0,0.0,,,0.0,1,2.0
santander,360,10,0,0,0,0.0,,,0.0,1,2.0
santander,360,11,0,0,0,0.0,,,0.0,1,2.0
santander,360,12,0,0,0,0.0,,,0.0,1,2.0
santander,360,13,0,0,0,0.0,,,0.0,1,2.0
santander,360,14,0,0,0,0.0,,,0.0,1,2.0
santander,360,15,0,0,0,0.0,,,0.0,1,2.0
santander,360,16,0,0,0,0.0,,,0.0,1,2.0
santander,360,17,0,0,0,0.0,,,0.0,1,2.0
santander,360,18,0,0,0,0.0,,,0.0,1,2.0
santander,360,19,0,0,0,0.0,,,0.0,1,2.0
santander,360,20,0,0,0,0.0,,,0.0,1,2.0
santander,360,21,0,0,0,0.0,,,0.0,1,2.0
santander,360,22,0,0,0,0.0,,,0.0,1,2.0
santander,360,23,0,0,0,0.0,,,0.0,1,2.0
santander,360,24,0,0,0,0.0,,,0.0,1,2.0
santander,360,25,0,0,0,0.0,,,0.0,1,2.0
santander,360,26,0,0,0,0.0,,,0.0,1,2.0
santander,360,27,0,0,0,0.0,,,0.0,1,2.0
santander,360,28,0,0,0,0.0,,,0.0,1,2.0
santander,360,29,0,0,0,0.0,,,0.0,1,2.0
santander,360,30,0,0,0,0.0,,,0.0,1,2.0
santander,360,31,0,0,0,0.0,,,0.0,1,2.0
santander,360,32,0,0,0,0.0,,,0.0,1,2.0
santander,360,33,0,0,0,0.0,,,0.0,1,2.0
santander,360,34,0,0,0,0.0,,,0.0,1,2.0
santander,360,35,0,0,0,0.0,,,0.0,1,2.0
santander,360,36,0,0,0,0.0,,,0.0,1,2.0
santander,380,0,0,0,0,0.0,0.0,0.0,0.0,9,4.0
santander,380,1,0,0,0,0.0,0.0,0.0,0.0,9,4.0
santander,380,2,2,0,0,0.0,0.0,0.0,0.0,9,4.0
santander,380,3,4,0,0,0.0,0.0,0.0,0.0,9,4.0
santander,380,4,6,0,0,0.0,0.0,0.0,0.0,9,4.0
santander,380,5,6,0,0,0.0,0.0,0.0,0.0,9,4.0
santander,380,6,6,0,0,0.0,0.0,0.0,0.0,9,4.0
santander,380,7,6,0,0,0.0,0.0,0.0,0.0,9,4.0
santander,380,8,6,0,0,0.0,0.0,0.0,0.0,9,4.0
santander,380,9,5,0,0,0.0,0.0,0.0,0.0,9,4.0
santander,380,10,4,0,0,0.0,0.0,0.0,0.0,9,4.0
santander,380,11,4,0,0,0.0,0.0,0.0,0.0,9,4.0
santander,380,12,4,0,0,0.0,0.0,0.0,0.0,9,4.0
santander,380,13,4,0,0,0.0,0.0,0.0,0.0,9,4.0
santander,380,14,3,0,0,0.0,0.0,0.0,0.0,9,4.0
santander,380,15,3,0,0,0.0,0.0,0.0,0.0,9,4.0
santander,380,16,2,0,0,0.0,0.0,0.0,0.0,9,4.0
santander,380,17,2,0,0,0.0,0.0,0.0,0.0,9,4.0
santander,380,18,2,0,0,0.0,0.0,0.0,0.0,9,4.0
santander,380,19,2,1,0,0.5,0.0,1.0,0.5,9,4.0
santander,380,20,1,0,0,0.5,0.0,1.0,0.5,9,4.0
santander,380,21,0,0,0,0.5,0.0,1.0,0.5,9,4.0
santander,380,22,0,0,0,0.5,0.0,1.0,0.5,9,4.0
santander,380,23,0,0,0,0.5,0.0,1.0,0.5,9,4.0
santander,380,24,0,0,0,0.5,0.0,1.0,0.5,9,4.0
santander,380,25,0,0,0,0.5,0.0,1.0,0.5,9,4.0
santander,380,26,0,0,0,0.5,0.0,1.0,0.5,9,4.0
santander,380,27,0,0,0,0.5,0.0,1.0,0.5,9,4.0
santander,380,28,0,0,0,0.5,0.0,1.0,0.5,9,4.0
santander,380,29,0,0,0,0.5,0.0,1.0,0.5,9,4.0
santander,380,30,0,0,0,0.5,0.0,1.0,0.5,9,4.0
santander,380,31,0,0,0,0.5,0.0,1.0,0.5,9,4.0
santander,380,32,0,0,0,0.5,0.0,1.0,0.5,9,4.0
santander,380,33,0,0,0,0.5,0.0,1.0,0.5,9,4.0
santander,380,34,0,0,0,0.5,0.0,1.0,0.5,9,4.0
santander,380,35,0,0,0,0.5,0.0,1.0,0.5,9,4.0
santander,380,36,0,0,0,0.5,0.0,1.0,0.5,9,4.0
santander,400,0,0,0,0,0.0,0.0,0.0,0.0,83,4.0
santander,400,1,9,0,0,0.0,0.0,0.0,0.0,83,4.0
santander,400,2,26,0,0,0.0,0.0,0.0,0.0,83,4.0
santander,400,3,41,0,1,0.0,0.0,0.0,0.0,83,4.0
santander,400,4,56,0,0,0.0,0.0,0.0,0.0,83,4.0
santander,400,5,59,0,0,0.0,0.0,0.0,0.0,83,4.0
santander,400,6,63,0,0,0.0,0.0,0.0,0.0,83,4.0
santander,400,7,56,0,1,0.0,0.0,0.0,0.0,83,4.0
santander,400,8,47,0,0,0.0,0.0,0.0,0.0,83,4.0
santander,400,9,43,1,0,0.02228344542581638,0.0,0.0694394437799043,0.023255813953488413,83,4.0
santander,400,10,28,0,0,0.02228344542581638,0.0,0.0694394437799043,0.023255813953488413,83,4.0
santander,400,11,26,2,1,0.09427611526306931,0.0,0.2124203188095966,0.09838998211091232,83,4.0
santander,400,12,19,0,0,0.09427611526306931,0.0,0.2124203188095966,0.09838998211091232,83,4.0
santander,400,13,19,0,0,0.09427611526306931,0.0,0.2124203188095966,0.09838998211091232,83,4.0
santander,400,14,19,0,0,0.09427611526306931,0.0,0.2124203188095966,0.09838998211091232,83,4.0
santander,400,15,19,0,0,0.09427611526306931,0.0,0.2124203188095966,0.09838998211091232,83,4.0
santander,400,16,21,0,0,0.09427611526306931,0.0,0.2124203188095966,0.09838998211091232,83,4.0
santander,400,17,22,1,0,0.13190864722345153,0.0,0.26740845427020987,0.13937225565132538,83,4.0
santander,400,18,22,1,0,0.1678306095492709,0.03601273877913222,0.29491191664477723,0.17849169857626512,83,4.0
santander,400,19,22,1,0,0.20211975540573485,0.06473684999069178,0.3374160588720445,0.21583298500461667,83,4.0
santander,400,20,22,0,1,0.20211975540573485,0.06473684999069178,0.3374160588720445,0.21583298500461667,83,4.0
santander,400,21,16,0,0,0.20211975540573485,0.06473684999069178,0.3374160588720445,0.21583298500461667,83,4.0
santander,400,22,9,0,1,0.20211975540573485,0.06473684999069178,0.3374160588720445,0.21583298500461667,83,4.0
santander,400,23,6,0,0,0.20211975540573485,0.06473684999069178,0.3374160588720445,0.21583298500461667,83,4.0
santander,400,24,5,0,0,0.20211975540573485,0.06473684999069178,0.3374160588720445,0.21583298500461667,83,4.0
santander,400,25,5,0,0,0.20211975540573485,0.06473684999069178,0.3374160588720445,0.21583298500461667,83,4.0
santander,400,26,5,0,0,0.20211975540573485,0.06473684999069178,0.3374160588720445,0.21583298500461667,83,4.0
santander,400,27,5,0,0,0.20211975540573485,0.06473684999069178,0.3374160588720445,0.21583298500461667,83,4.0
santander,400,28,5,0,0,0.20211975540573485,0.06473684999069178,0.3374160588720445,0.21583298500461667,83,4.0
santander,400,29,5,0,0,0.20211975540573485,0.06473684999069178,0.3374160588720445,0.21583298500461667,83,4.0
santander,400,30,5,1,0,0.32431380245786096,0.07325856747552151,0.6603636049811155,0.37266638800369334,83,4.0
santander,400,31,4,0,0,0.32431380245786096,0.07325856747552151,0.6603636049811155,0.37266638800369334,83,4.0
santander,400,32,4,0,0,0.32431380245786096,0.07325856747552151,0.6603636049811155,0.37266638800369334,83,4.0
santander,400,33,4,0,0,0.32431380245786096,0.07325856747552151,0.6603636049811155,0.37266638800369334,83,4.0
santander,400,34,4,1,0,0.44650784950998706,0.0939847152926269,0.8599928728869617,0.52949979100277,83,4.0
santander,400,35,3,0,0,0.44650784950998706,0.0939847152926269,0.8599928728869617,0.52949979100277,83,4.0
santander,400,36,3,0,0,0.44650784950998706,0.0939847152926269,0.8599928728869617,0.52949979100277,83,4.0
santander,420,0,0,0,0,0.0,0.0,0.0,0.0,288,3.0
santander,420,1,31,0,1,0.0,0.0,0.0,0.0,288,3.0
santander,420,2,95,0,2,0.0,0.0,0.0,0.0,288,3.0
santander,420,3,167,0,2,0.0,0.0,0.0,0.0,288,3.0
santander,420,4,207,0,2,0.0,0.0,0.0,0.0,288,3.0
santander,420,5,211,0,5,0.0,0.0,0.0,0.0,288,3.0
santander,420,6,216,0,7,0.0,0.0,0.0,0.0,288,3.0
santander,420,7,194,0,2,0.0,0.0,0.0,0.0,288,3.0
santander,420,8,167,1,1,0.005189556211865036,0.0,0.016619807781927717,0.005988023952095856,288,3.0
santander,420,9,131,0,3,0.005189556211865036,0.0,0.016619807781927717,0.005988023952095856,288,3.0
santander,420,10,105,0,0,0.005189556211865036,0.0,0.016619807781927717,0.005988023952095856,288,3.0
santander,420,11,103,2,0,0.02143552481700689,0.0,0.048494414032382985,0.025289227370501766,288,3.0
santander,420,12,94,2,1,0.03889129959487208,0.008744355800718017,0.06842467578732728,0.04602775444772511,288,3.0
santander,420,13,88,1,0,0.04791672859933647,0.016167967923052973,0.08650622650410478,0.05686834814718278,288,3.0
santander,420,14,91,1,1,0.056545435449758465,0.020691134925756496,0.10063090443449174,0.06723243223347741,288,3.0
santander,420,15,91,1,0,0.06498450039137998,0.025254847680547084,0.11436514872372446,0.0774826252858567,288,3.0
santander,420,16,97,2,0,0.08064462090160547,0.03672169766730993,0.12516566864168255,0.09650360208408648,288,3.0
santander,420,17,98,0,3,0.08064462090160547,0.03672169766730993,0.12516566864168255,0.09650360208408648,288,3.0
santander,420,18,99,2,1,0.09521198717709352,0.047876563841250434,0.1524618252503588,0.11475605456723625,288,3.0
santander,420,19,98,1,2,0.10234702372018971,0.049909334361854046,0.15742980449449237,0.12378915605124408,288,3.0
santander,420,20,90,1,1,0.10987845118234679,0.05236972799563061,0.17093804047840844,0.13352483209511912,288,3.0
santander,420,21,67,0,0,0.10987845118234679,0.05236972799563061,0.17093804047840844,0.13352483209511912,288,3.0
santander,420,22,44,0,0,0.10987845118234679,0.05236972799563061,0.17093804047840844,0.13352483209511912,288,3.0
santander,420,23,32,1,0,0.1305898767032788,0.06857382635285492,0.19112092687291032,0.16060218109214663,288,3.0
santander,420,24,26,0,0,0.1305898767032788,0.06857382635285492,0.19112092687291032,0.16060218109214663,288,3.0
santander,420,25,24,0,0,0.1305898767032788,0.06857382635285492,0.19112092687291032,0.16060218109214663,288,3.0
santander,420,26,22,1,0,0.1597741581191375,0.07918812917826687,0.24731815846975538,0.19875662740613997,288,3.0
santander,420,27,21,0,0,0.1597741581191375,0.07918812917826687,0.24731815846975538,0.19875662740613997,288,3.0
santander,420,28,21,0,0,0.1597741581191375,0.07918812917826687,0.24731815846975538,0.19875662740613997,288,3.0
santander,420,29,20,1,0,0.19041765360578916,0.09148633391392706,0.29614546167453926,0.238818796035833,288,3.0
santander,420,30,19,0,2,0.19041765360578916,0.09148633391392706,0.29614546167453926,0.238818796035833,288,3.0
santander,420,31,16,0,0,0.19041765360578916,0.09148633391392706,0.29614546167453926,0.238818796035833,288,3.0
santander,420,32,16,1,0,0.22297636756035655,0.10897917316042066,0.34681710448113073,0.28639262128359344,288,3.0
santander,420,33,12,0,1,0.22297636756035655,0.10897917316042066,0.34681710448113073,0.28639262128359344,288,3.0
santander,420,34,8,0,0,0.22297636756035655,0.10897917316042066,0.34681710448113073,0.28639262128359344,288,3.0
santander,420,35,6,0,0,0.22297636756035655,0.10897917316042066,0.34681710448113073,0.28639262128359344,288,3.0
santander,420,36,5,0,0,0.22297636756035655,0.10897917316042066,0.34681710448113073,0.28639262128359344,288,3.0
santander,440,0,0,0,0,0.0,0.0,0.0,0.0,768,3.0
santander,440,1,83,0,1,0.0,0.0,0.0,0.0,768,3.0
santander,440,2,266,0,6,0.0,0.0,0.0,0.0,768,3.0
santander,440,3,452,0,1,0.0,0.0,0.0,0.0,768,3.0
santander,440,4,538,0,5,0.0,0.0,0.0,0.0,768,3.0
santander,440,5,557,0,7,0.0,0.0,0.0,0.0,768,3.0
santander,440,6,565,1,5,0.0016682823622107498,0.0,0.004980004949215405,0.001769911504424737,768,3.0
santander,440,7,518,3,6,0.00706926599431003,0.0016574147126689229,0.013133170441365354,0.007551166843202228,768,3.0
santander,440,8,440,4,4,0.015399874081396496,0.0038606050723349297,0.025575964542766276,0.016573428962809444,768,3.0
santander,440,9,352,4,4,0.02562380218827534,0.01096009189548617,0.038665289732154495,0.027748730906413832,768,3.0
santander,440,10,303,5,1,0.040133007092426835,0.019142241794045806,0.05623952437023882,0.04379248122148949,768,3.0
santander,440,11,289,5,3,0.055043850886658655,0.02975260362509114,0.0774826173789918,0.06033586389931844,768,3.0
santander,440,12,273,0,0,0.055043850886658655,0.02975260362509114,0.0774826173789918,0.06033586389931844,768,3.0
santander,440,13,269,6,3,0.07373506474321988,0.046153910722080395,0.09831415954624467,0.08129491526215893,768,3.0
santander,440,14,262,4,4,0.08610075329972348,0.05389744001301561,0.11490992368969728,0.09532094709021754,768,3.0
santander,440,15,262,2,1,0.09209480843970806,0.06137329660749884,0.1197399813525521,0.10222689405899454,768,3.0
santander,440,16,263,3,1,0.10094914464459022,0.06675616222878222,0.13296145743389215,0.11246765192143948,768,3.0
santander,440,17,268,6,2,0.11806312283163856,0.08367802452088739,0.15280788998413972,0.1323377791172281,768,3.0
santander,440,18,269,5,2,0.1318476157951843,0.09442038454296763,0.1662786800236118,0.14846532969125725,768,3.0
santander,440,19,265,4,1,0.1427503694750303,0.10518576924847481,0.1775080251096583,0.16131868320535148,768,3.0
santander,440,20,249,2,3,0.14844257019141577,0.11116192389052662,0.18070963929429837,0.16805507932418395,768,3.0
santander,440,21,182,0,2,0.14844257019141577,0.11116192389052662,0.18070963929429837,0.16805507932418395,768,3.0
santander,440,22,102,1,0,0.1551760720084716,0.11744699344683986,0.19062271767513475,0.17621140207590757,768,3.0
santander,440,23,74,1,3,0.16436639205607487,0.12221734119345036,0.2061274454292621,0.18734368042623317,768,3.0
santander,440,24,64,0,0,0.16436639205607487,0.12221734119345036,0.2061274454292621,0.18734368042623317,768,3.0
santander,440,25,61,1,0,0.17491266096316058,0.13149216271791236,0.2140260617096479,0.2006659151733441,768,3.0
santander,440,26,59,2,1,0.19636269941825013,0.148868641386821,0.2524235439668327,0.22776198584543417,768,3.0
santander,440,27,55,0,1,0.19636269941825013,0.148868641386821,0.2524235439668327,0.22776198584543417,768,3.0
santander,440,28,54,1,0,0.20728271899538664,0.1565162984332204,0.26876075609091366,0.24206268981125945,768,3.0
santander,440,29,52,0,0,0.20728271899538664,0.1565162984332204,0.26876075609091366,0.24206268981125945,768,3.0
santander,440,30,48,1,1,0.21934024061180818,0.15851942260242075,0.2828308994065208,0.2578530504401916,768,3.0
santander,440,31,45,2,0,0.24399117369427004,0.1829569481481489,0.32458922817978914,0.2908373593095164,768,3.0
santander,440,32,42,0,0,0.24399117369427004,0.1829569481481489,0.32458922817978914,0.2908373593095164,768,3.0
santander,440,33,41,1,0,0.2569178825058049,0.1938973226848822,0.338673326230976,0.30813400908245503,768,3.0
santander,440,34,34,1,0,0.27212577522525766,0.21323307257142107,0.3566890190680908,0.328483008815324,768,3.0
santander,440,35,31,0,0,0.27212577522525766,0.21323307257142107,0.3566890190680908,0.328483008815324,768,3.0
santander,440,36,28,2,0,0.30797295092111066,0.24097941657208652,0.3946234440919466,0.376448508185658,768,3.0
santander,460,0,0,0,0,0.0,0.0,0.0,0.0,1877,3.0
santander,460,1,217,0,9,0.0,0.0,0.0,0.0,1877,3.0
santander,460,2,666,0,2,0.0,0.0,0.0,0.0,1877,3.0
santander,460,3,1122,0,5,0.0,0.0,0.0,0.0,1877,3.0
santander,460,4,1377,2,9,0.0013818274729779677,0.0,0.003496531029787022,0.001452432824981864,1877,3.0
santander,460,5,1408,0,12,0.0013818274729779677,0.0,0.003496531029787022,0.001452432824981864,1877,3.0
santander,460,6,1431,1,24,0.0020357369872467147,0.0,0.004179275452754586,0.002150229867032949,1877,3.0
santander,460,7,1289,4,17,0.0048887913768878586,0.0014692802570211547,0.009359440191091478,0.005246738075358692,1877,3.0
santander,460,8,1073,3,19,0.007417453748321902,0.003181479906180685,0.011938220773161583,0.008027968071420144,1877,3.0
santander,460,9,867,10,14,0.01763515521843793,0.010829411613986121,0.02623436698040003,0.019469398658831683,1877,3.0
santander,460,10,669,8,8,0.027935331408940545,0.018655543394798624,0.038295592809226876,0.03119472722494432,1877,3.0
santander,460,11,639,7,11,0.037145445917310546,0.025287320734661736,0.04963425600818883,0.041807617537034214,1877,3.0
santander,460,12,603,4,8,0.04256547065997605,0.03149923050314592,0.05533484925359853,0.048163785911581214,1877,3.0
santander,460,13,577,8,10,0.05366853694391127,0.03929064858207886,0.07027603954822974,0.061360821808820964,1877,3.0
santander,460,14,561,7,10,0.06334908470884856,0.04961158109204675,0.08199029688715881,0.07307289711601928,1877,3.0
santander,460,15,564,7,9,0.07268635063814978,0.05702733679211431,0.09102535600567416,0.08457731151351555,1877,3.0
santander,460,16,561,6,8,0.08050426007933704,0.06372150662259944,0.09941863468563347,0.09436792850267584,1877,3.0
santander,460,17,562,2,9,0.08304067553860717,0.06563416142504311,0.10304507400856606,0.09759081843683004,1877,3.0
santander,460,18,566,6,2,0.09044826344350737,0.0717582094370471,0.11073566635035058,0.10715699350640429,1877,3.0
santander,460,19,565,11,13,0.10386058632264528,0.08521445776424508,0.12771548417065648,0.12453977770362468,1877,3.0
santander,460,20,516,5,10,0.1102524702881259,0.09037022613781451,0.13442074948080976,0.13302291939254307,1877,3.0
santander,460,21,356,3,3,0.1156496621983042,0.09556962854900752,0.14259263476919581,0.14032890602687553,1877,3.0
santander,460,22,189,3,4,0.12564446203196772,0.10135035795001823,0.14958468645644893,0.15397447894708383,1877,3.0
santander,460,23,144,2,4,0.1340660063362583,0.1106203788746836,0.1623822517737896,0.16572483340615207,1877,3.0
santander,460,24,130,3,4,0.1474756961130902,0.12230270966552438,0.18053752151464073,0.18497733725062548,1877,3.0
santander,460,25,116,2,3,0.1569549595760231,0.12888003035092643,0.1905970797443126,0.19902945212561474,1877,3.0
santander,460,26,103,1,1,0.16206271804391412,0.13527954028614292,0.19842908690782068,0.2068058652117738,1877,3.0
santander,460,27,92,1,0,0.16767014853583795,0.13677674896466818,0.20456986606263766,0.21542754058990676,1877,3.0
santander,460,28,87,1,0,0.17353539192394218,0.1428333097016193,0.20923449290353774,0.22444561483599978,1877,3.0
santander,460,29,82,3,1,0.1919894503889531,0.1523513675015197,0.23291996831697306,0.25281955575663395,1877,3.0
santander,460,30,74,0,0,0.1919894503889531,0.1523513675015197,0.23291996831697306,0.25281955575663395,1877,3.0
santander,460,31,74,2,1,0.20495716714814996,0.1628833435135157,0.24507030927120244,0.2730136218172654,1877,3.0
santander,460,32,71,1,0,0.2114410255277484,0.17686466751364163,0.25120939905578094,0.2832528665804025,1877,3.0
santander,460,33,66,1,0,0.2183178450212619,0.17686737367063918,0.2622818123922606,0.29411267163221455,1877,3.0
santander,460,34,58,1,0,0.22602462548813046,0.18681977406034314,0.2681520877039797,0.30628314281096947,1877,3.0
santander,460,35,54,0,0,0.22602462548813046,0.18681977406034314,0.2681520877039797,0.30628314281096947,1877,3.0
santander,460,36,42,0,0,0.22602462548813046,0.18681977406034314,0.2681520877039797,0.30628314281096947,1877,3.0
santander,480,0,0,0,0,0.0,0.0,0.0,0.0,3610,3.0
santander,480,1,392,0,5,0.0,0.0,0.0,0.0,3610,3.0
santander,480,2,1280,0,8,0.0,0.0,0.0,0.0,3610,3.0
santander,480,3,2150,0,8,0.0,0.0,0.0,0.0,3610,3.0
santander,480,4,2652,0,20,0.0,0.0,0.0,0.0,3610,3.0
santander,480,5,2724,0,22,0.0,0.0,0.0,0.0,3610,3.0
santander,480,6,2766,2,43,0.0006957472089317126,0.0,0.0017524070795817575,0.000723065798987732,3610,3.0
santander,480,7,2500,21,36,0.008646885462045109,0.005169689183046613,0.012579694647986415,0.009116992046276251,3610,3.0
santander,480,8,2061,19,21,0.017174137242151034,0.012669018038743934,0.022583095951890755,0.01825176989737798,3610,3.0
santander,480,9,1644,15,20,0.025449961218137432,0.01913897398846709,0.03251018877583633,0.02720932674137999,3610,3.0
santander,480,10,1289,8,13,0.030959472788807042,0.023816191114362187,0.039467379284631995,0.033246817343450474,3610,3.0
santander,480,11,1227,8,12,0.036653083768113534,0.02904994288725982,0.04642123749631338,0.03955001657837498,3610,3.0
santander,480,12,1184,14,15,0.04681045690243798,0.03730581268337024,0.058654682504888124,0.05090668867964421,3610,3.0
santander,480,13,1134,15,12,0.057894891870450764,0.04523957599529787,0.06948675301454482,0.06346083300927852,3610,3.0
santander,480,14,1106,19,9,0.07194787081452629,0.058602719344181375,0.08435334383097268,0.0795496613753035,3610,3.0
santander,480,15,1091,11,18,0.07998686084389807,0.06747196447201921,0.09440723630767137,0.08883009558691823,3610,3.0
santander,480,16,1094,17,11,0.0920473499572667,0.079317757204588,0.1069680927220814,0.10298904291326416,3610,3.0
santander,480,17,1101,16,10,0.10303755684499524,0.08931311790211967,0.11830440012232459,0.11602462448763995,3610,3.0
santander,480,18,1099,6,19,0.10706888273363543,0.092737794223573,0.12297813984670564,0.12085069569152918,3610,3.0
santander,480,19,1088,22,11,0.12166020750336437,0.10454916988402288,0.13837826481103516,0.13862761177129612,3610,3.0
santander,480,20,1015,19,12,0.13475842089383533,0.11636040222675724,0.15083791922816556,0.15475182396473985,3610,3.0
santander,480,21,692,7,4,0.14162033858729167,0.12213056478101084,0.15949126496742475,0.16330202227723534,3610,3.0
santander,480,22,379,1,6,0.14338172793868398,0.12386660009573863,0.1611415478761707,0.16550966865645111,3610,3.0
santander,480,23,265,1,7,0.14585431978290261,0.12611529594385607,0.1615105693033052,0.16865868877472867,3610,3.0
santander,480,24,229,2,1,0.15140415475202215,0.12946102228364473,0.17127740228907917,0.17591931158018959,3610,3.0
santander,480,25,205,1,2,0.15446333207646365,0.13420161797211774,0.17510564123829295,0.1799392173773594,3610,3.0
santander,480,26,192,1,5,0.1576818415532198,0.13594197126543997,0.1802881443412693,0.18421036728685236,3610,3.0
santander,480,27,178,5,1,0.174497649493575,0.15209542474568366,0.19800773188754503,0.20712580640800815,3610,3.0
santander,480,28,161,2,0,0.1816835351227454,0.15721299606544298,0.20639505040482484,0.21697517527250498,3610,3.0
santander,480,29,152,3,0,0.192958756981674,0.16641350702305474,0.22257507000980864,0.23242961260265294,3610,3.0
santander,480,30,145,4,2,0.20840710693091868,0.17448543896624588,0.2424746553063571,0.25360396811706254,3610,3.0
santander,480,31,137,2,2,0.21624404358400268,0.18442645632752996,0.24923460658819915,0.2645002605533098,3610,3.0
santander,480,32,128,3,2,0.22845864407064528,0.19739040457478974,0.2633999030068098,0.2817385356965916,3610,3.0
santander,480,33,115,1,1,0.23281341467892658,0.20166187654311538,0.2661965074730557,0.2879842875600994,3610,3.0
santander,480,34,112,3,2,0.24599437214506367,0.21103339367289745,0.2807505589778814,0.30705613700045387,3610,3.0
santander,480,35,92,1,2,0.25110438101780524,0.2167359868386677,0.291580913420086,0.3145881355113185,3610,3.0
santander,480,36,86,2,0,0.2616809110102238,0.22662461427197225,0.3064130850800802,0.3305279463133809,3610,3.0
santander,500,0,0,0,0,0.0,0.0,0.0,0.0,6818,3.0
santander,500,1,680,0,8,0.0,0.0,0.0,0.0,6818,3.0
santander,500,2,2456,0,16,0.0,0.0,0.0,0.0,6818,3.0
santander,500,3,4128,0,24,0.0,0.0,0.0,0.0,6818,3.0
santander,500,4,5008,1,38,0.0001949059815207942,0.0,0.0005840164366812015,0.00019968051118213204,6818,3.0
santander,500,5,5089,4,57,0.0009561461640138786,0.0001899138960510691,0.0019126978035553523,0.0009855325995994368,6818,3.0
santander,500,6,5118,5,75,0.001890963386946476,0.0007511269096637653,0.003212110717622163,0.001961513908118828,6818,3.0
santander,500,7,4662,17,49,0.005325684788717615,0.003527944254403962,0.007600385175810232,0.0056008648870038424,6818,3.0
santander,500,8,3932,32,39,0.01288285291153021,0.009677922502766275,0.01574325071215904,0.013693635060863407,6818,3.0
santander,500,9,3218,29,32,0.02109999629972943,0.016478287764027287,0.02538297271651688,0.022582039219730676,6818,3.0
santander,500,10,2637,26,18,0.029919835505595148,0.024921231162492574,0.03535790527386804,0.03221907637569843,6818,3.0
santander,500,11,2553,25,32,0.038533323054485515,0.03213580194757248,0.045475606875832415,0.041695975353609804,6818,3.0
santander,500,12,2444,38,23,0.05190438798144384,0.04406511863903813,0.058695158349681226,0.05659595609688428,6818,3.0
santander,500,13,2344,23,29,0.06013205433654599,0.05099254958058214,0.06746121610589363,0.06585290703961966,6818,3.0
santander,500,14,2281,23,33,0.06839939817078278,0.05879291592619106,0.07675711922295965,0.07527218943246872,6818,3.0
santander,500,15,2281,22,27,0.07611314844594605,0.06642165148060629,0.08544235859042072,0.08419108984127444,6818,3.0
santander,500,16,2275,21,28,0.08333710254979126,0.07267034363088817,0.09258259113573178,0.09264471055043189,6818,3.0
santander,500,17,2290,20,36,0.09002478058479207,0.07991092743740996,0.10075454393835871,0.10056921089496962,6818,3.0
santander,500,18,2271,25,25,0.09824818037023451,0.08641285102939361,0.10946494548056175,0.11047047453549175,6818,3.0
santander,500,19,2256,26,31,0.10666783363282599,0.09535705123795438,0.11755060144887364,0.1207221445984692,6818,3.0
santander,500,20,2117,26,25,0.11541361423010452,0.10369335326889219,0.12658969640601936,0.1315210223691068,6818,3.0
santander,500,21,1378,18,22,0.12449137712090484,0.11187351830134035,0.1360070900345835,0.14286545023366126,6818,3.0
santander,500,22,686,10,13,0.1343278257343571,0.12188254577010763,0.14697102836307552,0.15536012297077995,6818,3.0
santander,500,23,439,3,3,0.13878447637038363,0.12417144735629705,0.1544871546458755,0.16113214946528487,6818,3.0
santander,500,24,393,5,9,0.14696823262737893,0.13245656339775844,0.16408865792639402,0.17180476842883086,6818,3.0
santander,500,25,371,8,6,0.16034459325875886,0.14434048333955832,0.17904927894203004,0.18966342571338446,6818,3.0
santander,500,26,341,4,3,0.16734658848662196,0.1481901097635019,0.18637144921762103,0.19916884007451774,6818,3.0
santander,500,27,331,3,3,0.17264568155181745,0.1551336314354991,0.19136179581838583,0.2064271285330569,6818,3.0
santander,500,28,312,3,3,0.1781655701613961,0.159182070172784,0.19671079689546347,0.21405763691254676,6818,3.0
santander,500,29,297,7,4,0.1914356054046255,0.16923291217454162,0.2145846722180358,0.23258153099204903,6818,3.0
santander,500,30,286,4,4,0.1990184826864709,0.17583530545444506,0.22031886134173911,0.24331465643271966,6818,3.0
santander,500,31,278,5,0,0.20849707928877764,0.1849754754389227,0.2312544888478353,0.2569241050580304,6818,3.0
santander,500,32,260,6,2,0.22044011100768413,0.1962311503670528,0.24243158742999102,0.2740720103259221,6818,3.0
santander,500,33,242,1,3,0.222512868578734,0.19935263153756339,0.24464748137583303,0.2770717127625918,6818,3.0
santander,500,34,222,2,3,0.22695715958693105,0.2042655813770104,0.2505244995135944,0.28358458021518107,6818,3.0
santander,500,35,191,2,2,0.23200643261718634,0.20821438224108474,0.25458124422660044,0.29108631235952476,6818,3.0
santander,500,36,166,3,2,0.24053848734602135,0.21840843016670253,0.2647123684927901,0.30389800550965385,6818,3.0
santander,520,0,0,0,0,0.0,0.0,0.0,0.0,9979,3.0
santander,520,1,965,0,9,0.0,0.0,0.0,0.0,9979,3.0
santander,520,2,3413,0,29,0.0,0.0,0.0,0.0,9979,3.0
santander,520,3,5789,0,32,0.0,0.0,0.0,0.0,9979,3.0
santander,520,4,7128,1,45,0.00013704072068516774,0.0,0.0004138138888235992,0.00014029180695851462,9979,3.0
santander,520,5,7269,6,79,0.0009381322468034986,0.00027021477269407047,0.0016147384078475028,0.0009655990361727707,9979,3.0
santander,520,6,7336,7,123,0.001853374219391617,0.0010441086817589119,0.0029314627815941303,0.0019188761363291285,9979,3.0
santander,520,7,6674,35,88,0.0067943643710772494,0.005150970748217118,0.00893533101234997,0.007153044451466695,9979,3.0
santander,520,8,5585,47,71,0.014577027344519128,0.011991811162709694,0.017359109178786872,0.015508247121257424,9979,3.0
santander,520,9,4565,50,42,0.024492391348109523,0.02114507000055707,0.028156508356233508,0.02629128932146274,9979,3.0
santander,520,10,3666,40,38,0.034170825213479916,0.029423144016850013,0.039094853355134816,0.03691549783950454,9979,3.0
santander,520,11,3533,38,47,0.043508473012376474,0.038175167085916964,0.04909952122070223,0.04727417632297437,9979,3.0
santander,520,12,3386,38,39,0.05301709959554107,0.04646598857804017,0.05932853554645075,0.05796631492301185,9979,3.0
santander,520,13,3246,35,49,0.061945023742906315,0.05555947206807286,0.06884014505253326,0.06812379458342299,9979,3.0
santander,520,14,3174,35,43,0.07083919392374087,0.06405330902476127,0.07777154939330821,0.0783996821667815,9979,3.0
santander,520,15,3154,31,33,0.07857202187261103,0.07143708741402827,0.08582236160447475,0.08745789708524376,9979,3.0
santander,520,16,3183,41,45,0.08850049240499944,0.08098038785665589,0.09699790569348597,0.09921228798047,9979,3.0
santander,520,17,3183,29,35,0.09533332938135554,0.08729714540652311,0.10321132984653231,0.1074192762458066,9979,3.0
santander,520,18,3174,23,37,0.10065857139266356,0.09314506914958721,0.10918626976747116,0.11388725250489495,9979,3.0
santander,520,19,3157,30,43,0.10750993149920933,0.09977186680132422,0.11628941025521078,0.12230770940221936,9979,3.0
santander,520,20,2956,37,36,0.11632584262954,0.10761851196148309,0.12535609332875203,0.1332937089800671,9979,3.0
santander,520,21,2012,27,41,0.12554403802871347,0.11705786460279496,0.13459352882962813,0.14492445940627885,9979,3.0
santander,520,22,999,13,15,0.13418090579010122,0.12414216913825388,0.144112472315712,0.15605156854313407,9979,3.0
santander,520,23,662,13,7,0.14684918161533916,0.1356162487697263,0.15725070753058654,0.172624573994704,9979,3.0
santander,520,24,565,6,4,0.1534929118370977,0.13999418962179683,0.167650716172065,0.18141086170449472,9979,3.0
santander,520,25,529,5,8,0.15930146614251042,0.14494343336253462,0.1759400161436415,0.1891479991174957,9979,3.0
santander,520,26,498,5,6,0.1653199681939019,0.1489944400450229,0.18165789007650895,0.19728908346370555,9979,3.0
santander,520,27,466,2,5,0.16783585703426898,0.1536624831306308,0.18425207931105772,0.2007341946934751,9979,3.0
santander,520,28,445,6,5,0.1756209782324386,0.16006396115946794,0.1915965670618866,0.21151081229311364,9979,3.0
santander,520,29,419,6,6,0.1836848030534544,0.16811841825890922,0.20042625820916324,0.22280182691421457,9979,3.0
santander,520,30,409,8,4,0.19438399360652178,0.1790736699222463,0.21392084730080613,0.23800374717017125,9979,3.0
santander,520,31,393,6,6,0.2024900597316511,0.18382901342102448,0.22188154360418602,0.24963727774772593,9979,3.0
santander,520,32,373,6,3,0.21076998250289578,0.1935594340978153,0.23133223114197404,0.2617074555855641,9979,3.0
santander,520,33,350,7,2,0.22081628879867266,0.20238692896970023,0.2408241886415296,0.2764733064738528,9979,3.0
santander,520,34,311,1,5,0.22238991785097395,0.205483003932929,0.24202494573866087,0.27879975886461206,9979,3.0
santander,520,35,262,5,1,0.23154939993020857,0.21357000661717065,0.25219612511639383,0.2925631222450584,9979,3.0
santander,520,36,208,1,1,0.2338040416727894,0.21391309098910957,0.2546730005460179,0.29596426108041873,9979,3.0
santander,540,0,0,0,0,0.0,0.0,0.0,0.0,14121,3.0
santander,540,1,1230,0,12,0.0,0.0,0.0,0.0,14121,3.0
santander,540,2,4662,0,28,0.0,0.0,0.0,0.0,14121,3.0
santander,540,3,8163,1,61,0.00012058023908043182,0.0,0.00036145504019855705,0.0001225039813793627,14121,3.0
santander,540,4,9908,2,73,0.00031775838134740354,9.548041963890208e-05,0.0006565721613614934,0.00032433633826645103,14121,3.0
santander,540,5,10090,2,103,0.0005099142458579221,0.00012220840284235104,0.0009232659949355125,0.0005224881050973629,14121,3.0
santander,540,6,10201,9,156,0.0013563061076478328,0.0006676626022290034,0.002039994050591427,0.0014042935758408204,14121,3.0
santander,540,7,9415,49,132,0.006268385502481769,0.004869607678537477,0.007715256601524871,0.006601445951282536,14121,3.0
santander,540,8,7934,52,78,0.01233533410101822,0.010413242591023752,0.014277688057353901,0.013112250691707739,14121,3.0
santander,540,9,6466,57,76,0.020361781944143717,0.01753478694835948,0.0233583206490021,0.021812003508066002,14121,3.0
santander,540,10,5320,54,60,0.029413690288319104,0.025974756211117767,0.03372115236220053,0.03174097941230736,14121,3.0
santander,540,11,5143,49,62,0.03772807484247425,0.03332699818244751,0.04231593069712566,0.04096607993900325,14121,3.0
santander,540,12,4958,51,58,0.04651098243729912,0.041919625393551874,0.05164348748108263,0.05083109202514913,14121,3.0
santander,540,13,4755,61,68,0.057223699513506435,0.05195321392536251,0.06239818495320217,0.06300760167529973,14121,3.0
santander,540,14,4620,47,59,0.06548847977091593,0.05994493792485436,0.07094282177708243,0.07253977542449042,14121,3.0
santander,540,15,4604,61,66,0.07600542296092062,0.06953981757920213,0.08266461398831904,0.08482801906026494,14121,3.0
santander,540,16,4618,41,50,0.08285835958499212,0.07702728826723022,0.0899007508594948,0.0929531925592968,14121,3.0
santander,540,17,4626,51,66,0.09120031570235504,0.08433920200553709,0.09810329937522522,0.10295306008620464,14121,3.0
santander,540,18,4580,42,62,0.09796366430066805,0.0916019733794302,0.10465806910595422,0.11117925473170243,14121,3.0
santander,540,19,4515,48,63,0.10562643875434287,0.09877912135544537,0.11217175791207372,0.12062851182425582,14121,3.0
santander,540,20,4231,43,59,0.11277169068375921,0.10531995315346902,0.11933582825562662,0.12956563637910268,14121,3.0
santander,540,21,2909,39,44,0.12197014506707517,0.11469784343572928,0.12886551459193574,0.14123526174218792,14121,3.0
santander,540,22,1432,24,15,0.1331411085768521,0.12407289939008742,0.14244302909386136,0.15562796685265412,14121,3.0
santander,540,23,930,9,10,0.1394157667095615,0.1302748372614382,0.14968745472653153,0.1637993091089187,14121,3.0
santander,540,24,819,12,10,0.1487217716894528,0.1375945745563764,0.16097948170114681,0.1760513338838796,14121,3.0
santander,540,25,754,10,8,0.1569190373492377,0.14561847858817972,0.16866249316860382,0.18697903502600322,14121,3.0
santander,540,26,707,9,8,0.1645991912007816,0.15236080621696527,0.17715744457784185,0.19732866541463967,14121,3.0
santander,540,27,674,9,3,0.17246166324464698,0.1574151798799102,0.1858006607339581,0.2080468286361059,14121,3.0
santander,540,28,639,5,11,0.1769869253669204,0.1604322708486671,0.19012232149613056,0.21424364531344464,14121,3.0
santander,540,29,601,4,5,0.18073965522006694,0.16630339615349982,0.19474618520242584,0.219473304912024,14121,3.0
santander,540,30,572,9,3,0.18947852963333825,0.1752111194863235,0.2039953826856335,0.2317543193452264,14121,3.0
santander,540,31,544,5,7,0.19447625192850976,0.17845212935451643,0.21096287165733935,0.23881540096889153,14121,3.0
santander,540,32,514,6,3,0.20068353969745428,0.18293769383045977,0.21705632728246235,0.24770082430388496,14121,3.0
santander,540,33,476,3,7,0.20397627112950995,0.18735607398188275,0.22126755393030065,0.2524422056633142,14121,3.0
santander,540,34,425,2,4,0.2063831932429812,0.18963672693035513,0.22367143193146932,0.2559601246954869,14121,3.0
santander,540,35,363,3,6,0.21055055012539636,0.19354697877239269,0.2284792227914718,0.2621092145740366,14121,3.0
santander,540,36,303,8,4,0.2235339986303465,0.2067335615626284,0.2448257124818507,0.2815914795357781,14121,3.0
santander,560,0,0,0,0,0.0,0.0,0.0,0.0,17945,3.0
santander,560,1,1539,0,22,0.0,0.0,0.0,0.0,17945,3.0
santander,560,2,5829,0,36,0.0,0.0,0.0,0.0,17945,3.0
santander,560,3,10174,1,49,9.628634489039221e-05,0.0,0.0002961279867274036,9.828975820724839e-05,17945,3.0
santander,560,4,12541,5,82,0.0004849327668943515,0.00015661365667388785,0.0008981623546140763,0.0004969428601296899,17945,3.0
santander,560,5,12767,6,157,0.0009398746520329722,0.0004759473028803925,0.0014160754218069881,0.0009666709358592263,17945,3.0
santander,560,6,12892,14,208,0.001977691712794432,0.0013628126207341645,0.0026321519168804814,0.0020515659565617517,17945,3.0
santander,560,7,11890,59,151,0.006638267150923798,0.005317748671437395,0.007998377421700011,0.007003538842058954,17945,3.0
santander,560,8,10134,73,128,0.013284450734240612,0.011140688892775308,0.015792326163600927,0.014156562491608016,17945,3.0
santander,560,9,8400,78,116,0.02168185816995604,0.019120051694281704,0.02489670553644619,0.02331082298275744,17945,3.0
santander,560,10,6872,76,88,0.03145226340362172,0.028059000994926628,0.03494748747396907,0.034112391296685085,17945,3.0
santander,560,11,6695,74,96,0.040984025116505986,0.03706604471694808,0.045143300984687766,0.044788370840231906,17945,3.0
santander,560,12,6415,59,88,0.04871398649380501,0.044570947521167796,0.053655138257569075,0.05357363757763278,17945,3.0
santander,560,13,6194,55,100,0.05600597186294318,0.0511976386042439,0.061277619819299835,0.06197748806733738,17945,3.0
santander,560,14,6042,63,70,0.06435446236153244,0.058791792032434925,0.0696670653802027,0.07175825904578126,17945,3.0
santander,560,15,6027,59,81,0.0720198163927667,0.06622499600669456,0.07746057090171671,0.08084507880956071,17945,3.0
santander,560,16,6012,73,78,0.08130687380415,0.07458289575395527,0.08719464307577096,0.0920058088905491,17945,3.0
santander,560,17,5966,72,98,0.09030550056847308,0.08303049456317556,0.09638748943135798,0.1029638346632411,17945,3.0
santander,560,18,5866,65,87,0.09833231859512166,0.09053618644613427,0.10532159614085823,0.11290371716356318,17945,3.0
santander,560,19,5755,55,98,0.10507585425303745,0.09729568923512412,0.11153874858342347,0.12138161387181756,17945,3.0
santander,560,20,5356,56,75,0.11225736032376893,0.10400356906128329,0.1188746124658321,0.13056806451094716,17945,3.0
santander,560,21,3625,27,44,0.11724815327415535,0.10910860120170426,0.1239187167180076,0.13704383340976223,17945,3.0
santander,560,22,1817,10,27,0.12086365260061396,0.1121269155247081,0.12813742603780784,0.14179317940090275,17945,3.0
santander,560,23,1143,16,12,0.12987235083486956,0.12032392610925707,0.1384912814648565,0.1538065732150634,17945,3.0
santander,560,24,978,14,15,0.13885917211789167,0.12862810791855722,0.14778847593917585,0.16591977155349813,17945,3.0
santander,560,25,882,14,12,0.14852866576595058,0.1365494456965276,0.15750101770719035,0.17915914025899815,17945,3.0
santander,560,26,825,6,12,0.1528284509933472,0.13998096554259148,0.16215249842791363,0.18512889196620552,17945,3.0
santander,560,27,788,11,11,0.16090146145519144,0.14733855132037915,0.1703614323686224,0.19650399626616966,17945,3.0
santander,560,28,735,13,6,0.17084469437776967,0.15774914023280434,0.18137393736627427,0.2107154902097612,17945,3.0
santander,560,29,680,6,8,0.17567683562611763,0.16145581596501782,0.18600687207422742,0.21767976529614563,17945,3.0
santander,560,30,658,9,9,0.1830131716551444,0.16855360998633392,0.19496329647033045,0.22838019403829568,17945,3.0
santander,560,31,637,12,12,0.19284102107131842,0.17888973354202253,0.20774965910565663,0.24291620294181293,17945,3.0
santander,560,32,589,5,6,0.19710281485464798,0.18142707827400528,0.2114611108247621,0.24934306030223896,17945,3.0
santander,560,33,533,8,4,0.20449738688245883,0.18817556236319719,0.2196714071756568,0.26060995620764627,17945,3.0
santander,560,34,475,8,1,0.21260806483296293,0.19624310506942813,0.23010703975123853,0.273062841155728,17945,3.0
santander,560,35,417,4,6,0.2171399304503909,0.19915549674881694,0.23471453451860028,0.28003585946598486,17945,3.0
santander,560,36,349,9,6,0.229031208213026,0.21258883572279313,0.24823431155274206,0.298602269966862,17945,3.0
santander,580,0,0,0,0,0.0,0.0,0.0,0.0,21118,3.0
santander,580,1,1831,0,20,0.0,0.0,0.0,0.0,21118,3.0
santander,580,2,6932,0,40,0.0,0.0,0.0,0.0,21118,3.0
santander,580,3,12164,0,77,0.0,0.0,0.0,0.0,21118,3.0
santander,580,4,14959,3,124,0.00019596459934706302,0.0,0.0004577680902141588,0.00020054816498427108,21118,3.0
santander,580,5,15182,10,223,0.000834120955012904,0.00044157534894394566,0.0013440724503489688,0.0008590908153828236,21118,3.0
santander,580,6,15195,20,248,0.002089770755716906,0.0014969210158097606,0.0027831877735549405,0.0021741825023647854,21118,3.0
santander,580,7,13952,58,210,0.005985624057595852,0.004764331434596823,0.007116034912535873,0.006322254278086081,21118,3.0
santander,580,8,11846,83,184,0.01242574511749335,0.010749977770705023,0.014043879251201737,0.013284541370346625,21118,3.0
santander,580,9,9738,75,128,0.019345305220433123,0.016730514284753247,0.021681820752064564,0.020884013479324226,21118,3.0
santander,580,10,7915,77,100,0.027903412493169057,0.025293499865911367,0.03094630239370925,0.03040921006329045,21118,3.0
santander,580,11,7676,80,115,0.03686677058368301,0.03348056121615279,0.04102572033190204,0.040514377233032084,21118,3.0
santander,580,12,7416,84,108,0.04636078703040518,0.04239055083482822,0.050418673486178504,0.051382337361460584,21118,3.0
santander,580,13,7227,68,114,0.05404322900915587,0.04967922804058271,0.058735945723934216,0.060308032817309676,21118,3.0
santander,580,14,7131,73,89,0.0621910934969387,0.05740755095347387,0.06741392362480868,0.06992765329190465,21118,3.0
santander,580,15,7118,73,97,0.07016839998968366,0.06472552488038548,0.07533813901320756,0.07946618677177131,21118,3.0
santander,580,16,7156,82,97,0.07886875048002903,0.07308846448198913,0.08449639750773222,0.09001450604017747,21118,3.0
santander,580,17,7167,62,117,0.0852726705694134,0.07946757791490489,0.09122213706299179,0.09788657254296929,21118,3.0
santander,580,18,7105,79,115,0.09329813399404581,0.08755873332469055,0.098886433015788,0.10791710889330075,21118,3.0
santander,580,19,6970,65,101,0.09984546805193631,0.09390114599813268,0.1060905147550424,0.11623638980032158,21118,3.0
santander,580,20,6503,83,86,0.10859288417273409,0.10247478680611807,0.11508820899116869,0.1275161652342095,21118,3.0
santander,580,21,4370,43,69,0.11516139275946378,0.10848233573017353,0.12214113819104677,0.13610124644586374,21118,3.0
santander,580,22,2158,24,30,0.12239514741488418,0.11553390086212242,0.12992426414804298,0.1457090175697281,21118,3.0
santander,580,23,1401,14,23,0.1287322125210602,0.12158647815881155,0.1365223643256535,0.15424582967110134,21118,3.0
santander,580,24,1211,17,18,0.13739942177445233,0.12946506990343537,0.14602478234292648,0.16611851414310075,21118,3.0
santander,580,25,1097,13,10,0.14450459068784494,0.13570585517108463,0.15274186368842269,0.17600042783146874,21118,3.0
santander,580,26,1014,10,13,0.15029350846434597,0.14050554452266134,0.1597097648425025,0.18412665635384085,21118,3.0
santander,580,27,956,12,12,0.1574945346357006,0.14722207783978036,0.16682319816624513,0.1943677443493993,21118,3.0
santander,580,28,903,10,5,0.1636881082714541,0.15258684785530946,0.1733462931559942,0.20328947475527526,21118,3.0
santander,580,29,850,15,13,0.17339380248654082,0.16153029687316575,0.1843075776077033,0.217349072259594,21118,3.0
santander,580,30,789,15,12,0.18350543828476804,0.17243939643222778,0.19433492037716837,0.23222836746378428,21118,3.0
santander,580,31,744,9,14,0.18971920157367864,0.17883679773172945,0.20059252521984136,0.2415159275347869,21118,3.0
santander,580,32,690,7,6,0.1947692600791749,0.18304926995511628,0.20593891419699567,0.2492106934873325,21118,3.0
santander,580,33,635,8,4,0.20092249221995503,0.18948240198627714,0.2127437212984071,0.2586694564040275,21118,3.0
santander,580,34,576,7,8,0.2067458961622168,0.1945278054802766,0.21862490636417076,0.2676786817602286,21118,3.0
santander,580,35,497,12,5,0.2180144087633396,0.20373542023876154,0.2340559631394124,0.285360484212698,21118,3.0
santander,580,36,418,4,0,0.22232771502214257,0.20775562865012656,0.23827019004992275,0.2921991398661651,21118,3.0
santander,600,0,0,0,0,0.0,0.0,0.0,0.0,21994,3.0
santander,600,1,1597,0,23,0.0,0.0,0.0,0.0,21994,3.0
santander,600,2,6751,0,45,0.0,0.0,0.0,0.0,21994,3.0
santander,600,3,12251,0,94,0.0,0.0,0.0,0.0,21994,3.0
santander,600,4,14915,1,140,6.513686796011789e-05,0.0,0.0001958334376594307,6.70465973852119e-05,21994,3.0
santander,600,5,15160,14,202,0.0009538340461526602,0.0005667739303732036,0.0015225085333267585,0.000990467530606609,21994,3.0
santander,600,6,15221,23,248,0.0023872666369854152,0.001735625639226102,0.0030886407246883594,0.00250004109652191,21994,3.0
santander,600,7,14188,89,225,0.008231929406908934,0.007061730944712174,0.009617675792396122,0.008757265253725888,21994,3.0
santander,600,8,12341,80,207,0.014138165131249296,0.012505667092006829,0.016031972734944628,0.015182953510731179,21994,3.0
santander,600,9,10404,83,160,0.021237697198194093,0.018881898864781317,0.02374594489322049,0.023039529333357955,21994,3.0
santander,600,10,8798,70,127,0.028152856138007668,0.025508513154356437,0.03094889911471269,0.030812572405268135,21994,3.0
santander,600,11,8565,67,131,0.0347994709270487,0.031598281234550656,0.03825022805325424,0.03839407359018898,21994,3.0
santander,600,12,8324,87,145,0.043474734069718066,0.03958453293139161,0.04747589805091352,0.04844449593493361,21994,3.0
santander,600,13,8145,75,163,0.050904745008360404,0.04677057401338686,0.055009894042695656,0.057206517151002334,21994,3.0
santander,600,14,8065,75,117,0.0581891959062953,0.05361619012068266,0.06272828488565667,0.06597397049429743,21994,3.0
santander,600,15,8103,87,116,0.0663993105584676,0.06172094396398109,0.0709654479185986,0.07600238769372925,21994,3.0
santander,600,16,8091,84,124,0.07413918909980348,0.06907045312316311,0.07882454667358273,0.08559524388378326,21994,3.0
santander,600,17,8029,64,151,0.07992900696635635,0.07462259059282347,0.08473754734537532,0.09288405997438454,21994,3.0
santander,600,18,7901,66,116,0.08583401113792109,0.08072968987566237,0.09114249731238307,0.10046153776728295,21994,3.0
santander,600,19,7720,74,117,0.09245391577919682,0.08767312705075238,0.09769391936064742,0.10908405670578303,21994,3.0
santander,600,20,7222,79,118,0.09982153068988456,0.09368856516115241,0.10507133939278128,0.11882960634857498,21994,3.0
santander,600,21,4846,46,86,0.10604053098345499,0.09992568897383693,0.11166448952069645,0.12719399720865865,21994,3.0
santander,600,22,2339,15,30,0.11012761307686508,0.10364230285405616,0.11580889194602649,0.13279129949248514,21994,3.0
santander,600,23,1510,18,21,0.1175785532005335,0.11005477169882626,0.12373949765566014,0.14312888665085288,21994,3.0
santander,600,24,1286,8,18,0.12136646850100567,0.11331075111334918,0.12747310040317364,0.14845934458770604,21994,3.0
santander,600,25,1171,15,22,0.1290086118804809,0.12105014239962199,0.13726713394576057,0.15936720951612993,21994,3.0
santander,600,26,1045,12,12,0.13564301616168659,0.1257179947893491,0.14477006199745526,0.16902040902407867,21994,3.0
santander,600,27,976,13,11,0.14316166780311787,0.1342124703931174,0.15267536334576495,0.18008878472355294,21994,3.0
santander,600,28,908,10,13,0.14922550748682048,0.14047375676783133,0.1592989228968522,0.18911864392263278,21994,3.0
santander,600,29,827,14,10,0.1583102685123435,0.1477947108337346,0.17124072877874308,0.20284577691547812,21994,3.0
santander,600,30,768,5,7,0.161702689970442,0.15140671301854447,0.17371672635032664,0.2080355830553513,21994,3.0
santander,600,31,732,6,4,0.16590706803982308,0.15538285674525618,0.1789038296624145,0.2145270946696517,21994,3.0
santander,600,32,685,11,13,0.1740314404551575,0.16212122061147907,0.18701116936259538,0.22714052818590547,21994,3.0
santander,600,33,584,4,2,0.1773752824019421,0.16575055464714578,0.19118403379298265,0.23243408621202943,21994,3.0
santander,600,34,484,6,8,0.18336518109587238,0.1706754187195411,0.19810766425659362,0.24194936613502083,21994,3.0
santander,600,35,403,5,6,0.18918662937161104,0.17568965208038836,0.20604266388757664,0.25135446084798585,21994,3.0
santander,600,36,359,2,6,0.19172925636224009,0.17847965654770961,0.20933657629252278,0.25552518808560154,21994,3.0
santander,620,0,0,0,0,0.0,0.0,0.0,0.0,18040,3.0
santander,620,1,1257,0,10,0.0,0.0,0.0,0.0,18040,3.0
santander,620,2,5545,0,48,0.0,0.0,0.0,0.0,18040,3.0
santander,620,3,10122,1,90,9.716034076231245e-05,0.0,0.0002900886170257191,9.879470460383288e-05,18040,3.0
santander,620,4,12280,1,126,0.00017652641390455645,0.0,0.0004298262857380237,0.0001802198841881486,18040,3.0
santander,620,5,12478,4,188,0.0004857220820878201,0.00015373893097333022,0.0008861204528444146,0.000500726305126098,18040,3.0
santander,620,6,12524,12,234,0.0013956816747018996,0.000844696797469566,0.002074773671271224,0.0014584068612054635,18040,3.0
santander,620,7,11733,50,197,0.005363295768183131,0.0040486294002281395,0.006770447533827216,0.0057136765839481685,18040,3.0
santander,620,8,10321,86,171,0.012957895770284451,0.010480459065529047,0.014781372245089614,0.0139985931437564,18040,3.0
santander,620,9,8815,80,130,0.021023645686114784,0.017974076768985107,0.02331034457446909,0.022946989348917923,18040,3.0
santander,620,10,7576,46,105,0.02629137567090742,0.02312492580967231,0.029161789827089498,0.028879465390358017,18040,3.0
santander,620,11,7406,76,125,0.03501690969860084,0.031475522580797166,0.03842163400877383,0.038845055537580886,18040,3.0
santander,620,12,7171,63,138,0.04228421217087671,0.03809461030968205,0.04605740622080035,0.04728917232758689,18040,3.0
santander,620,13,7044,63,128,0.04947516876255229,0.04511022474069158,0.05295034290327775,0.05581001022414589,18040,3.0
santander,620,14,6986,61,102,0.056305285133361756,0.05174388415727496,0.060549746173425324,0.06405444042402098,18040,3.0
santander,620,15,7005,81,109,0.06513914526568099,0.05996957475550232,0.06986022211416798,0.0748769372585184,18040,3.0
santander,620,16,6997,51,108,0.070556529783013,0.06535277135140656,0.07544808928484922,0.08162000946086445,18040,3.0
santander,620,17,6962,62,107,0.07702506956037584,0.07131896469085947,0.08225571816741555,0.08979863046250569,18040,3.0
santander,620,18,6862,60,126,0.08322200133625599,0.07732097411769132,0.08904081574382905,0.09775725508684985,18040,3.0
santander,620,19,6669,51,102,0.0884949221722748,0.08287128257280856,0.09426411352745312,0.10465699717570431,18040,3.0
santander,620,20,6217,59,113,0.09488834305140259,0.08839569212453599,0.09978800533341656,0.11315389876274518,18040,3.0
santander,620,21,4180,33,81,0.10005982778124124,0.09342589959596452,0.10478836134813706,0.1201553153514604,18040,3.0
santander,620,22,1997,15,23,0.10484592895835326,0.09776801308598465,0.11057513375214027,0.1267640636087103,18040,3.0
santander,620,23,1269,14,24,0.11174183706885887,0.10448438686161546,0.11852021351816056,0.13639787220561972,18040,3.0
santander,620,24,1069,10,10,0.11741393574855445,0.10860887127874361,0.1255502331177959,0.14447647022053445,18040,3.0
santander,620,25,961,6,13,0.1211288357579201,0.11189705326906546,0.1293353252333802,0.1498179282628621,18040,3.0
santander,620,26,847,7,14,0.12594899527420447,0.1161320772528849,0.13462398872891274,0.15684422637639217,18040,3.0
santander,620,27,776,8,14,0.13181269447958133,0.12160311116353263,0.1408059380736838,0.16553655393952216,18040,3.0
santander,620,28,716,9,13,0.13875945823790664,0.12669652299611703,0.14887790002182108,0.17602561960229357,18040,3.0
santander,620,29,639,7,4,0.1446275469768989,0.13160869526156094,0.15594250266604998,0.1850519430182309,18040,3.0
santander,620,30,609,14,4,0.15672987777521458,0.14174238957980861,0.17008028971293856,0.20378638110976577,18040,3.0
santander,620,31,574,7,10,0.16296025887434748,0.1483585544605099,0.17601494274434465,0.21349630329135405,18040,3.0
santander,620,32,520,9,9,0.17154072603092804,0.15675298685978958,0.1852287305551762,0.22710886727284985,18040,3.0
santander,620,33,443,7,3,0.179103244613377,0.16356889810539796,0.19481125117427123,0.23932159397508468,18040,3.0
santander,620,34,377,5,5,0.1853074328403577,0.16914730719297894,0.20161729526481173,0.24941016699928786,18040,3.0
santander,620,35,313,7,3,0.19549181594266657,0.17803864851432857,0.2135672386127748,0.26619652109195546,18040,3.0
santander,620,36,265,9,1,0.21046368263808238,0.1915434086271825,0.22862169183817296,0.29111814867751173,18040,3.0
santander,640,0,0,0,0,0.0,0.0,0.0,0.0,11184,3.0
santander,640,1,803,0,11,0.0,0.0,0.0,0.0,11184,3.0
santander,640,2,3103,0,17,0.0,0.0,0.0,0.0,11184,3.0
santander,640,3,5585,0,52,0.0,0.0,0.0,0.0,11184,3.0
santander,640,4,6745,2,62,0.00028814382493585073,0.0,0.0007289345021817325,0.0002965159377316118,11184,3.0
santander,640,5,6851,1,121,0.0004286407519827357,0.0,0.0009978141327920394,0.00044243674988497794,11184,3.0
santander,640,6,6855,9,141,0.001669871152987317,0.0008359811217442595,0.00279603261110891,0.001754766154589693,11184,3.0
santander,640,7,6333,38,120,0.007218463076631671,0.005403594753130347,0.009562243201889928,0.00774455280959141,11184,3.0
santander,640,8,5431,55,83,0.016349477681229612,0.013511904599175034,0.020017044577575752,0.01779317177395756,11184,3.0
santander,640,9,4508,41,83,0.024341527662626775,0.02099916542694129,0.027850652728259876,0.026726286227654827,11184,3.0
santander,640,10,3755,43,54,0.03412748671620179,0.030075605717626717,0.039624939680692764,0.037871631019189,11184,3.0
santander,640,11,3644,34,46,0.04189494963333369,0.03700270379813703,0.04832495502125238,0.04684867946741833,11184,3.0
santander,640,12,3532,41,75,0.0513464581213007,0.04618012393850512,0.058513297097273764,0.05791300680089395,11184,3.0
santander,640,13,3422,41,61,0.06078139470660032,0.055237509181215956,0.06848470544266856,0.06920043132490428,11184,3.0
santander,640,14,3379,27,62,0.06688615737636305,0.06150264305378451,0.07486827028023592,0.0766380129627342,11184,3.0
santander,640,15,3429,30,69,0.07339426443171426,0.06752776949185868,0.08171437391962993,0.08471642054836204,11184,3.0
santander,640,16,3405,22,46,0.07806175266348156,0.07103900057919264,0.08629006744084496,0.0906301470528953,11184,3.0
santander,640,17,3411,33,66,0.0849110966517874,0.07806344477072669,0.09343456631181966,0.09942792047630622,11184,3.0
santander,640,18,3362,36,49,0.09227198377177083,0.08469370966663808,0.10080311288000686,0.10907116701492992,11184,3.0
santander,640,19,3294,34,48,0.09918805441481132,0.09166291006092532,0.10753447101303383,0.11826715375490937,11184,3.0
santander,640,20,3034,29,53,0.10543314096584021,0.09744488118424195,0.11390372827149854,0.12669505505389012,11184,3.0
santander,640,21,2066,22,29,0.11220252543307692,0.10406945035542503,0.12079947287986371,0.13599452687809843,11184,3.0
santander,640,22,1021,10,11,0.11827514127382216,0.10943430455895732,0.1284497863002554,0.1444568723543168,11184,3.0
santander,640,23,692,8,9,0.12529550640763168,0.11667463616774695,0.13646493143600621,0.1543475443502207,11184,3.0
santander,640,24,594,5,6,0.13028156119016684,0.1199510341637524,0.14143536352267996,0.1614658310139394,11184,3.0
santander,640,25,546,5,11,0.13560549880595074,0.12496477209776538,0.1474356916458231,0.1691447153453136,11184,3.0
santander,640,26,486,4,10,0.14025025096457702,0.12945824723668445,0.15423706143761393,0.17598303044535213,11184,3.0
santander,640,27,448,10,4,0.1524841963823873,0.1385021580844849,0.17188374306007365,0.19437626637291128,11184,3.0
santander,640,28,417,6,7,0.16012381121883287,0.1448154063576357,0.1759196774945692,0.2059679747704234,11184,3.0
santander,640,29,373,4,6,0.1656401729595371,0.14962311585728164,0.18358136164323777,0.21448306351283175,11184,3.0
santander,640,30,347,2,7,0.16852553219855096,0.1525747999815928,0.18688012553208405,0.21901053865108633,11184,3.0
santander,640,31,334,9,4,0.18166514717621596,0.16715500640758355,0.20146056902845247,0.24005516485509903,11184,3.0
santander,640,32,295,3,7,0.18643104142235206,0.17054216584518112,0.20647473736069455,0.2477834174158946,11184,3.0
santander,640,33,256,3,3,0.19173682212605828,0.1739083885376322,0.2120825393632648,0.25659845549305205,11184,3.0
santander,640,34,198,3,5,0.1984360401862934,0.17988644249462934,0.21634362395366485,0.26786211525830883,11184,3.0
santander,640,35,165,4,3,0.20872170831917966,0.19019439414310926,0.22815608860891062,0.28561091246416803,11184,3.0
santander,640,36,150,1,1,0.21143026759417305,0.19303441401921867,0.23477273571688073,0.2903735063810736,11184,3.0
santander,660,0,0,0,0,0.0,0.0,0.0,0.0,7370,4.0
santander,660,1,537,0,3,0.0,0.0,0.0,0.0,7370,4.0
santander,660,2,1885,0,21,0.0,0.0,0.0,0.0,7370,4.0
santander,660,3,3375,0,27,0.0,0.0,0.0,0.0,7370,4.0
santander,660,4,4190,0,45,0.0,0.0,0.0,0.0,7370,4.0
santander,660,5,4255,5,65,0.0011339506356434846,0.00022692415908164305,0.002080005184238313,0.001175088131609825,7370,4.0
santander,660,6,4264,6,89,0.0024694806760284706,0.0013430977744320618,0.004035852892392768,0.0025805640863965085,7370,4.0
santander,660,7,3929,21,64,0.007429365273706638,0.005348271189782251,0.010128454262258271,0.007911642771605387,7370,4.0
santander,660,8,3396,24,69,0.013845584823925342,0.010846981248342859,0.01686541781715557,0.014922867911028703,7370,4.0
santander,660,9,2791,28,48,0.022704381684107273,0.018353509830697307,0.027479063950647097,0.024805404528187913,7370,4.0
santander,660,10,2283,24,40,0.031734467464243916,0.0257429234539147,0.03826494204590432,0.03505712169477726,7370,4.0
santander,660,11,2204,25,44,0.04120482455463034,0.034741011645708975,0.04735553831901874,0.04600248102219584,7370,4.0
santander,660,12,2125,20,49,0.04881676333598564,0.04171390828867846,0.05739652573447365,0.05498128120081047,7370,4.0
santander,660,13,2068,20,49,0.0563845322598089,0.04840260315085026,0.06478834880993686,0.06412072722401341,7370,4.0
santander,660,14,2049,18,44,0.0630293214598335,0.054625532052789506,0.07151586540971454,0.07234221424693565,7370,4.0
santander,660,15,2058,20,30,0.0701577072391494,0.06051640215295468,0.07985275972153498,0.08135735307835512,7370,4.0
santander,660,16,2068,18,43,0.0763871167074181,0.06681351521403667,0.08589905404587696,0.08935327553705419,7370,4.0
santander,660,17,2033,18,32,0.08253685837137052,0.07236444825891442,0.09286705772305652,0.09741606011173842,7370,4.0
santander,660,18,2000,17,37,0.08829557896118997,0.07777508628167513,0.09823017697303775,0.10508802360078862,7370,4.0
santander,660,19,1949,22,43,0.095736569692224,0.08520659089005947,0.10630732611641298,0.1151896467310003,7370,4.0
santander,660,20,1760,8,41,0.09863302145612236,0.08833350956578107,0.10924033426577487,0.11921151197313207,7370,4.0
santander,660,21,1223,15,18,0.10623087862297147,0.09525126583315974,0.11813842485536893,0.13001431436103317,7370,4.0
santander,660,22,626,6,5,0.11200816298626248,0.10104426852114821,0.12405187992592273,0.13835283530964948,7370,4.0
santander,660,23,448,6,5,0.11993903326176242,0.10717148601677166,0.13399801882264958,0.14989275269389524,7370,4.0
santander,660,24,396,4,2,0.12577369708397365,0.11192465718901622,0.14125068110490957,0.15847969458587607,7370,4.0
santander,660,25,361,1,5,0.12734954119108055,0.11311786489865946,0.1414840723179368,0.16081077576430858,7370,4.0
santander,660,26,336,2,10,0.1306794498697886,0.11632183223345047,0.14615135489538703,0.16580594971809248,7370,4.0
santander,660,27,304,2,3,0.13422843148788535,0.11845135724384702,0.1525122979433926,0.1712940684699471,7370,4.0
santander,660,28,269,0,7,0.13422843148788535,0.11845135724384702,0.1525122979433926,0.1712940684699471,7370,4.0
santander,660,29,229,1,8,0.13648505168884364,0.1203407232195194,0.15600362481958385,0.1749128716644015,7370,4.0
santander,660,30,212,4,2,0.14585215440980256,0.1295422960541331,0.16627381791388157,0.1904805533311109,7370,4.0
santander,660,31,204,5,2,0.15767582573650318,0.1390738273683842,0.17811012292085582,0.21032171623966212,7370,4.0
santander,660,32,185,2,2,0.16271207060430865,0.14239101656316722,0.18371202924733748,0.21885877876680093,7370,4.0
santander,660,33,154,2,0,0.16863129346841765,0.14795929393353266,0.1913575207299251,0.22900346995164766,7370,4.0
santander,660,34,129,2,2,0.1756058816493833,0.15456515576643434,0.20156076595932437,0.2409569045260408,7370,4.0
santander,660,35,100,1,1,0.17996499926248682,0.1549696687236364,0.20479212459493726,0.24854733548078034,7370,4.0
santander,660,36,88,0,1,0.17996499926248682,0.1549696687236364,0.20479212459493726,0.24854733548078034,7370,4.0
santander,680,0,0,0,0,0.0,0.0,0.0,0.0,5509,4.0
santander,680,1,379,0,4,0.0,0.0,0.0,0.0,5509,4.0
santander,680,2,1313,0,12,0.0,0.0,0.0,0.0,5509,4.0
santander,680,3,2384,0,17,0.0,0.0,0.0,0.0,5509,4.0
santander,680,4,2971,3,32,0.0009829133596908177,0.0,0.002346370665095678,0.0010097610232244758,5509,4.0
santander,680,5,3023,5,55,0.0025739562663245376,0.0009685584665130696,0.004804428840067682,0.0026620769990378657,5509,4.0
santander,680,6,3033,6,58,0.004439143262310971,0.0025046195807717064,0.007070381498681526,0.004635050140483932,5509,4.0
santander,680,7,2797,13,48,0.008728895525693666,0.0056476809214157635,0.012091418888220407,0.009261344151271778,5509,4.0
santander,680,8,2423,14,37,0.013945399881279899,0.009957632434296057,0.017613735730083513,0.014985793669176184,5509,4.0
santander,680,9,1967,17,36,0.02158394740232933,0.01686204669923187,0.026562494877666966,0.023498880353275853,5509,4.0
santander,680,10,1592,13,26,0.028606646907899533,0.023035358563044072,0.035078627049004635,0.031472821656923666,5509,4.0
santander,680,11,1536,12,28,0.03516088508827846,0.028641260623513545,0.04199844928604738,0.039039440237728984,5509,4.0
santander,680,12,1471,14,30,0.04293745230161723,0.0343314746728797,0.050780184085239245,0.04818522394722713,5509,4.0
santander,680,13,1442,16,25,0.051732507909649283,0.04342535135845249,0.05974085338676136,0.05874627555391532,5509,4.0
santander,680,14,1431,16,19,0.06034318080053181,0.051012500810055234,0.069541991952217,0.0692704262115934,5509,4.0
santander,680,15,1433,7,28,0.06401308203438143,0.05365570905567621,0.0732520007691343,0.07381690703261135,5509,4.0
santander,680,16,1434,13,29,0.07065751170403504,0.06082198521428695,0.08024253891399478,0.08221326701069787,5509,4.0
santander,680,17,1423,9,28,0.07515729087595896,0.06556416937985725,0.08570022052062629,0.08801796173796683,5509,4.0
santander,680,18,1398,9,23,0.07961844533396079,0.06873034657362902,0.09035224542848021,0.09388909073965379,5509,4.0
santander,680,19,1367,13,28,0.08605762121506266,0.074274492580391,0.09735822283862883,0.1025060928028465,5509,4.0
santander,680,20,1246,12,27,0.09238310378205199,0.08057057395377294,0.10473455610706446,0.11114969383524287,5509,4.0
santander,680,21,862,10,19,0.0997640564680111,0.08861070370878664,0.11255424346513732,0.1214611823058317,5509,4.0
santander,680,22,435,5,3,0.10683110656847541,0.09289501996740801,0.12084512891562256,0.13155932963564976,5509,4.0
santander,680,23,292,3,3,0.1130317169648417,0.09911904038059684,0.12909691140927046,0.140481665290078,5509,4.0
santander,680,24,257,2,2,0.1176319104106543,0.10232272947432669,0.13596445911441382,0.14717052392595287,5509,4.0
santander,680,25,236,2,4,0.12256347372332628,0.10756630268320005,0.1397156756534586,0.15439789236725832,5509,4.0
santander,680,26,207,4,7,0.1335225033070418,0.1124534118485033,0.15694066753624225,0.17073802971281848,5509,4.0
santander,680,27,183,1,5,0.13645688827754485,0.11376775970739395,0.16130284043676563,0.17526951588925122,5509,4.0
santander,680,28,163,0,2,0.13645688827754485,0.11376775970739395,0.16130284043676563,0.17526951588925122,5509,4.0
santander,680,29,146,2,1,0.14348446778039597,0.11696731602239015,0.16954452479652804,0.18656719375378206,5509,4.0
santander,680,30,139,1,0,0.14709937378366114,0.12310688124433396,0.174501937874628,0.19241922833109293,5509,4.0
santander,680,31,140,0,2,0.14709937378366114,0.12310688124433396,0.174501937874628,0.19241922833109293,5509,4.0
santander,680,32,120,2,3,0.15529488210820658,0.1275444624271669,0.18764052278231877,0.20587890785890806,5509,4.0
santander,680,33,99,0,0,0.15529488210820658,0.1275444624271669,0.18764052278231877,0.20587890785890806,5509,4.0
santander,680,34,79,1,0,0.1612599672811352,0.13145030061767282,0.1982265166387324,0.21593107358221297,5509,4.0
santander,680,35,67,1,0,0.16820439479588795,0.13970686729481535,0.20650322009026942,0.22763359487203072,5509,4.0
santander,680,36,58,0,1,0.16820439479588795,0.13970686729481535,0.20650322009026942,0.22763359487203072,5509,4.0
santander,700,0,0,0,0,0.0,0.0,0.0,0.0,4033,6.0
santander,700,1,225,0,5,0.0,0.0,0.0,0.0,4033,6.0
santander,700,2,844,0,6,0.0,0.0,0.0,0.0,4033,6.0
santander,700,3,1524,0,11,0.0,0.0,0.0,0.0,4033,6.0
santander,700,4,1902,0,21,0.0,0.0,0.0,0.0,4033,6.0
santander,700,5,1945,2,34,0.0009801315489153613,0.0,0.002854931986646893,0.0010282776349614942,4033,6.0
santander,700,6,1952,2,36,0.001938672085226542,0.00047205332971016065,0.003946843179192334,0.0020518142357452973,4033,6.0
santander,700,7,1829,9,35,0.006452564725602812,0.003817460682060194,0.009921646339694501,0.006962439534749287,4033,6.0
santander,700,8,1610,8,34,0.010901038632060586,0.007208704470372258,0.015232707532222731,0.011896787661284658,4033,6.0
santander,700,9,1357,6,28,0.014756164139794074,0.010762927183664893,0.02018069270614104,0.01626570385438142,4033,6.0
santander,700,10,1117,3,15,0.01703921295211789,0.012580268479226988,0.022919943806287365,0.018907783432212,4033,6.0
santander,700,11,1085,6,13,0.021664227965470653,0.016059730226562156,0.02848834698355365,0.024333178178209014,4033,6.0
santander,700,12,1061,10,20,0.029408912232253632,0.021434385729150275,0.036847907370798086,0.03352890694184507,4033,6.0
santander,700,13,1030,4,20,0.03250979358334227,0.02380510252582083,0.04025779534845163,0.037282192740129116,4033,6.0
santander,700,14,1019,6,24,0.03710177587852653,0.026739067059681928,0.046824641736296344,0.042950796119480605,4033,6.0
santander,700,15,1021,13,19,0.04673924182191276,0.03643025166690527,0.05782665931171805,0.05513653524822382,4033,6.0
santander,700,16,1011,11,21,0.05471656754648849,0.042570681696210956,0.06508279991536789,0.06541694881129945,4033,6.0
santander,700,17,988,6,20,0.05902819906159318,0.04573795576303371,0.07170156070153484,0.07109255438531992,4033,6.0
santander,700,18,967,5,18,0.06260264711186095,0.04964567835298291,0.07368419064289934,0.0758955918497185,4033,6.0
santander,700,19,950,5,10,0.0661545197007586,0.05325461160590311,0.0775349870741703,0.08075929926103576,4033,6.0
santander,700,20,880,4,21,0.06917361140132161,0.05590195797413016,0.08148279304209632,0.08493766608257647,4033,6.0
santander,700,21,599,5,11,0.07456034638458824,0.06102870498941104,0.08670336003071674,0.09257591594833126,4033,6.0
santander,700,22,317,3,8,0.08050444700650201,0.06487832158110277,0.09540434287808718,0.10116352557658048,4033,6.0
santander,700,23,212,0,2,0.08050444700650201,0.06487832158110277,0.09540434287808718,0.10116352557658048,4033,6.0
santander,700,24,188,1,3,0.0836990133282953,0.0682449711369076,0.09969016519125906,0.10594457065330087,4033,6.0
santander,700,25,170,1,1,0.08715666158247155,0.0684989675070209,0.10590707964024128,0.1112037202376932,4033,6.0
santander,700,26,160,2,2,0.0944177229162417,0.07493905449543413,0.11734611827001311,0.12231367373472202,4033,6.0
santander,700,27,138,0,1,0.0944177229162417,0.07493905449543413,0.11734611827001311,0.12231367373472202,4033,6.0
santander,700,28,118,1,1,0.09918262720343574,0.07670082641719946,0.12352147808532848,0.12975169344883453,4033,6.0
santander,700,29,104,0,3,0.09918262720343574,0.07670082641719946,0.12352147808532848,0.12975169344883453,4033,6.0
santander,700,30,95,0,2,0.09918262720343574,0.07670082641719946,0.12352147808532848,0.12975169344883453,4033,6.0
santander,700,31,88,1,1,0.10515403699879272,0.08344002995277945,0.13029032941723262,0.1396408787505523,4033,6.0
santander,700,32,79,1,1,0.1116545590544978,0.08955833125227276,0.14124658293247935,0.15053150053851994,4033,6.0
santander,700,33,68,1,0,0.11901544432345795,0.0912402169877069,0.1543941778282568,0.16302368435412984,4033,6.0
santander,700,34,49,1,0,0.12908032826264837,0.09870219774956854,0.16532059201409735,0.1801048336530252,4033,6.0
santander,700,35,38,0,0,0.12908032826264837,0.09870219774956854,0.16532059201409735,0.1801048336530252,4033,6.0
santander,700,36,33,1,0,0.14372015944692534,0.10312965817338618,0.18765917865793852,0.2049501417241456,4033,6.0
santander,720,0,0,0,0,0.0,0.0,0.0,0.0,3093,12.0
santander,720,1,145,0,3,0.0,0.0,0.0,0.0,3093,12.0
santander,720,2,599,0,12,0.0,0.0,0.0,0.0,3093,12.0
santander,720,3,1046,0,12,0.0,0.0,0.0,0.0,3093,12.0
santander,720,4,1294,0,14,0.0,0.0,0.0,0.0,3093,12.0
santander,720,5,1329,1,20,0.000706108090482521,0.0,0.0021415776742480974,0.0007524454477050302,3093,12.0
santander,720,6,1347,0,23,0.000706108090482521,0.0,0.0021415776742480974,0.0007524454477050302,3093,12.0
santander,720,7,1273,4,17,0.0035586426098512293,0.0007191365938567876,0.006551373169779488,0.0038922649435488843,3093,12.0
santander,720,8,1108,5,20,0.007587718893977608,0.003166602915347317,0.013150906349982176,0.00838733595012131,3093,12.0
santander,720,9,931,5,20,0.01227460355102258,0.007108506989735386,0.019101506094942107,0.01371286046166742,3093,12.0
santander,720,10,788,5,17,0.01766333134199053,0.010104925839422426,0.025876213898845826,0.019971027590717783,3093,12.0
santander,720,11,767,1,16,0.018739671756040452,0.011409022443480465,0.027866449339256527,0.021248770709895393,3093,12.0
santander,720,12,747,7,14,0.02630431322024673,0.01743768527223301,0.03725044691186619,0.030420468976335435,3093,12.0
santander,720,13,728,7,14,0.03384817270240848,0.023726586513072162,0.044456755512940774,0.039743349082332124,3093,12.0
santander,720,14,717,3,16,0.037036163529598175,0.026787325928854605,0.04971428270651978,0.04376115933721769,3093,12.0
santander,720,15,713,1,14,0.038076470961752644,0.02776061427064646,0.05230580751853898,0.04510230778134505,3093,12.0
santander,720,16,721,6,16,0.04411919984644462,0.03197872199308945,0.057454034635615346,0.05304875182199964,3093,12.0
santander,720,17,710,6,14,0.05006830898785263,0.03697445583178615,0.06439127745945537,0.06105115673617989,3093,12.0
santander,720,18,694,1,10,0.05105411237583811,0.03795735998075267,0.06489598951404475,0.062404108959903004,3093,12.0
santander,720,19,687,0,14,0.05105411237583811,0.03795735998075267,0.06489598951404475,0.062404108959903004,3093,12.0
santander,720,20,634,5,13,0.056255869656361215,0.041807087259651134,0.07046969783126034,0.06979839832141788,3093,12.0
santander,720,21,448,5,8,0.06340828591708049,0.04820100775413274,0.07861783857209514,0.08018011262586633,3093,12.0
santander,720,22,253,1,4,0.06586781245732783,0.04887139668054957,0.08129282388609127,0.0838157643546178,3093,12.0
santander,720,23,191,0,7,0.06586781245732783,0.04887139668054957,0.08129282388609127,0.0838157643546178,3093,12.0
santander,720,24,156,0,2,0.06586781245732783,0.04887139668054957,0.08129282388609127,0.0838157643546178,3093,12.0
santander,720,25,142,1,1,0.0699528441288026,0.05038618469806379,0.08758063355483878,0.09026776601409225,3093,12.0
santander,720,26,130,1,3,0.07435210900577542,0.05514844697374401,0.09795333154001633,0.09726570627552233,3093,12.0
santander,720,27,107,1,0,0.07953255175809856,0.057173755517060075,0.10348868871176488,0.10570247537575106,3093,12.0
santander,720,28,93,1,2,0.08543714242203677,0.06118656707006444,0.10980860501856216,0.11531857779106558,3093,12.0
santander,720,29,73,0,1,0.08543714242203677,0.06118656707006444,0.10980860501856216,0.11531857779106558,3093,12.0
santander,720,30,69,0,2,0.08543714242203677,0.06118656707006444,0.10980860501856216,0.11531857779106558,3093,12.0
santander,720,31,65,0,0,0.08543714242203677,0.06118656707006444,0.10980860501856216,0.11531857779106558,3093,12.0
santander,720,32,60,4,2,0.1193665591734816,0.08213808835687993,0.1646983171099791,0.17429733927166124,3093,12.0
santander,720,33,50,0,4,0.1193665591734816,0.08213808835687993,0.1646983171099791,0.17429733927166124,3093,12.0
santander,720,34,38,0,1,0.1193665591734816,0.08213808835687993,0.1646983171099791,0.17429733927166124,3093,12.0
santander,720,35,30,0,1,0.1193665591734816,0.08213808835687993,0.1646983171099791,0.17429733927166124,3093,12.0
santander,720,36,25,0,0,0.1193665591734816,0.08213808835687993,0.1646983171099791,0.17429733927166124,3093,12.0
santander,740,0,0,0,0,0.0,0.0,0.0,0.0,2257,40.0
santander,740,1,111,0,2,0.0,0.0,0.0,0.0,2257,40.0
santander,740,2,379,0,2,0.0,0.0,0.0,0.0,2257,40.0
santander,740,3,688,0,7,0.0,0.0,0.0,0.0,2257,40.0
santander,740,4,853,1,8,0.001133483759355069,0.0,0.004481548044086625,0.0011723329425556983,2257,40.0
santander,740,5,871,1,16,0.0022318308235292116,0.0,0.006477159752126697,0.002319092606226647,2257,40.0
santander,740,6,873,1,15,0.003306273426971042,0.0,0.007513976917622429,0.0034619115150397173,2257,40.0
santander,740,7,809,3,12,0.0067208493644851895,0.0012347885062022209,0.01210606243712255,0.007157355600892479,2257,40.0
santander,740,8,726,4,13,0.011700047333973222,0.005564372440795333,0.01835474323324622,0.012627563008050124,2257,40.0
santander,740,9,626,5,5,0.01874927129636742,0.009466281642775428,0.02727625611189461,0.020513924325877286,2257,40.0
santander,740,10,539,4,11,0.025194276061984974,0.01550543244021902,0.03590989066727545,0.027782837688950623,2257,40.0
santander,740,11,525,3,10,0.03001882248653297,0.01908682130372313,0.042073726310166135,0.03333836433072801,2257,40.0
santander,740,12,511,5,11,0.03807546883150549,0.02497111569010943,0.052190190343565764,0.04279689305547618,2257,40.0
santander,740,13,499,6,12,0.047665945642955745,0.03154187706003744,0.06532851860563499,0.054306349251201924,2257,40.0
santander,740,14,495,3,10,0.05232556114427653,0.034998128133464305,0.06830358084000258,0.06003782592240681,2257,40.0
santander,740,15,499,4,6,0.05832672259153535,0.041361027654539424,0.07897337021698883,0.06757259284888051,2257,40.0
santander,740,16,498,5,4,0.06569260599442081,0.04601932656446926,0.08605679498213138,0.076934313804213,2257,40.0
santander,740,17,498,2,9,0.06858571200567462,0.04916031276554744,0.09000934154759749,0.08064140491343308,2257,40.0
santander,740,18,491,2,4,0.07145524892518705,0.05090407431205585,0.09134898600816325,0.08438624644128057,2257,40.0
santander,740,19,486,2,7,0.07431888144774575,0.05234724299490657,0.09639370517201112,0.08815420427485554,2257,40.0
santander,740,20,453,0,7,0.07431888144774575,0.05234724299490657,0.09639370517201112,0.08815420427485554,2257,40.0
santander,740,21,332,1,3,0.07634425083959853,0.054334177224294206,0.0987575275592627,0.09090072775595537,2257,40.0
santander,740,22,192,3,2,0.08672426897284406,0.06405220024293758,0.11276193771927556,0.10510540388476852,2257,40.0
santander,740,23,136,2,1,0.0962392855949858,0.06969641584567955,0.12473000332311608,0.11826561853352191,2257,40.0
santander,740,24,117,0,1,0.0962392855949858,0.06969641584567955,0.12473000332311608,0.11826561853352191,2257,40.0
santander,740,25,109,0,4,0.0962392855949858,0.06969641584567955,0.12473000332311608,0.11826561853352191,2257,40.0
santander,740,26,98,2,1,0.10857232290103166,0.07785384222829127,0.14370342330398903,0.1362601977471235,2257,40.0
santander,740,27,79,0,0,0.10857232290103166,0.07785384222829127,0.14370342330398903,0.1362601977471235,2257,40.0
santander,740,28,73,0,0,0.10857232290103166,0.07785384222829127,0.14370342330398903,0.1362601977471235,2257,40.0
santander,740,29,58,0,2,0.10857232290103166,0.07785384222829127,0.14370342330398903,0.1362601977471235,2257,40.0
santander,740,30,52,0,2,0.10857232290103166,0.07785384222829127,0.14370342330398903,0.1362601977471235,2257,40.0
santander,740,31,50,2,0,0.130326884727346,0.0914076321633138,0.17649731674912458,0.1708097898372386,2257,40.0
santander,740,32,44,0,1,0.130326884727346,0.0914076321633138,0.17649731674912458,0.1708097898372386,2257,40.0
santander,740,33,38,0,2,0.130326884727346,0.0914076321633138,0.17649731674912458,0.1708097898372386,2257,40.0
santander,740,34,25,0,0,0.130326884727346,0.0914076321633138,0.17649731674912458,0.1708097898372386,2257,40.0
santander,740,35,22,0,0,0.130326884727346,0.0914076321633138,0.17649731674912458,0.1708097898372386,2257,40.0
santander,740,36,22,0,0,0.130326884727346,0.0914076321633138,0.17649731674912458,0.1708097898372386,2257,40.0
santander,760,0,0,0,0,0.0,0.0,0.0,0.0,1627,52.0
santander,760,1,49,0,2,0.0,0.0,0.0,0.0,1627,52.0
santander,760,2,203,0,0,0.0,0.0,0.0,0.0,1627,52.0
santander,760,3,381,0,0,0.0,0.0,0.0,0.0,1627,52.0
santander,760,4,499,0,5,0.0,0.0,0.0,0.0,1627,52.0
santander,760,5,517,1,10,0.0018366975137659362,0.0,0.005899280870411465,0.0019342359767892114,1627,52.0
santander,760,6,519,0,11,0.0018366975137659362,0.0,0.005899280870411465,0.0019342359767892114,1627,52.0
santander,760,7,499,0,8,0.0018366975137659362,0.0,0.005899280870411465,0.0019342359767892114,1627,52.0
santander,760,8,466,0,8,0.0018366975137659362,0.0,0.005899280870411465,0.0019342359767892114,1627,52.0
santander,760,9,412,3,8,0.008242433805779862,0.0018659279695606098,0.01731256645834664,0.00920170513229801,1627,52.0
santander,760,10,362,1,6,0.01060771949003178,0.002187646779128202,0.020226199578879646,0.01193871699657345,1627,52.0
santander,760,11,353,3,3,0.0177437796988938,0.006534470215533393,0.030517925226661816,0.020335838381871696,1627,52.0
santander,760,12,347,1,2,0.020122466435181143,0.007016918361646378,0.03491014594275232,0.0231590780407136,1627,52.0
santander,760,13,346,0,4,0.020122466435181143,0.007016918361646378,0.03491014594275232,0.0231590780407136,1627,52.0
santander,760,14,347,1,9,0.022453326633668034,0.008885051013633643,0.04024144904779687,0.025974181562210097,1627,52.0
santander,760,15,346,2,4,0.026993788407599143,0.009537178649131665,0.045632540839530694,0.031604388605203204,1627,52.0
santander,760,16,345,1,7,0.029231117397652155,0.013646096492851659,0.047760694801259246,0.03441133240634753,1627,52.0
santander,760,17,340,0,10,0.029231117397652155,0.013646096492851659,0.047760694801259246,0.03441133240634753,1627,52.0
santander,760,18,332,2,7,0.03363957517553655,0.016584788346938738,0.05275653321137299,0.04022813160871885,1627,52.0
santander,760,19,322,1,6,0.03585064949581086,0.01852531975301138,0.05724837282329634,0.043208789585089225,1627,52.0
santander,760,20,300,1,5,0.0381722775320989,0.02075118404616656,0.059699020070592634,0.046398093619805514,1627,52.0
santander,760,21,232,0,5,0.0381722775320989,0.02075118404616656,0.059699020070592634,0.046398093619805514,1627,52.0
santander,760,22,146,2,4,0.04732088475256363,0.028014466350334177,0.07335142990413078,0.05946113343323289,1627,52.0
santander,760,23,108,1,2,0.053250537580642625,0.030915240529774065,0.08204352607148567,0.06816982664218452,1627,52.0
santander,760,24,94,0,3,0.053250537580642625,0.030915240529774065,0.08204352607148567,0.06816982664218452,1627,52.0
santander,760,25,84,0,4,0.053250537580642625,0.030915240529774065,0.08204352607148567,0.06816982664218452,1627,52.0
santander,760,26,72,1,0,0.061223327287427326,0.03457919741079651,0.09093623156522519,0.0811119123832652,1627,52.0
santander,760,27,55,0,1,0.061223327287427326,0.03457919741079651,0.09093623156522519,0.0811119123832652,1627,52.0
santander,760,28,48,0,0,0.061223327287427326,0.03457919741079651,0.09093623156522519,0.0811119123832652,1627,52.0
santander,760,29,34,0,0,0.061223327287427326,0.03457919741079651,0.09093623156522519,0.0811119123832652,1627,52.0
santander,760,30,32,0,0,0.061223327287427326,0.03457919741079651,0.09093623156522519,0.0811119123832652,1627,52.0
santander,760,31,30,1,1,0.07974919136973796,0.0420921075440578,0.12310350329277849,0.11174151530382304,1627,52.0
santander,760,32,26,0,1,0.07974919136973796,0.0420921075440578,0.12310350329277849,0.11174151530382304,1627,52.0
santander,760,33,21,0,0,0.07974919136973796,0.0420921075440578,0.12310350329277849,0.11174151530382304,1627,52.0
santander,760,34,19,1,0,0.10600041577787044,0.04933076308740032,0.16731347922020687,0.15849196186677972,1627,52.0
santander,760,35,15,1,0,0.1375018850676294,0.06109055053181746,0.23584393045942623,0.2145924977423277,1627,52.0
santander,760,36,14,0,0,0.1375018850676294,0.06109055053181746,0.23584393045942623,0.2145924977423277,1627,52.0
santander,780,0,0,0,0,0.0,0.0,0.0,0.0,1354,54.0
santander,780,1,47,0,3,0.0,0.0,0.0,0.0,1354,54.0
santander,780,2,162,0,5,0.0,0.0,0.0,0.0,1354,54.0
santander,780,3,294,0,9,0.0,0.0,0.0,0.0,1354,54.0
santander,780,4,367,0,4,0.0,0.0,0.0,0.0,1354,54.0
santander,780,5,382,0,8,0.0,0.0,0.0,0.0,1354,54.0
santander,780,6,382,0,5,0.0,0.0,0.0,0.0,1354,54.0
santander,780,7,356,1,6,0.002361096706511212,0.0,0.007268750812448418,0.002808988764044895,1354,54.0
santander,780,8,325,1,9,0.004896551323657098,0.0,0.011494120730704167,0.005877268798617052,1354,54.0
santander,780,9,290,0,7,0.004896551323657098,0.0,0.011494120730704167,0.005877268798617052,1354,54.0
santander,780,10,257,1,4,0.007929197262815425,0.0,0.017081102743528198,0.009745450632085428,1354,54.0
santander,780,11,257,1,6,0.010902842308215806,0.0024177072860753933,0.022129523139210856,0.01359858117437307,1354,54.0
santander,780,12,250,0,5,0.010902842308215806,0.0024177072860753933,0.022129523139210856,0.01359858117437307,1354,54.0
santander,780,13,248,0,7,0.010902842308215806,0.0024177072860753933,0.022129523139210856,0.01359858117437307,1354,54.0
santander,780,14,242,0,6,0.010902842308215806,0.0024177072860753933,0.022129523139210856,0.01359858117437307,1354,54.0
santander,780,15,244,1,1,0.013732457533946394,0.002988066966026604,0.02555155877703446,0.017641209940051805,1354,54.0
santander,780,16,244,2,0,0.01934530085055953,0.0057576212265033596,0.03334386992456861,0.025693331170051348,1354,54.0
santander,780,17,242,0,1,0.01934530085055953,0.0057576212265033596,0.03334386992456861,0.025693331170051348,1354,54.0
santander,780,18,243,1,3,0.022128624388221597,0.006046623033660138,0.03685770184375776,0.029702823634372155,1354,54.0
santander,780,19,244,1,4,0.02485491260748895,0.010123965703501128,0.042172143815933795,0.033679451406362415,1354,54.0
santander,780,20,228,2,3,0.030570551944374018,0.014182788936121581,0.047365690067107245,0.042155947446657516,1354,54.0
santander,780,21,188,1,1,0.033960412508537235,0.016020744085509842,0.05143280620644209,0.047250862619813594,1354,54.0
santander,780,22,118,0,1,0.033960412508537235,0.016020744085509842,0.05143280620644209,0.047250862619813594,1354,54.0
santander,780,23,93,0,4,0.033960412508537235,0.016020744085509842,0.05143280620644209,0.047250862619813594,1354,54.0
santander,780,24,76,0,0,0.033960412508537235,0.016020744085509842,0.05143280620644209,0.047250862619813594,1354,54.0
santander,780,25,71,0,3,0.033960412508537235,0.016020744085509842,0.05143280620644209,0.047250862619813594,1354,54.0
santander,780,26,68,0,0,0.033960412508537235,0.016020744085509842,0.05143280620644209,0.047250862619813594,1354,54.0
santander,780,27,50,0,1,0.033960412508537235,0.016020744085509842,0.05143280620644209,0.047250862619813594,1354,54.0
santander,780,28,42,0,0,0.033960412508537235,0.016020744085509842,0.05143280620644209,0.047250862619813594,1354,54.0
santander,780,29,29,0,0,0.033960412508537235,0.016020744085509842,0.05143280620644209,0.047250862619813594,1354,54.0
santander,780,30,23,0,0,0.033960412508537235,0.016020744085509842,0.05143280620644209,0.047250862619813594,1354,54.0
santander,780,31,22,0,0,0.033960412508537235,0.016020744085509842,0.05143280620644209,0.047250862619813594,1354,54.0
santander,780,32,20,0,0,0.033960412508537235,0.016020744085509842,0.05143280620644209,0.047250862619813594,1354,54.0
santander,780,33,20,1,0,0.0620375181084495,0.020557917623205586,0.12644084407949563,0.09488831948882293,1354,54.0
santander,780,34,12,0,0,0.0620375181084495,0.020557917623205586,0.12644084407949563,0.09488831948882293,1354,54.0
santander,780,35,11,0,1,0.0620375181084495,0.020557917623205586,0.12644084407949563,0.09488831948882293,1354,54.0
santander,780,36,10,0,0,0.0620375181084495,0.020557917623205586,0.12644084407949563,0.09488831948882293,1354,54.0
santander,800,0,0,0,0,0.0,0.0,0.0,0.0,1212,54.0
santander,800,1,34,0,0,0.0,0.0,0.0,0.0,1212,54.0
santander,800,2,137,0,4,0.0,0.0,0.0,0.0,1212,54.0
santander,800,3,243,0,3,0.0,0.0,0.0,0.0,1212,54.0
santander,800,4,298,0,3,0.0,0.0,0.0,0.0,1212,54.0
santander,800,5,303,0,1,0.0,0.0,0.0,0.0,1212,54.0
santander,800,6,312,0,1,0.0,0.0,0.0,0.0,1212,54.0
santander,800,7,301,0,4,0.0,0.0,0.0,0.0,1212,54.0
santander,800,8,273,1,7,0.0034083109510692315,0.0,0.0108489992888094,0.00366300366300365,1212,54.0
santander,800,9,238,0,4,0.0034083109510692315,0.0,0.0108489992888094,0.00366300366300365,1212,54.0
santander,800,10,227,1,1,0.007320304474110046,0.0,0.01964728570619951,0.008052153426602815,1212,54.0
santander,800,11,230,0,2,0.007320304474110046,0.0,0.01964728570619951,0.008052153426602815,1212,54.0
santander,800,12,231,0,5,0.007320304474110046,0.0,0.01964728570619951,0.008052153426602815,1212,54.0
santander,800,13,228,0,4,0.007320304474110046,0.0,0.01964728570619951,0.008052153426602815,1212,54.0
santander,800,14,224,1,2,0.011064420240092078,0.0,0.023799590602487496,0.012480492027376888,1212,54.0
santander,800,15,226,1,5,0.01472570158647274,0.0036025828865052442,0.02961511144768017,0.016850047372388488,1212,54.0
santander,800,16,219,0,2,0.01472570158647274,0.0036025828865052442,0.02961511144768017,0.016850047372388488,1212,54.0
santander,800,17,225,0,4,0.01472570158647274,0.0036025828865052442,0.02961511144768017,0.016850047372388488,1212,54.0
santander,800,18,219,0,4,0.01472570158647274,0.0036025828865052442,0.02961511144768017,0.016850047372388488,1212,54.0
santander,800,19,218,0,3,0.01472570158647274,0.0036025828865052442,0.02961511144768017,0.016850047372388488,1212,54.0
santander,800,20,211,0,6,0.01472570158647274,0.0036025828865052442,0.02961511144768017,0.016850047372388488,1212,54.0
santander,800,21,165,0,5,0.01472570158647274,0.0036025828865052442,0.02961511144768017,0.016850047372388488,1212,54.0
santander,800,22,107,1,2,0.021408850470856392,0.00698079077599982,0.04117856959046964,0.026038364686665205,1212,54.0
santander,800,23,89,0,2,0.021408850470856392,0.00698079077599982,0.04117856959046964,0.026038364686665205,1212,54.0
santander,800,24,81,0,1,0.021408850470856392,0.00698079077599982,0.04117856959046964,0.026038364686665205,1212,54.0
santander,800,25,74,0,0,0.021408850470856392,0.00698079077599982,0.04117856959046964,0.026038364686665205,1212,54.0
santander,800,26,65,1,0,0.03173254945497296,0.00999302923490666,0.06372888096485717,0.0410223898453318,1212,54.0
santander,800,27,47,1,0,0.04579035232696148,0.016888899189764116,0.09263656181969239,0.0614261687847929,1212,54.0
santander,800,28,39,0,0,0.04579035232696148,0.016888899189764116,0.09263656181969239,0.0614261687847929,1212,54.0
santander,800,29,25,0,1,0.04579035232696148,0.016888899189764116,0.09263656181969239,0.0614261687847929,1212,54.0
santander,800,30,20,0,0,0.04579035232696148,0.016888899189764116,0.09263656181969239,0.0614261687847929,1212,54.0
santander,800,31,17,0,0,0.04579035232696148,0.016888899189764116,0.09263656181969239,0.0614261687847929,1212,54.0
santander,800,32,13,0,1,0.04579035232696148,0.016888899189764116,0.09263656181969239,0.0614261687847929,1212,54.0
santander,800,33,11,0,0,0.04579035232696148,0.016888899189764116,0.09263656181969239,0.0614261687847929,1212,54.0
santander,800,34,8,0,1,0.04579035232696148,0.016888899189764116,0.09263656181969239,0.0614261687847929,1212,54.0
santander,800,35,5,0,0,0.04579035232696148,0.016888899189764116,0.09263656181969239,0.0614261687847929,1212,54.0
santander,800,36,3,0,0,0.04579035232696148,0.016888899189764116,0.09263656181969239,0.0614261687847929,1212,54.0
santander,820,0,0,0,0,0.0,0.0,0.0,0.0,1029,55.0
santander,820,1,30,0,1,0.0,0.0,0.0,0.0,1029,55.0
santander,820,2,117,0,2,0.0,0.0,0.0,0.0,1029,55.0
santander,820,3,195,0,4,0.0,0.0,0.0,0.0,1029,55.0
santander,820,4,240,0,3,0.0,0.0,0.0,0.0,1029,55.0
santander,820,5,246,0,8,0.0,0.0,0.0,0.0,1029,55.0
santander,820,6,242,0,4,0.0,0.0,0.0,0.0,1029,55.0
santander,820,7,224,0,4,0.0,0.0,0.0,0.0,1029,55.0
santander,820,8,199,0,3,0.0,0.0,0.0,0.0,1029,55.0
santander,820,9,178,0,1,0.0,0.0,0.0,0.0,1029,55.0
santander,820,10,165,0,4,0.0,0.0,0.0,0.0,1029,55.0
santander,820,11,166,0,1,0.0,0.0,0.0,0.0,1029,55.0
santander,820,12,166,0,4,0.0,0.0,0.0,0.0,1029,55.0
santander,820,13,166,1,4,0.004795960206165199,0.0,0.015688660994385834,0.0060240963855421326,1029,55.0
santander,820,14,165,1,2,0.009475654710362756,0.0,0.02591245162320442,0.012048192771084376,1029,55.0
santander,820,15,163,0,1,0.009475654710362756,0.0,0.02591245162320442,0.012048192771084376,1029,55.0
santander,820,16,165,0,1,0.009475654710362756,0.0,0.02591245162320442,0.012048192771084376,1029,55.0
santander,820,17,165,0,3,0.009475654710362756,0.0,0.02591245162320442,0.012048192771084376,1029,55.0
santander,820,18,164,0,5,0.009475654710362756,0.0,0.02591245162320442,0.012048192771084376,1029,55.0
santander,820,19,160,2,2,0.018386403307180582,0.00411111165424378,0.037588518023348935,0.02439759036144573,1029,55.0
santander,820,20,154,1,5,0.022899639609464936,0.0047352255273187885,0.04581295384947928,0.030732670943514173,1029,55.0
santander,820,21,111,0,1,0.022899639609464936,0.0047352255273187885,0.04581295384947928,0.030732670943514173,1029,55.0
santander,820,22,77,1,2,0.031496280185244654,0.009424580159569424,0.060161509633856115,0.04332055833385817,1029,55.0
santander,820,23,56,1,2,0.04285612666038214,0.013857475815311432,0.08225546927589979,0.06040411979218219,1029,55.0
santander,820,24,49,0,1,0.04285612666038214,0.013857475815311432,0.08225546927589979,0.06040411979218219,1029,55.0
santander,820,25,48,0,0,0.04285612666038214,0.013857475815311432,0.08225546927589979,0.06040411979218219,1029,55.0
santander,820,26,42,0,0,0.04285612666038214,0.013857475815311432,0.08225546927589979,0.06040411979218219,1029,55.0
santander,820,27,31,0,0,0.04285612666038214,0.013857475815311432,0.08225546927589979,0.06040411979218219,1029,55.0
santander,820,28,26,0,0,0.04285612666038214,0.013857475815311432,0.08225546927589979,0.06040411979218219,1029,55.0
santander,820,29,19,0,0,0.04285612666038214,0.013857475815311432,0.08225546927589979,0.06040411979218219,1029,55.0
santander,820,30,16,0,0,0.04285612666038214,0.013857475815311432,0.08225546927589979,0.06040411979218219,1029,55.0
santander,820,31,15,0,0,0.04285612666038214,0.013857475815311432,0.08225546927589979,0.06040411979218219,1029,55.0
santander,820,32,11,0,0,0.04285612666038214,0.013857475815311432,0.08225546927589979,0.06040411979218219,1029,55.0
santander,820,33,8,0,0,0.04285612666038214,0.013857475815311432,0.08225546927589979,0.06040411979218219,1029,55.0
santander,820,34,8,0,0,0.04285612666038214,0.013857475815311432,0.08225546927589979,0.06040411979218219,1029,55.0
santander,820,35,7,0,0,0.04285612666038214,0.013857475815311432,0.08225546927589979,0.06040411979218219,1029,55.0
santander,820,36,7,0,0,0.04285612666038214,0.013857475815311432,0.08225546927589979,0.06040411979218219,1029,55.0
santander,840,0,0,0,0,0.0,0.0,0.0,0.0,882,56.5
santander,840,1,30,0,1,0.0,0.0,0.0,0.0,882,56.5
santander,840,2,87,0,3,0.0,0.0,0.0,0.0,882,56.5
santander,840,3,146,0,2,0.0,0.0,0.0,0.0,882,56.5
santander,840,4,177,0,5,0.0,0.0,0.0,0.0,882,56.5
santander,840,5,178,0,2,0.0,0.0,0.0,0.0,882,56.5
santander,840,6,181,0,1,0.0,0.0,0.0,0.0,882,56.5
santander,840,7,171,0,1,0.0,0.0,0.0,0.0,882,56.5
santander,840,8,159,0,2,0.0,0.0,0.0,0.0,882,56.5
santander,840,9,142,0,1,0.0,0.0,0.0,0.0,882,56.5
santander,840,10,122,0,2,0.0,0.0,0.0,0.0,882,56.5
santander,840,11,118,0,5,0.0,0.0,0.0,0.0,882,56.5
santander,840,12,113,1,0,0.00714683416129795,0.0,0.021203884281725722,0.008849557522123908,882,56.5
santander,840,13,112,0,6,0.00714683416129795,0.0,0.021203884281725722,0.008849557522123908,882,56.5
santander,840,14,111,0,1,0.00714683416129795,0.0,0.021203884281725722,0.008849557522123908,882,56.5
santander,840,15,113,0,2,0.00714683416129795,0.0,0.021203884281725722,0.008849557522123908,882,56.5
santander,840,16,112,0,1,0.00714683416129795,0.0,0.021203884281725722,0.008849557522123908,882,56.5
santander,840,17,112,0,3,0.00714683416129795,0.0,0.021203884281725722,0.008849557522123908,882,56.5
santander,840,18,111,1,2,0.013554860146262745,0.0,0.03102481600313918,0.01777884078769043,882,56.5
santander,840,19,109,0,1,0.013554860146262745,0.0,0.03102481600313918,0.01777884078769043,882,56.5
santander,840,20,101,0,2,0.013554860146262745,0.0,0.03102481600313918,0.01777884078769043,882,56.5
santander,840,21,78,0,2,0.013554860146262745,0.0,0.03102481600313918,0.01777884078769043,882,56.5
santander,840,22,50,0,0,0.013554860146262745,0.0,0.03102481600313918,0.01777884078769043,882,56.5
santander,840,23,45,0,0,0.013554860146262745,0.0,0.03102481600313918,0.01777884078769043,882,56.5
santander,840,24,41,0,0,0.013554860146262745,0.0,0.03102481600313918,0.01777884078769043,882,56.5
santander,840,25,38,0,0,0.013554860146262745,0.0,0.03102481600313918,0.01777884078769043,882,56.5
santander,840,26,32,1,0,0.034020631097901356,0.0,0.093706045590347,0.04847325201307506,882,56.5
santander,840,27,20,0,0,0.034020631097901356,0.0,0.093706045590347,0.04847325201307506,882,56.5
santander,840,28,16,0,0,0.034020631097901356,0.0,0.093706045590347,0.04847325201307506,882,56.5
santander,840,29,14,0,0,0.034020631097901356,0.0,0.093706045590347,0.04847325201307506,882,56.5
santander,840,30,16,0,0,0.034020631097901356,0.0,0.093706045590347,0.04847325201307506,882,56.5
santander,840,31,14,0,1,0.034020631097901356,0.0,0.093706045590347,0.04847325201307506,882,56.5
santander,840,32,12,0,0,0.034020631097901356,0.0,0.093706045590347,0.04847325201307506,882,56.5
santander,840,33,9,0,0,0.034020631097901356,0.0,0.093706045590347,0.04847325201307506,882,56.5
santander,840,34,6,0,0,0.034020631097901356,0.0,0.093706045590347,0.04847325201307506,882,56.5
santander,840,35,4,0,0,0.034020631097901356,0.0,0.093706045590347,0.04847325201307506,882,56.5
santander,840,36,4,0,0,0.034020631097901356,0.0,0.093706045590347,0.04847325201307506,882,56.5
santander,860,0,0,0,0,0.0,0.0,0.0,0.0,553,61.0
santander,860,1,22,0,1,0.0,0.0,0.0,0.0,553,61.0
santander,860,2,57,0,3,0.0,0.0,0.0,0.0,553,61.0
santander,860,3,87,0,1,0.0,0.0,0.0,0.0,553,61.0
santander,860,4,108,0,0,0.0,0.0,0.0,0.0,553,61.0
santander,860,5,110,0,1,0.0,0.0,0.0,0.0,553,61.0
santander,860,6,111,0,2,0.0,0.0,0.0,0.0,553,61.0
santander,860,7,102,0,1,0.0,0.0,0.0,0.0,553,61.0
santander,860,8,95,0,2,0.0,0.0,0.0,0.0,553,61.0
santander,860,9,85,0,1,0.0,0.0,0.0,0.0,553,61.0
santander,860,10,79,1,4,0.010547410842451636,0.0,0.03367670843525621,0.012658227848101222,553,61.0
santander,860,11,74,1,3,0.021094821684903273,0.0,0.051486565854189786,0.0260006842285323,553,61.0
santander,860,12,71,0,0,0.021094821684903273,0.0,0.051486565854189786,0.0260006842285323,553,61.0
santander,860,13,73,0,3,0.021094821684903273,0.0,0.051486565854189786,0.0260006842285323,553,61.0
santander,860,14,72,0,0,0.021094821684903273,0.0,0.051486565854189786,0.0260006842285323,553,61.0
santander,860,15,76,0,3,0.021094821684903273,0.0,0.051486565854189786,0.0260006842285323,553,61.0
santander,860,16,75,0,0,0.021094821684903273,0.0,0.051486565854189786,0.0260006842285323,553,61.0
santander,860,17,75,0,0,0.021094821684903273,0.0,0.051486565854189786,0.0260006842285323,553,61.0
santander,860,18,76,0,0,0.021094821684903273,0.0,0.051486565854189786,0.0260006842285323,553,61.0
santander,860,19,76,0,3,0.021094821684903273,0.0,0.051486565854189786,0.0260006842285323,553,61.0
santander,860,20,68,0,3,0.021094821684903273,0.0,0.051486565854189786,0.0260006842285323,553,61.0
santander,860,21,49,0,0,0.021094821684903273,0.0,0.051486565854189786,0.0260006842285323,553,61.0
santander,860,22,31,0,0,0.021094821684903273,0.0,0.051486565854189786,0.0260006842285323,553,61.0
santander,860,23,26,0,0,0.021094821684903273,0.0,0.051486565854189786,0.0260006842285323,553,61.0
santander,860,24,23,0,2,0.021094821684903273,0.0,0.051486565854189786,0.0260006842285323,553,61.0
santander,860,25,21,0,0,0.021094821684903273,0.0,0.051486565854189786,0.0260006842285323,553,61.0
santander,860,26,19,0,0,0.021094821684903273,0.0,0.051486565854189786,0.0260006842285323,553,61.0
santander,860,27,12,0,0,0.021094821684903273,0.0,0.051486565854189786,0.0260006842285323,553,61.0
santander,860,28,13,0,0,0.021094821684903273,0.0,0.051486565854189786,0.0260006842285323,553,61.0
santander,860,29,8,0,0,0.021094821684903273,0.0,0.051486565854189786,0.0260006842285323,553,61.0
santander,860,30,8,0,0,0.021094821684903273,0.0,0.051486565854189786,0.0260006842285323,553,61.0
santander,860,31,9,0,0,0.021094821684903273,0.0,0.051486565854189786,0.0260006842285323,553,61.0
santander,860,32,6,0,1,0.021094821684903273,0.0,0.051486565854189786,0.0260006842285323,553,61.0
santander,860,33,4,0,0,0.021094821684903273,0.0,0.051486565854189786,0.0260006842285323,553,61.0
santander,860,34,4,0,0,0.021094821684903273,0.0,0.051486565854189786,0.0260006842285323,553,61.0
santander,860,35,3,0,0,0.021094821684903273,0.0,0.051486565854189786,0.0260006842285323,553,61.0
santander,860,36,4,0,0,0.021094821684903273,0.0,0.051486565854189786,0.0260006842285323,553,61.0
santander,880,0,0,0,0,0.0,0.0,0.0,0.0,180,64.0
santander,880,1,4,0,1,0.0,0.0,0.0,0.0,180,64.0
santander,880,2,12,0,0,0.0,0.0,0.0,0.0,180,64.0
santander,880,3,25,0,0,0.0,0.0,0.0,0.0,180,64.0
santander,880,4,34,0,0,0.0,0.0,0.0,0.0,180,64.0
santander,880,5,35,0,3,0.0,0.0,0.0,0.0,180,64.0
santander,880,6,33,0,0,0.0,0.0,0.0,0.0,180,64.0
santander,880,7,31,0,0,0.0,0.0,0.0,0.0,180,64.0
santander,880,8,27,0,1,0.0,0.0,0.0,0.0,180,64.0
santander,880,9,26,0,1,0.0,0.0,0.0,0.0,180,64.0
santander,880,10,20,0,0,0.0,0.0,0.0,0.0,180,64.0
santander,880,11,23,0,0,0.0,0.0,0.0,0.0,180,64.0
santander,880,12,23,0,0,0.0,0.0,0.0,0.0,180,64.0
santander,880,13,25,0,0,0.0,0.0,0.0,0.0,180,64.0
santander,880,14,25,0,0,0.0,0.0,0.0,0.0,180,64.0
santander,880,15,25,0,0,0.0,0.0,0.0,0.0,180,64.0
santander,880,16,25,0,0,0.0,0.0,0.0,0.0,180,64.0
santander,880,17,25,0,0,0.0,0.0,0.0,0.0,180,64.0
santander,880,18,25,0,0,0.0,0.0,0.0,0.0,180,64.0
santander,880,19,24,0,0,0.0,0.0,0.0,0.0,180,64.0
santander,880,20,24,0,0,0.0,0.0,0.0,0.0,180,64.0
santander,880,21,21,0,1,0.0,0.0,0.0,0.0,180,64.0
santander,880,22,13,0,0,0.0,0.0,0.0,0.0,180,64.0
santander,880,23,9,0,0,0.0,0.0,0.0,0.0,180,64.0
santander,880,24,9,0,0,0.0,0.0,0.0,0.0,180,64.0
santander,880,25,9,0,1,0.0,0.0,0.0,0.0,180,64.0
santander,880,26,7,0,1,0.0,0.0,0.0,0.0,180,64.0
santander,880,27,5,0,0,0.0,0.0,0.0,0.0,180,64.0
santander,880,28,4,0,0,0.0,0.0,0.0,0.0,180,64.0
santander,880,29,4,0,0,0.0,0.0,0.0,0.0,180,64.0
santander,880,30,2,0,0,0.0,0.0,0.0,0.0,180,64.0
santander,880,31,2,0,0,0.0,0.0,0.0,0.0,180,64.0
santander,880,32,1,0,0,0.0,0.0,0.0,0.0,180,64.0
santander,880,33,1,0,0,0.0,0.0,0.0,0.0,180,64.0
santander,880,34,1,0,0,0.0,0.0,0.0,0.0,180,64.0
santander,880,35,1,0,0,0.0,0.0,0.0,0.0,180,64.0
santander,880,36,1,0,0,0.0,0.0,0.0,0.0,180,64.0
santander,900,0,0,0,0,0.0,0.0,0.0,0.0,7,66.0
santander,900,1,0,0,0,0.0,0.0,0.0,0.0,7,66.0
santander,900,2,0,0,0,0.0,0.0,0.0,0.0,7,66.0
santander,900,3,0,0,0,0.0,0.0,0.0,0.0,7,66.0
santander,900,4,0,0,0,0.0,0.0,0.0,0.0,7,66.0
santander,900,5,0,0,0,0.0,0.0,0.0,0.0,7,66.0
santander,900,6,0,0,0,0.0,0.0,0.0,0.0,7,66.0
santander,900,7,0,0,0,0.0,0.0,0.0,0.0,7,66.0
santander,900,8,0,0,0,0.0,0.0,0.0,0.0,7,66.0
santander,900,9,0,0,0,0.0,0.0,0.0,0.0,7,66.0
santander,900,10,0,0,0,0.0,0.0,0.0,0.0,7,66.0
santander,900,11,0,0,0,0.0,0.0,0.0,0.0,7,66.0
santander,900,12,0,0,0,0.0,0.0,0.0,0.0,7,66.0
santander,900,13,0,0,0,0.0,0.0,0.0,0.0,7,66.0
santander,900,14,0,0,0,0.0,0.0,0.0,0.0,7,66.0
santander,900,15,0,0,0,0.0,0.0,0.0,0.0,7,66.0
santander,900,16,0,0,0,0.0,0.0,0.0,0.0,7,66.0
santander,900,17,0,0,0,0.0,0.0,0.0,0.0,7,66.0
santander,900,18,0,0,0,0.0,0.0,0.0,0.0,7,66.0
santander,900,19,0,0,0,0.0,0.0,0.0,0.0,7,66.0
santander,900,20,0,0,0,0.0,0.0,0.0,0.0,7,66.0
santander,900,21,0,0,0,0.0,0.0,0.0,0.0,7,66.0
santander,900,22,0,0,0,0.0,0.0,0.0,0.0,7,66.0
santander,900,23,0,0,0,0.0,0.0,0.0,0.0,7,66.0
santander,900,24,0,0,0,0.0,0.0,0.0,0.0,7,66.0
santander,900,25,0,0,0,0.0,0.0,0.0,0.0,7,66.0
santander,900,26,0,0,0,0.0,0.0,0.0,0.0,7,66.0
santander,900,27,0,0,0,0.0,0.0,0.0,0.0,7,66.0
santander,900,28,0,0,0,0.0,0.0,0.0,0.0,7,66.0
santander,900,29,0,0,0,0.0,0.0,0.0,0.0,7,66.0
santander,900,30,0,0,0,0.0,0.0,0.0,0.0,7,66.0
santander,900,31,0,0,0,0.0,0.0,0.0,0.0,7,66.0
santander,900,32,0,0,0,0.0,0.0,0.0,0.0,7,66.0
santander,900,33,0,0,0,0.0,0.0,0.0,0.0,7,66.0
santander,900,34,0,0,0,0.0,0.0,0.0,0.0,7,66.0
santander,900,35,0,0,0,0.0,0.0,0.0,0.0,7,66.0
santander,900,36,0,0,0,0.0,0.0,0.0,0.0,7,66.0
santander,none,0,0,0,0,0.0,0.0,0.0,0.0,28468,3.0
santander,none,1,3229,0,53,0.0,0.0,0.0,0.0,28468,3.0
santander,none,2,10806,0,132,0.0,0.0,0.0,0.0,28468,3.0
santander,none,3,18467,0,168,0.0,0.0,0.0,0.0,28468,3.0
santander,none,4,22751,6,264,0.00025389634671126504,8.311199766853439e-05,0.00046562317617229325,0.0002637246714429775,28468,3.0
santander,none,5,23012,15,420,0.0008739906203962934,0.0005007293793977595,0.0012870207539314536,0.0009153865926114779,28468,3.0
santander,none,6,22911,22,574,0.0017702038081626108,0.0013614083070160616,0.0022920792574229456,0.0018747450446634506,28468,3.0
santander,none,7,20681,103,508,0.006297628454314664,0.005322232417838279,0.007259234845003252,0.0068458248406307876,28468,3.0
santander,none,8,17100,143,486,0.013674994041496209,0.012036109781654978,0.01513090830168554,0.015151149229390426,28468,3.0
santander,none,9,13327,114,379,0.020943709845239314,0.018737511179339382,0.0232196715975922,0.023575608521642977,28468,3.0
santander,none,10,10158,88,278,0.02803278101118667,0.025467331755302847,0.03074256832465032,0.032034492795131486,28468,3.0
santander,none,11,9628,104,278,0.03655348202660037,0.03383386513592687,0.03963670970079319,0.04249028971549984,28468,3.0
santander,none,12,9165,107,293,0.045397450478876084,0.04203434203381706,0.048743088204349846,0.05366907193049619,28468,3.0
santander,none,13,8749,104,276,0.054009177407728245,0.05004633051110853,0.057415501691051696,0.0649181765732243,28468,3.0
santander,none,14,8437,86,240,0.06107301785116248,0.057273352312546225,0.06488460834761316,0.07444964946817545,28468,3.0
santander,none,15,8252,81,231,0.0676124890389398,0.06352911141582454,0.07197578404050124,0.08353466866268322,28468,3.0
santander,none,16,8130,92,213,0.07486645303943722,0.07071561365483799,0.07924981188515515,0.0939054940603502,28468,3.0
santander,none,17,7958,79,205,0.08099129759838186,0.07676789885598932,0.08511830241900971,0.10290040056565708,28468,3.0
santander,none,18,7728,96,211,0.08838213919683162,0.08369996050481388,0.09277595559894722,0.11404449496856817,28468,3.0
santander,none,19,7450,66,178,0.09344356361397131,0.08893856440376004,0.09832874362887341,0.12189322830173255,28468,3.0
santander,none,20,6575,71,148,0.09941097075498644,0.09482725378865815,0.1040621812830902,0.13137544591246664,28468,3.0
santander,none,21,4101,47,108,0.105533336890521,0.10004447316159577,0.11042324497299273,0.1413304212945964,28468,3.0
santander,none,22,1629,18,28,0.11121309632882341,0.10549435752738229,0.11656820977753814,0.15081848293775002,28468,3.0
santander,none,23,872,15,18,0.11980546940874766,0.11295769565341354,0.1270427401508497,0.16542596316244473,28468,3.0
santander,none,24,679,10,14,0.1268835263690387,0.1193377343440844,0.13416565827935098,0.17771718609083287,28468,3.0
santander,none,25,567,6,11,0.13178948119336745,0.12322867746509768,0.13988232142409962,0.18641859152902507,28468,3.0
santander,none,26,495,10,9,0.1408745827199021,0.1284464380015592,0.15009993742999111,0.20285457957894382,28468,3.0
santander,none,27,446,4,4,0.14475306552405504,0.13222170652798776,0.1554214046261419,0.21000386586074704,28468,3.0
santander,none,28,418,4,6,0.14881712166811958,0.1360204126078891,0.16116568320585803,0.21756363747930452,28468,3.0
santander,none,29,389,11,9,0.16053915507079417,0.1471029426010281,0.17403307338577292,0.23968908731922134,28468,3.0
santander,none,30,355,5,4,0.16607747815093107,0.15274105054900528,0.18110521345821692,0.25039769172317594,28468,3.0
santander,none,31,340,4,6,0.17058632470558371,0.1556437372126243,0.18468844083553376,0.25921654240878556,28468,3.0
santander,none,32,321,9,3,0.1810156660352709,0.16480581890587676,0.19686523123603125,0.2799861720608757,28468,3.0
santander,none,33,285,2,4,0.1835284664024236,0.1660968824655402,0.1998003558241368,0.2850389006779924,28468,3.0
santander,none,34,249,3,2,0.18775178750143326,0.1688851037151335,0.20233763872237098,0.2936528898264503,28468,3.0
santander,none,35,193,1,3,0.18953156357769985,0.17177602135198386,0.20599224842589606,0.29731271941284176,28468,3.0
santander,none,36,158,3,2,0.19591848152227678,0.17621121011137225,0.21317334166513574,0.31065488296829413,28468,3.0
toyota,620,0,0,0,0,0.0,0.0,0.0,0.0,970,13.0
toyota,620,1,0,0,0,0.0,0.0,0.0,0.0,970,13.0
toyota,620,2,0,0,0,0.0,0.0,0.0,0.0,970,13.0
toyota,620,3,0,0,0,0.0,0.0,0.0,0.0,970,13.0
toyota,620,4,0,0,0,0.0,0.0,0.0,0.0,970,13.0
toyota,620,5,0,0,0,0.0,0.0,0.0,0.0,970,13.0
toyota,620,6,12,0,0,0.0,0.0,0.0,0.0,970,13.0
toyota,620,7,101,0,0,0.0,0.0,0.0,0.0,970,13.0
toyota,620,8,186,0,3,0.0,0.0,0.0,0.0,970,13.0
toyota,620,9,275,0,5,0.0,0.0,0.0,0.0,970,13.0
toyota,620,10,354,0,8,0.0,0.0,0.0,0.0,970,13.0
toyota,620,11,408,0,12,0.0,0.0,0.0,0.0,970,13.0
toyota,620,12,445,0,6,0.0,0.0,0.0,0.0,970,13.0
toyota,620,13,474,1,13,0.0019072307625094306,0.0,0.005878468002238376,0.002109704641350185,970,13.0
toyota,620,14,490,2,7,0.005488153826812852,0.0,0.013217525173453839,0.006182726255059001,970,13.0
toyota,620,15,512,2,14,0.008852263189957276,0.0017948066161651167,0.015961077434937642,0.01006482498062522,970,13.0
toyota,620,16,528,1,9,0.010432375163555416,0.001846731001463742,0.019846979522856283,0.011939702206040792,970,13.0
toyota,620,17,552,3,9,0.014880733871837134,0.006550137952022295,0.025932887955886032,0.01730959512883412,970,13.0
toyota,620,18,577,3,9,0.019043842541632848,0.01056753207588215,0.03255954271264228,0.022418903992982298,970,13.0
toyota,620,19,605,1,17,0.020339796480164297,0.010878956017295433,0.03418667512586694,0.02403474051530785,970,13.0
toyota,620,20,615,2,8,0.022813698795344655,0.01308319214315378,0.03671641843581396,0.027208611277859784,970,13.0
toyota,620,21,620,3,9,0.02643477355506429,0.0158468387218525,0.03919905763701182,0.03191566638457988,970,13.0
toyota,620,22,621,5,11,0.03234355899228796,0.02096740690238452,0.04751100048962144,0.03971022623655596,970,13.0
toyota,620,23,626,1,10,0.03348567247136794,0.02096740690238452,0.048613714883597746,0.041244235459820255,970,13.0
toyota,620,24,630,1,14,0.03460059277237458,0.022430548998138126,0.04974823612509823,0.0427660700067094,970,13.0
toyota,620,25,630,3,14,0.03786571651103689,0.02630540307949267,0.05411638557436019,0.047324326816201245,970,13.0
toyota,620,26,560,5,9,0.04382262380806068,0.030530701860542762,0.05855612225049214,0.05583035961248517,970,13.0
toyota,620,27,499,4,10,0.049037006788701945,0.03314619167720022,0.06474108038579345,0.06339885372380794,970,13.0
toyota,620,28,432,2,12,0.0519640620498258,0.034822644128538555,0.06658082694360175,0.06773497014175334,970,13.0
toyota,620,29,371,1,8,0.053612996145714985,0.037477037811511286,0.06966463879850417,0.07024781388800205,970,13.0
toyota,620,30,329,2,9,0.05724165354821884,0.04121033175928802,0.07462321145849243,0.07589980286132725,970,13.0
toyota,620,31,295,2,6,0.06115322322278232,0.043991114310639366,0.07900503252320998,0.0821648889436234,970,13.0
toyota,620,32,275,0,4,0.06115322322278232,0.043991114310639366,0.07900503252320998,0.0821648889436234,970,13.0
toyota,620,33,259,1,3,0.06328892104362138,0.04535467482440823,0.0820297826468792,0.08570865385117699,970,13.0
toyota,620,34,236,1,4,0.06559656063817206,0.04699607656075838,0.08334735096423541,0.08958276972468893,970,13.0
toyota,620,35,210,1,1,0.0681349641921778,0.04914691519678987,0.0868372122785395,0.09391808986885708,970,13.0
toyota,620,36,196,1,4,0.07082878020867368,0.050833867117692506,0.08824727685056026,0.09854095675728125,970,13.0
toyota,640,0,0,0,0,0.0,0.0,0.0,0.0,1672,13.0
toyota,640,1,0,0,0,0.0,0.0,0.0,0.0,1672,13.0
toyota,640,2,0,0,0,0.0,0.0,0.0,0.0,1672,13.0
toyota,640,3,0,0,0,0.0,0.0,0.0,0.0,1672,13.0
toyota,640,4,0,0,0,0.0,0.0,0.0,0.0,1672,13.0
toyota,640,5,0,0,0,0.0,0.0,0.0,0.0,1672,13.0
toyota,640,6,26,0,1,0.0,0.0,0.0,0.0,1672,13.0
toyota,640,7,167,0,5,0.0,0.0,0.0,0.0,1672,13.0
toyota,640,8,322,0,8,0.0,0.0,0.0,0.0,1672,13.0
toyota,640,9,473,0,9,0.0,0.0,0.0,0.0,1672,13.0
toyota,640,10,604,1,12,0.0014772666096485756,0.0,0.004643114979321159,0.0016556291390728006,1672,13.0
toyota,640,11,696,2,14,0.003986072834655208,0.0,0.009551002265608895,0.004524434802466337,1672,13.0
toyota,640,12,773,0,20,0.003986072834655208,0.0,0.009551002265608895,0.004524434802466337,1672,13.0
toyota,640,13,798,2,15,0.006068590155532428,0.0010336583961733142,0.012088613584724383,0.007019361031031512,1672,13.0
toyota,640,14,835,1,16,0.007042509932541474,0.0018963339605745442,0.01332132271198935,0.00820855940105425,1672,13.0
toyota,640,15,868,1,13,0.007960328339907143,0.0020259767261159075,0.014872344566421615,0.009351176268103667,1672,13.0
toyota,640,16,913,4,13,0.011394356466480116,0.004707699733952923,0.019156758287001207,0.013691368266929071,1672,13.0
toyota,640,17,955,6,19,0.01622716673047391,0.009466715309579817,0.024665352595369467,0.0198880717123725,1672,13.0
toyota,640,18,996,8,20,0.022243918464763375,0.014131720371785941,0.03127105577827558,0.027760456678538215,1672,13.0
toyota,640,19,1018,8,13,0.02796515194098361,0.018636291667998753,0.03813865561894989,0.03540084601701732,1672,13.0
toyota,640,20,1043,7,20,0.03275044537705037,0.02262978597706252,0.04418450887534692,0.0418746658424064,1672,13.0
toyota,640,21,1058,2,26,0.034063396533151866,0.023741640403279193,0.04518572615101277,0.04368586685215614,1672,13.0
toyota,640,22,1074,4,22,0.036581719979678004,0.026113717704727934,0.04898020609025204,0.04724755822328408,1672,13.0
toyota,640,23,1087,4,25,0.03900968959509603,0.02843807386136765,0.05048185763008284,0.05075354696947254,1672,13.0
toyota,640,24,1079,3,19,0.04079522610096647,0.030786632072056546,0.05235293649107302,0.05339278641256029,1672,13.0
toyota,640,25,1071,6,18,0.04431961841974341,0.03295017097050738,0.05621581076185195,0.058695908057307844,1672,13.0
toyota,640,26,970,2,16,0.045587672975674495,0.03412289175225743,0.05762118832091554,0.060636741236571146,1672,13.0
toyota,640,27,856,4,13,0.048408205539334295,0.03651607804640602,0.060671649535698896,0.06502628917471798,1672,13.0
toyota,640,28,753,5,20,0.05233653691534786,0.038937123414263274,0.06692687765017036,0.07123461394779418,1672,13.0
toyota,640,29,654,3,10,0.05496022979767619,0.04230595508109445,0.06831620097585057,0.07549500562693268,1672,13.0
toyota,640,30,586,4,11,0.058786821692039005,0.04562624562566293,0.07401025186172605,0.08180561992299451,1672,13.0
toyota,640,31,523,1,6,0.059831269097240326,0.04660532407366754,0.07444942135161702,0.08356124971281664,1672,13.0
toyota,640,32,499,2,10,0.06199132866070278,0.04809960019300896,0.0779809201197059,0.08723435091637244,1672,13.0
toyota,640,33,455,0,7,0.06199132866070278,0.04809960019300896,0.0779809201197059,0.08723435091637244,1672,13.0
toyota,640,34,431,0,9,0.06199132866070278,0.04809960019300896,0.0779809201197059,0.08723435091637244,1672,13.0
toyota,640,35,381,3,6,0.0659839927132881,0.05305841890344812,0.08241613133476604,0.09442148201151912,1672,13.0
toyota,640,36,335,0,9,0.0659839927132881,0.05305841890344812,0.08241613133476604,0.09442148201151912,1672,13.0
toyota,660,0,0,0,0,0.0,0.0,0.0,0.0,2659,14.0
toyota,660,1,0,0,0,0.0,0.0,0.0,0.0,2659,14.0
toyota,660,2,0,0,0,0.0,0.0,0.0,0.0,2659,14.0
toyota,660,3,0,0,0,0.0,0.0,0.0,0.0,2659,14.0
toyota,660,4,0,0,0,0.0,0.0,0.0,0.0,2659,14.0
toyota,660,5,0,0,0,0.0,0.0,0.0,0.0,2659,14.0
toyota,660,6,40,0,1,0.0,0.0,0.0,0.0,2659,14.0
toyota,660,7,247,0,5,0.0,0.0,0.0,0.0,2659,14.0
toyota,660,8,470,0,5,0.0,0.0,0.0,0.0,2659,14.0
toyota,660,9,698,0,21,0.0,0.0,0.0,0.0,2659,14.0
toyota,660,10,881,1,13,0.001040484131218254,0.0,0.0040940482949683304,0.0011350737797957144,2659,14.0
toyota,660,11,1030,1,18,0.001916309123224299,0.0,0.004835610265815688,0.0021048455528250853,2659,14.0
toyota,660,12,1153,2,20,0.0034522311820588377,0.0007127122091708172,0.0075287911950583045,0.003835799853687427,2659,14.0
toyota,660,13,1227,3,22,0.0055758593587603815,0.0022693266174844133,0.010651819600918976,0.006271409144998685,2659,14.0
toyota,660,14,1304,2,28,0.0068808701299236,0.002910688760864488,0.011977912727355048,0.007795532750604517,2659,14.0
toyota,660,15,1354,0,22,0.0068808701299236,0.002910688760864488,0.011977912727355048,0.007795532750604517,2659,14.0
toyota,660,16,1433,5,31,0.009734271746697998,0.005591089506516439,0.01559780903618218,0.011257516237169085,2659,14.0
toyota,660,17,1489,6,23,0.012946791874542592,0.008175024605144677,0.019052261517130162,0.01524170354581722,2659,14.0
toyota,660,18,1547,3,23,0.014462719278115025,0.008958398858863178,0.02025163628947046,0.017151383500156325,2659,14.0
toyota,660,19,1612,4,34,0.016369853753577118,0.010676984305814107,0.02309672882658375,0.019590213814051793,2659,14.0
toyota,660,20,1642,3,23,0.017740969617330467,0.011397386297719145,0.02428542783566751,0.021381461900871424,2659,14.0
toyota,660,21,1690,2,23,0.01861502217584148,0.012213386053527318,0.025606789462536927,0.022539590348325977,2659,14.0
toyota,660,22,1723,3,33,0.01988196719318405,0.013054144541250864,0.027037439875690177,0.024241494718003853,2659,14.0
toyota,660,23,1757,7,42,0.022720395140404394,0.015161181448449338,0.030241051377803734,0.028128978802792637,2659,14.0
toyota,660,24,1760,7,32,0.02547496044372959,0.017872504573585534,0.03283523677237252,0.03199437490982704,2659,14.0
toyota,660,25,1738,5,31,0.0274232618110741,0.01903517889828659,0.03477871215244923,0.034779201219062306,2659,14.0
toyota,660,26,1599,5,22,0.02949706351665281,0.02152254920297906,0.03675074046675525,0.03779740259111031,2659,14.0
toyota,660,27,1433,7,18,0.032682006150035664,0.024125977888355875,0.041543650517133573,0.04249762463009299,2659,14.0
toyota,660,28,1269,3,21,0.034196494237777326,0.025788913781906855,0.04350938976485833,0.044761223626239355,2659,14.0
toyota,660,29,1120,0,26,0.034196494237777326,0.025788913781906855,0.04350938976485833,0.044761223626239355,2659,14.0
toyota,660,30,990,5,22,0.03729711083552079,0.02776434971578119,0.04638235413269108,0.04958566189075331,2659,14.0
toyota,660,31,894,3,14,0.03930106639500197,0.030149236539025067,0.04912590737588093,0.05277497175018031,2659,14.0
toyota,660,32,832,0,16,0.03930106639500197,0.030149236539025067,0.04912590737588093,0.05277497175018031,2659,14.0
toyota,660,33,764,1,15,0.04005310459063993,0.03091258410553608,0.04976157589085554,0.05401479508558582,2659,14.0
toyota,660,34,705,2,11,0.04164891897457523,0.03278124331499822,0.05222654833094235,0.05669844105697419,2659,14.0
toyota,660,35,629,1,11,0.04252674373902931,0.03398031058014684,0.05222654833094235,0.05819812557039716,2659,14.0
toyota,660,36,566,0,17,0.04252674373902931,0.03398031058014684,0.05222654833094235,0.05819812557039716,2659,14.0
toyota,680,0,0,0,0,0.0,0.0,0.0,0.0,4352,14.0
toyota,680,1,0,0,0,0.0,0.0,0.0,0.0,4352,14.0
toyota,680,2,0,0,0,0.0,0.0,0.0,0.0,4352,14.0
toyota,680,3,0,0,0,0.0,0.0,0.0,0.0,4352,14.0
toyota,680,4,0,0,0,0.0,0.0,0.0,0.0,4352,14.0
toyota,680,5,0,0,0,0.0,0.0,0.0,0.0,4352,14.0
toyota,680,6,108,0,4,0.0,0.0,0.0,0.0,4352,14.0
toyota,680,7,451,0,9,0.0,0.0,0.0,0.0,4352,14.0
toyota,680,8,829,1,11,0.0011384154489276735,0.0,0.003526263841059613,0.0012062726176115257,4352,14.0
toyota,680,9,1188,0,23,0.0011384154489276735,0.0,0.003526263841059613,0.0012062726176115257,4352,14.0
toyota,680,10,1483,0,21,0.0011384154489276735,0.0,0.003526263841059613,0.0012062726176115257,4352,14.0
toyota,680,11,1702,0,28,0.0011384154489276735,0.0,0.003526263841059613,0.0012062726176115257,4352,14.0
toyota,680,12,1872,0,29,0.0011384154489276735,0.0,0.003526263841059613,0.0012062726176115257,4352,14.0
toyota,680,13,2000,2,40,0.0020090861540762815,0.0,0.004496846400143178,0.0022050663449939556,4352,14.0
toyota,680,14,2132,0,32,0.0020090861540762815,0.0,0.004496846400143178,0.0022050663449939556,4352,14.0
toyota,680,15,2240,1,32,0.002383904379483977,0.0004147829777336108,0.005654286256664706,0.002650510511804316,4352,14.0
toyota,680,16,2365,2,35,0.003083459409906627,0.0008284429362594039,0.006709442321589374,0.0034939350272277236,4352,14.0
toyota,680,17,2508,6,48,0.005031502604672093,0.0024864865079539697,0.008731116390544387,0.005877920828597949,4352,14.0
toyota,680,18,2610,2,40,0.005642038747705867,0.002605773673583021,0.00950672736280922,0.0066397001996105764,4352,14.0
toyota,680,19,2710,1,40,0.005931311222855449,0.002758670031081983,0.009708034421051311,0.0070062538157730225,4352,14.0
toyota,680,20,2787,7,51,0.007870485120673761,0.0046601103923864205,0.011394506512919376,0.009500317763849742,4352,14.0
toyota,680,21,2852,4,40,0.008930794791510502,0.005658296442703325,0.01268659062932048,0.010889517879188015,4352,14.0
toyota,680,22,2905,11,42,0.01174928404390338,0.007746732984183668,0.01642234393025495,0.014634858775342652,4352,14.0
toyota,680,23,2939,7,48,0.013489774607631656,0.00951824678515589,0.018934447754010323,0.01698176452170963,4352,14.0
toyota,680,24,2951,3,47,0.014218763539101717,0.009995835653801998,0.019549044795924158,0.017981105323619073,4352,14.0
toyota,680,25,2895,4,55,0.015192763258247206,0.010359049003542502,0.0204193872836098,0.01933795353733425,4352,14.0
toyota,680,26,2630,5,50,0.01650562599755168,0.011658913457260662,0.022028116699973708,0.021202330051521834,4352,14.0
toyota,680,27,2342,4,46,0.017660407057742633,0.012536121161982158,0.023292909794435407,0.022874059632988053,4352,14.0
toyota,680,28,2067,5,49,0.019261010704306292,0.0135134873202605,0.025638637465599114,0.025237692773692033,4352,14.0
toyota,680,29,1814,4,28,0.020681965562314074,0.015101027434296454,0.026817547981133207,0.027387113517300166,4352,14.0
toyota,680,30,1652,5,29,0.022597932236776745,0.017159496115903405,0.029283483224592448,0.030330857120456023,4352,14.0
toyota,680,31,1513,1,29,0.023007718631922892,0.0176246538041413,0.029554558436236434,0.0309717488209712,4352,14.0
toyota,680,32,1426,1,31,0.023433884988165343,0.01800831822656276,0.030125010510180013,0.03165129177411219,4352,14.0
toyota,680,33,1281,0,18,0.023433884988165343,0.01800831822656276,0.030125010510180013,0.03165129177411219,4352,14.0
toyota,680,34,1186,1,25,0.023927753647412835,0.018606513353937728,0.030176847986260052,0.03246777466469053,4352,14.0
toyota,680,35,1070,1,20,0.024463162661176468,0.01910570474309647,0.030705379406302562,0.03337201038930293,4352,14.0
toyota,680,36,947,0,17,0.024463162661176468,0.01910570474309647,0.030705379406302562,0.03337201038930293,4352,14.0
toyota,700,0,0,0,0,0.0,0.0,0.0,0.0,5655,14.0
toyota,700,1,0,0,0,0.0,0.0,0.0,0.0,5655,14.0
toyota,700,2,0,0,0,0.0,0.0,0.0,0.0,5655,14.0
toyota,700,3,0,0,0,0.0,0.0,0.0,0.0,5655,14.0
toyota,700,4,0,0,0,0.0,0.0,0.0,0.0,5655,14.0
toyota,700,5,0,0,0,0.0,0.0,0.0,0.0,5655,14.0
toyota,700,6,153,0,3,0.0,0.0,0.0,0.0,5655,14.0
toyota,700,7,588,0,15,0.0,0.0,0.0,0.0,5655,14.0
toyota,700,8,1046,0,18,0.0,0.0,0.0,0.0,5655,14.0
toyota,700,9,1454,0,18,0.0,0.0,0.0,0.0,5655,14.0
toyota,700,10,1862,1,20,0.0004980224391542121,0.0,0.0015419052483124898,0.0005370569280344073,5655,14.0
toyota,700,11,2199,0,35,0.0004980224391542121,0.0,0.0015419052483124898,0.0005370569280344073,5655,14.0
toyota,700,12,2436,2,31,0.0012387993514411844,0.0,0.00263859372926451,0.0013576340569934064,5655,14.0
toyota,700,13,2617,5,39,0.002939302714285657,0.0010133203524919103,0.004996268027316936,0.0032656248211183625,5655,14.0
toyota,700,14,2792,5,48,0.0045064213219499945,0.0023278446440997895,0.006912203323249647,0.0050506075846908915,5655,14.0
toyota,700,15,2907,2,56,0.005097042287397895,0.00286681950238591,0.0074577794481378995,0.005735127290515063,5655,14.0
toyota,700,16,3053,1,55,0.005372620264889063,0.003045132081720515,0.00787732337892863,0.0060607954440392575,5655,14.0
toyota,700,17,3223,1,55,0.005628874437567012,0.003211205001560377,0.008190974540690276,0.006369184896275026,5655,14.0
toyota,700,18,3381,5,56,0.006829047411348533,0.004105277697085626,0.009544430690884398,0.007838618222367533,5655,14.0
toyota,700,19,3533,4,59,0.0077313002894588406,0.0050113011185418735,0.01045595793372964,0.008961925759053191,5655,14.0
toyota,700,20,3631,4,49,0.008593546912164093,0.0055500332826171886,0.011101513716333547,0.010053677975237152,5655,14.0
toyota,700,21,3711,9,52,0.010464071416634217,0.007235002046037487,0.013670288950283778,0.012454517883138672,5655,14.0
toyota,700,22,3788,3,63,0.011064864662086166,0.007687364853522403,0.014270992412105171,0.013236628877423495,5655,14.0
toyota,700,23,3849,2,59,0.011452177810015871,0.008059501343575916,0.014799624061806542,0.013749366404637198,5655,14.0
toyota,700,24,3894,6,68,0.012582487674698248,0.009166716611506483,0.016369225749878858,0.015269012989529984,5655,14.0
toyota,700,25,3786,2,78,0.012962641194955923,0.009595624395346518,0.016756465444616245,0.015789208967876722,5655,14.0
toyota,700,26,3457,2,65,0.013370176325437539,0.009982361575682872,0.0170720346898411,0.01635861064044386,5655,14.0
toyota,700,27,3096,7,39,0.014931999427234815,0.01148800525118004,0.019036453810427432,0.018582606029822757,5655,14.0
toyota,700,28,2796,1,38,0.015175385921230406,0.011711030488693383,0.01927539267613211,0.018933613681457295,5655,14.0
toyota,700,29,2507,0,39,0.015175385921230406,0.011711030488693383,0.01927539267613211,0.018933613681457295,5655,14.0
toyota,700,30,2272,1,44,0.015466133251209692,0.011952670243131038,0.019513302213907638,0.019365421069801658,5655,14.0
toyota,700,31,2065,2,30,0.016093246378438623,0.012554139712958991,0.020235096167391137,0.020315188216465274,5655,14.0
toyota,700,32,1927,2,30,0.01675485560918923,0.01319697655798537,0.02093347355158322,0.02133198615292975,5655,14.0
toyota,700,33,1778,1,35,0.017107428582269206,0.013377877892570302,0.02131465794594235,0.021882418106724533,5655,14.0
toyota,700,34,1650,3,34,0.018224123344278878,0.013942271384214321,0.022719273585931826,0.023660813710166817,5655,14.0
toyota,700,35,1503,1,25,0.018623597429690632,0.014232946930360398,0.02288732378348518,0.024310407313819393,5655,14.0
toyota,700,36,1320,1,25,0.019070584720715756,0.014358467688794568,0.023395308861138903,0.025049566096157383,5655,14.0
toyota,720,0,0,0,0,0.0,0.0,0.0,0.0,6962,14.0
toyota,720,1,0,0,0,0.0,0.0,0.0,0.0,6962,14.0
toyota,720,2,0,0,0,0.0,0.0,0.0,0.0,6962,14.0
toyota,720,3,0,0,0,0.0,0.0,0.0,0.0,6962,14.0
toyota,720,4,0,0,0,0.0,0.0,0.0,0.0,6962,14.0
toyota,720,5,0,0,0,0.0,0.0,0.0,0.0,6962,14.0
toyota,720,6,215,0,5,0.0,0.0,0.0,0.0,6962,14.0
toyota,720,7,750,0,14,0.0,0.0,0.0,0.0,6962,14.0
toyota,720,8,1340,0,20,0.0,0.0,0.0,0.0,6962,14.0
toyota,720,9,1899,0,33,0.0,0.0,0.0,0.0,6962,14.0
toyota,720,10,2360,1,32,0.00039313452966548493,0.0,0.0012016352162026519,0.0004237288135593431,6962,14.0
toyota,720,11,2719,1,38,0.0007295905982684947,0.0,0.0017645195110600894,0.0007913552465076412,6962,14.0
toyota,720,12,3003,4,47,0.0019306592147933913,0.0006327649701389083,0.00376265512053399,0.0021223024922665257,6962,14.0
toyota,720,13,3260,0,50,0.0019306592147933913,0.0006327649701389083,0.00376265512053399,0.0021223024922665257,6962,14.0
toyota,720,14,3514,2,62,0.002427411475020694,0.0008802571003436419,0.004274289494509866,0.0026902465432100398,6962,14.0
toyota,720,15,3697,1,71,0.0026591933654432254,0.0011545397033423355,0.004510728108258989,0.0029600084456868903,6962,14.0
toyota,720,16,3892,2,54,0.003090955622782216,0.0014460929469088711,0.004990342697713093,0.0034723619870817846,6962,14.0
toyota,720,17,4110,1,77,0.003292444676207078,0.0015895191094087763,0.0051431399776700505,0.0037148261325836707,6962,14.0
toyota,720,18,4265,1,72,0.0034829262385538645,0.0016326901030001351,0.0055380296564437916,0.003948421718484529,6962,14.0
toyota,720,19,4407,5,85,0.00438886986160552,0.0024854501753229824,0.006464398818803275,0.005078500659126184,6962,14.0
toyota,720,20,4519,4,66,0.0050812281038208765,0.0031663421731578274,0.0076132432524342614,0.005959156998440962,6962,14.0
toyota,720,21,4603,4,72,0.00575042250304228,0.0036878378711788806,0.008255902128651262,0.0068229769793244355,6962,14.0
toyota,720,22,4669,0,89,0.00575042250304228,0.0036878378711788806,0.008255902128651262,0.0068229769793244355,6962,14.0
toyota,720,23,4718,1,82,0.005907888384352831,0.0038463039865821377,0.008333444985523646,0.007033485038464016,6962,14.0
toyota,720,24,4744,4,106,0.006523279918816913,0.004381518306648192,0.0091007788060657,0.007870724933035311,6962,14.0
toyota,720,25,4586,7,93,0.007611486994424517,0.005401603952729929,0.010270691574461916,0.009385095828253087,6962,14.0
toyota,720,26,4187,4,70,0.00827772561616879,0.0057579699815167645,0.01103259095135527,0.010331467840836495,6962,14.0
toyota,720,27,3742,4,59,0.009010018361020255,0.006442549207825093,0.011806922471207789,0.011389371135501647,6962,14.0
toyota,720,28,3311,2,72,0.009416859950918857,0.007057296492435291,0.012419708687928776,0.01198653853439302,6962,14.0
toyota,720,29,2953,2,59,0.009862828872863244,0.007386223027093313,0.012824454406929166,0.012655697668470633,6962,14.0
toyota,720,30,2674,4,44,0.010827482666627768,0.008241452879151847,0.013761116061550786,0.014132652496191667,6962,14.0
toyota,720,31,2449,2,40,0.011344669449483145,0.008674461718454835,0.014147319857502241,0.014937770787334048,6962,14.0
toyota,720,32,2253,2,34,0.011897207659129347,0.009022257994432537,0.014820214419785475,0.015812215731153545,6962,14.0
toyota,720,33,2046,1,41,0.012196566703798368,0.00926879328541413,0.015445901585018787,0.016293245928743372,6962,14.0
toyota,720,34,1853,1,32,0.012520320360310358,0.009600629572224337,0.01579848606328962,0.01682411843498799,6962,14.0
toyota,720,35,1667,1,38,0.0128737886595616,0.009940863115623111,0.016429075307394254,0.017413906006412794,6962,14.0
toyota,720,36,1463,3,36,0.014053788094655973,0.010981916818324982,0.017939141284570123,0.019428778379605327,6962,14.0
toyota,740,0,0,0,0,0.0,0.0,0.0,0.0,6863,13.0
toyota,740,1,0,0,0,0.0,0.0,0.0,0.0,6863,13.0
toyota,740,2,0,0,0,0.0,0.0,0.0,0.0,6863,13.0
toyota,740,3,0,0,0,0.0,0.0,0.0,0.0,6863,13.0
toyota,740,4,0,0,0,0.0,0.0,0.0,0.0,6863,13.0
toyota,740,5,0,0,0,0.0,0.0,0.0,0.0,6863,13.0
toyota,740,6,267,0,12,0.0,0.0,0.0,0.0,6863,13.0
toyota,740,7,839,0,21,0.0,0.0,0.0,0.0,6863,13.0
toyota,740,8,1469,0,25,0.0,0.0,0.0,0.0,6863,13.0
toyota,740,9,2032,1,37,0.00045044519207599156,0.0,0.0014622997615296746,0.0004921259842519676,6863,13.0
toyota,740,10,2495,0,39,0.00045044519207599156,0.0,0.0014622997615296746,0.0004921259842519676,6863,13.0
toyota,740,11,2853,2,32,0.0010702474388764524,0.0,0.002710054586477973,0.0011927974697168997,6863,13.0
toyota,740,12,3164,2,50,0.0016224669501692778,0.0005471101248249518,0.0036712738268042744,0.0018241547405957181,6863,13.0
toyota,740,13,3421,1,59,0.0018736372394331294,0.0005720992852370133,0.004027079441961812,0.0021159337073479723,6863,13.0
toyota,740,14,3622,2,67,0.0023397793389448936,0.0009607374945330097,0.004549045617467664,0.0026669464441192448,6863,13.0
toyota,740,15,3794,3,68,0.0029945775253834668,0.0012855365046779985,0.005596309206693004,0.003455559823314691,6863,13.0
toyota,740,16,3992,2,73,0.003401694033084003,0.0015688316905256468,0.005833140156257932,0.003954830584926294,6863,13.0
toyota,740,17,4190,3,63,0.003972580200385793,0.001902389749043774,0.0065885494825747935,0.004667989417443064,6863,13.0
toyota,740,18,4338,2,76,0.004334395868735659,0.0021061100956612324,0.006907141232303438,0.005126879233294912,6863,13.0
toyota,740,19,4480,1,84,0.004506419836053788,0.002278411981918476,0.007051373679738349,0.005348949126323221,6863,13.0
toyota,740,20,4573,1,77,0.004671747921853739,0.0024421052098675612,0.0071328073415980135,0.005566454276306532,6863,13.0
toyota,740,21,4617,0,80,0.004671747921853739,0.0024421052098675612,0.0071328073415980135,0.005566454276306532,6863,13.0
toyota,740,22,4662,4,81,0.005298322774086148,0.003103037483722239,0.007966262690107405,0.006419679111762222,6863,13.0
toyota,740,23,4706,3,78,0.005755372247949472,0.0033741823009642074,0.008529707394465513,0.007053070731537936,6863,13.0
toyota,740,24,4737,2,86,0.006052867683403398,0.0037558048036058205,0.008746258526846634,0.00747230101621954,6863,13.0
toyota,740,25,4550,1,96,0.006204851889933651,0.003850509570503548,0.00887876790640409,0.007690438972040137,6863,13.0
toyota,740,26,4112,5,69,0.007027791665808185,0.0046695578515876905,0.009871505507794108,0.008897041064729772,6863,13.0
toyota,740,27,3627,0,70,0.007027791665808185,0.0046695578515876905,0.009871505507794108,0.008897041064729772,6863,13.0
toyota,740,28,3185,2,58,0.007437072334952821,0.00517732354615216,0.010288481385290779,0.00951939771084298,6863,13.0
toyota,740,29,2823,3,47,0.00811666962032848,0.0056995179486746235,0.011198246416943359,0.01057198071008747,6863,13.0
toyota,740,30,2540,1,40,0.00836398238572831,0.005903355280855087,0.011449844889889654,0.010961519300359046,6863,13.0
toyota,740,31,2290,0,46,0.00836398238572831,0.005903355280855087,0.011449844889889654,0.010961519300359046,6863,13.0
toyota,740,32,2064,0,39,0.00836398238572831,0.005903355280855087,0.011449844889889654,0.010961519300359046,6863,13.0
toyota,740,33,1883,1,36,0.008679530198804505,0.006224015966181266,0.011942380890673893,0.011486765439870372,6863,13.0
toyota,740,34,1721,1,32,0.009017996940779321,0.006661573546182529,0.012288804152852087,0.01206114849307205,6863,13.0
toyota,740,35,1544,0,34,0.009017996940779321,0.006661573546182529,0.012288804152852087,0.01206114849307205,6863,13.0
toyota,740,36,1328,0,32,0.009017996940779321,0.006661573546182529,0.012288804152852087,0.01206114849307205,6863,13.0
toyota,760,0,0,0,0,0.0,0.0,0.0,0.0,6907,13.0
toyota,760,1,0,0,0,0.0,0.0,0.0,0.0,6907,13.0
toyota,760,2,0,0,0,0.0,0.0,0.0,0.0,6907,13.0
toyota,760,3,0,0,0,0.0,0.0,0.0,0.0,6907,13.0
toyota,760,4,0,0,0,0.0,0.0,0.0,0.0,6907,13.0
toyota,760,5,0,0,0,0.0,0.0,0.0,0.0,6907,13.0
toyota,760,6,288,0,4,0.0,0.0,0.0,0.0,6907,13.0
toyota,760,7,865,0,15,0.0,0.0,0.0,0.0,6907,13.0
toyota,760,8,1464,0,30,0.0,0.0,0.0,0.0,6907,13.0
toyota,760,9,2043,0,48,0.0,0.0,0.0,0.0,6907,13.0
toyota,760,10,2487,0,44,0.0,0.0,0.0,0.0,6907,13.0
toyota,760,11,2838,1,58,0.00032080901891468863,0.0,0.0009703030077441231,0.00035236081747713754,6907,13.0
toyota,760,12,3104,0,43,0.00032080901891468863,0.0,0.0009703030077441231,0.00035236081747713754,6907,13.0
toyota,760,13,3425,1,70,0.0005775032787131271,0.0,0.0014713041290765336,0.0006442287413260805,6907,13.0
toyota,760,14,3652,2,68,0.0010489997449584514,0.00023148629704283072,0.002117542777589032,0.0011915210585542457,6907,13.0
toyota,760,15,3822,1,68,0.0012699443213701144,0.00024124319276320468,0.002493286482548193,0.0014528524240543517,6907,13.0
toyota,760,16,4011,0,81,0.0012699443213701144,0.00024124319276320468,0.002493286482548193,0.0014528524240543517,6907,13.0
toyota,760,17,4187,1,68,0.0014639877041824256,0.0004383463377019699,0.0026366081837574753,0.001691339920489976,6907,13.0
toyota,760,18,4358,0,69,0.0014639877041824256,0.0004383463377019699,0.0026366081837574753,0.001691339920489976,6907,13.0
toyota,760,19,4472,2,89,0.001815695666638338,0.0006308712489786991,0.0029360731727234636,0.0021378106987007817,6907,13.0
toyota,760,20,4581,4,73,0.002488401444206272,0.0011306859990477356,0.003749212979214911,0.0030091158192433465,6907,13.0
toyota,760,21,4662,1,99,0.002650878215021693,0.0012953518280115406,0.003993155231583857,0.003222970577754891,6907,13.0
toyota,760,22,4700,5,97,0.003439409096362067,0.0019554882072961174,0.004696365912415959,0.00428337167288495,6907,13.0
toyota,760,23,4721,1,71,0.003593006427114155,0.0021592380514835374,0.0048722484303778315,0.0044942839008721425,6907,13.0
toyota,760,24,4742,3,110,0.004044761376924229,0.0024526691942121106,0.005403251183670453,0.005124085070905338,6907,13.0
toyota,760,25,4527,2,70,0.004352717147879362,0.0027154030651517324,0.005701947390770787,0.005563614964843477,6907,13.0
toyota,760,26,4108,0,77,0.004352717147879362,0.0027154030651517324,0.005701947390770787,0.005563614964843477,6907,13.0
toyota,760,27,3658,1,62,0.004536728544588933,0.002753414647625089,0.005973152198333305,0.005835467448450649,6907,13.0
toyota,760,28,3230,2,54,0.004946339053053892,0.0032577796193361316,0.006623873613286859,0.00645104920235251,6907,13.0
toyota,760,29,2871,0,52,0.004946339053053892,0.0032577796193361316,0.006623873613286859,0.00645104920235251,6907,13.0
toyota,760,30,2603,0,60,0.004946339053053892,0.0032577796193361316,0.006623873613286859,0.00645104920235251,6907,13.0
toyota,760,31,2365,0,47,0.004946339053053892,0.0032577796193361316,0.006623873613286859,0.00645104920235251,6907,13.0
toyota,760,32,2123,1,44,0.005234220969018561,0.0034820994707769246,0.006931405807284566,0.0069190421137032,6907,13.0
toyota,760,33,1920,0,40,0.005234220969018561,0.0034820994707769246,0.006931405807284566,0.0069190421137032,6907,13.0
toyota,760,34,1740,1,39,0.005570862195127342,0.0038155601366084077,0.0073678656465485165,0.00748977829639641,6907,13.0
toyota,760,35,1563,0,38,0.005570862195127342,0.0038155601366084077,0.0073678656465485165,0.00748977829639641,6907,13.0
toyota,760,36,1367,0,28,0.005570862195127342,0.0038155601366084077,0.0073678656465485165,0.00748977829639641,6907,13.0
toyota,780,0,0,0,0,0.0,0.0,0.0,0.0,6879,13.0
toyota,780,1,0,0,0,0.0,0.0,0.0,0.0,6879,13.0
toyota,780,2,0,0,0,0.0,0.0,0.0,0.0,6879,13.0
toyota,780,3,0,0,0,0.0,0.0,0.0,0.0,6879,13.0
toyota,780,4,0,0,0,0.0,0.0,0.0,0.0,6879,13.0
toyota,780,5,0,0,0,0.0,0.0,0.0,0.0,6879,13.0
toyota,780,6,328,0,13,0.0,0.0,0.0,0.0,6879,13.0
toyota,780,7,918,0,26,0.0,0.0,0.0,0.0,6879,13.0
toyota,780,8,1552,0,30,0.0,0.0,0.0,0.0,6879,13.0
toyota,780,9,2106,0,59,0.0,0.0,0.0,0.0,6879,13.0
toyota,780,10,2578,0,57,0.0,0.0,0.0,0.0,6879,13.0
toyota,780,11,2928,1,39,0.00029707092934065356,0.0,0.0009379129227426174,0.0003415300546447675,6879,13.0
toyota,780,12,3202,0,63,0.00029707092934065356,0.0,0.0009379129227426174,0.0003415300546447675,6879,13.0
toyota,780,13,3505,0,79,0.00029707092934065356,0.0,0.0009379129227426174,0.0003415300546447675,6879,13.0
toyota,780,14,3728,1,80,0.0005175923412917597,0.0,0.001254114749196751,0.0006096787858532737,6879,13.0
toyota,780,15,3909,1,69,0.0007233333465068234,0.0,0.001585073669033325,0.0008653427206739561,6879,13.0
toyota,780,16,4114,2,75,0.0011073098749563273,0.000190687103500072,0.0022393650989240162,0.001351066909920151,6879,13.0
toyota,780,17,4283,0,75,0.0011073098749563273,0.000190687103500072,0.0022393650989240162,0.001351066909920151,6879,13.0
toyota,780,18,4420,0,68,0.0011073098749563273,0.000190687103500072,0.0022393650989240162,0.001351066909920151,6879,13.0
toyota,780,19,4533,1,84,0.001272712343390939,0.00019158186932667073,0.002306453318134101,0.0015713733147491027,6879,13.0
toyota,780,20,4617,0,96,0.001272712343390939,0.00019158186932667073,0.002306453318134101,0.0015713733147491027,6879,13.0
toyota,780,21,4660,1,79,0.001427307356686584,0.0003144174236609268,0.0024099524009639013,0.0017856283848532994,6879,13.0
toyota,780,22,4720,1,75,0.0015773169246726124,0.00034530151076706385,0.0025629821114640733,0.001997114480534523,6879,13.0
toyota,780,23,4732,0,94,0.0015773169246726124,0.00034530151076706385,0.0025629821114640733,0.001997114480534523,6879,13.0
toyota,780,24,4712,1,89,0.0017222247697003235,0.0004902739779490819,0.0027290090187574146,0.00220891475335272,6879,13.0
toyota,780,25,4484,2,89,0.002020959854320342,0.0007162602046371063,0.003144046880832964,0.002653959840438591,6879,13.0
toyota,780,26,4056,1,95,0.0021827378655057145,0.0007162602046371063,0.0033919975084890897,0.002899853834560706,6879,13.0
toyota,780,27,3567,2,73,0.0025419421964808053,0.0010969767253389984,0.003763062120281126,0.0034589231623798344,6879,13.0
toyota,780,28,3120,0,58,0.0025419421964808053,0.0010969767253389984,0.003763062120281126,0.0034589231623798344,6879,13.0
toyota,780,29,2752,0,54,0.0025419421964808053,0.0010969767253389984,0.003763062120281126,0.0034589231623798344,6879,13.0
toyota,780,30,2464,2,40,0.0030317426738167346,0.001376132532916317,0.004385740285570389,0.0042678039065662254,6879,13.0
toyota,780,31,2237,0,52,0.0030317426738167346,0.001376132532916317,0.004385740285570389,0.0042678039065662254,6879,13.0
toyota,780,32,1989,0,47,0.0030317426738167346,0.001376132532916317,0.004385740285570389,0.0042678039065662254,6879,13.0
toyota,780,33,1775,0,46,0.0030317426738167346,0.001376132532916317,0.004385740285570389,0.0042678039065662254,6879,13.0
toyota,780,34,1597,1,35,0.0033767711710233628,0.0014939932982541153,0.005059793151319444,0.0048913055947900075,6879,13.0
toyota,780,35,1400,0,27,0.0033767711710233628,0.0014939932982541153,0.005059793151319444,0.0048913055947900075,6879,13.0
toyota,780,36,1229,0,33,0.0033767711710233628,0.0014939932982541153,0.005059793151319444,0.0048913055947900075,6879,13.0
toyota,800,0,0,0,0,0.0,0.0,0.0,0.0,7005,12.0
toyota,800,1,0,0,0,0.0,0.0,0.0,0.0,7005,12.0
toyota,800,2,0,0,0,0.0,0.0,0.0,0.0,7005,12.0
toyota,800,3,0,0,0,0.0,0.0,0.0,0.0,7005,12.0
toyota,800,4,0,0,0,0.0,0.0,0.0,0.0,7005,12.0
toyota,800,5,0,0,0,0.0,0.0,0.0,0.0,7005,12.0
toyota,800,6,393,0,15,0.0,0.0,0.0,0.0,7005,12.0
toyota,800,7,1034,0,29,0.0,0.0,0.0,0.0,7005,12.0
toyota,800,8,1680,0,44,0.0,0.0,0.0,0.0,7005,12.0
toyota,800,9,2204,0,49,0.0,0.0,0.0,0.0,7005,12.0
toyota,800,10,2668,0,59,0.0,0.0,0.0,0.0,7005,12.0
toyota,800,11,3005,0,60,0.0,0.0,0.0,0.0,7005,12.0
toyota,800,12,3279,1,69,0.0002601609647227644,0.0,0.000807458116049564,0.0003049710277523987,7005,12.0
toyota,800,13,3583,1,68,0.0004931658588883662,0.0,0.001246711727351323,0.0005839816414761057,7005,12.0
toyota,800,14,3828,0,83,0.0004931658588883662,0.0,0.001246711727351323,0.0005839816414761057,7005,12.0
toyota,800,15,4013,1,93,0.0006927736706524791,0.0,0.0015275989618685807,0.000833026251084501,7005,12.0
toyota,800,16,4175,0,78,0.0006927736706524791,0.0,0.0015275989618685807,0.000833026251084501,7005,12.0
toyota,800,17,4356,3,97,0.001221457059181484,0.00035452945795332616,0.00234508855928076,0.00152115777570494,7005,12.0
toyota,800,18,4466,0,92,0.001221457059181484,0.00035452945795332616,0.00234508855928076,0.00152115777570494,7005,12.0
toyota,800,19,4579,0,78,0.001221457059181484,0.00035452945795332616,0.00234508855928076,0.00152115777570494,7005,12.0
toyota,800,20,4665,0,95,0.001221457059181484,0.00035452945795332616,0.00234508855928076,0.00152115777570494,7005,12.0
toyota,800,21,4713,0,104,0.001221457059181484,0.00035452945795332616,0.00234508855928076,0.00152115777570494,7005,12.0
toyota,800,22,4714,0,95,0.001221457059181484,0.00035452945795332616,0.00234508855928076,0.00152115777570494,7005,12.0
toyota,800,23,4716,2,98,0.0015089074228865655,0.0006336877681606338,0.002648605554286276,0.0019446008809739235,7005,12.0
toyota,800,24,4698,1,102,0.0016501239915181806,0.0007727171921713844,0.0028569607653404017,0.002157043494664612,7005,12.0
toyota,800,25,4401,1,89,0.0017975655122776152,0.0007929094277475237,0.0030565737431285035,0.002383774455015808,7005,12.0
toyota,800,26,3955,1,85,0.0019582786338942833,0.0009320526849101147,0.003171421401916447,0.0026360162313862068,7005,12.0
toyota,800,27,3472,0,71,0.0019582786338942833,0.0009320526849101147,0.003171421401916447,0.0026360162313862068,7005,12.0
toyota,800,28,3070,0,63,0.0019582786338942833,0.0009320526849101147,0.003171421401916447,0.0026360162313862068,7005,12.0
toyota,800,29,2703,0,72,0.0019582786338942833,0.0009320526849101147,0.003171421401916447,0.0026360162313862068,7005,12.0
toyota,800,30,2448,0,68,0.0019582786338942833,0.0009320526849101147,0.003171421401916447,0.0026360162313862068,7005,12.0
toyota,800,31,2206,0,56,0.0019582786338942833,0.0009320526849101147,0.003171421401916447,0.0026360162313862068,7005,12.0
toyota,800,32,1955,0,36,0.0019582786338942833,0.0009320526849101147,0.003171421401916447,0.0026360162313862068,7005,12.0
toyota,800,33,1755,2,36,0.002573776313677098,0.0012531044523197404,0.004052300329002952,0.0037726133638860126,7005,12.0
toyota,800,34,1570,0,26,0.002573776313677098,0.0012531044523197404,0.004052300329002952,0.0037726133638860126,7005,12.0
toyota,800,35,1397,0,32,0.002573776313677098,0.0012531044523197404,0.004052300329002952,0.0037726133638860126,7005,12.0
toyota,800,36,1216,0,40,0.002573776313677098,0.0012531044523197404,0.004052300329002952,0.0037726133638860126,7005,12.0
toyota,820,0,0,0,0,0.0,0.0,0.0,0.0,6898,12.0
toyota,820,1,0,0,0,0.0,0.0,0.0,0.0,6898,12.0
toyota,820,2,0,0,0,0.0,0.0,0.0,0.0,6898,12.0
toyota,820,3,0,0,0,0.0,0.0,0.0,0.0,6898,12.0
toyota,820,4,0,0,0,0.0,0.0,0.0,0.0,6898,12.0
toyota,820,5,0,0,0,0.0,0.0,0.0,0.0,6898,12.0
toyota,820,6,420,0,21,0.0,0.0,0.0,0.0,6898,12.0
toyota,820,7,1048,0,24,0.0,0.0,0.0,0.0,6898,12.0
toyota,820,8,1690,0,22,0.0,0.0,0.0,0.0,6898,12.0
toyota,820,9,2237,0,40,0.0,0.0,0.0,0.0,6898,12.0
toyota,820,10,2739,0,54,0.0,0.0,0.0,0.0,6898,12.0
toyota,820,11,3106,0,54,0.0,0.0,0.0,0.0,6898,12.0
toyota,820,12,3381,0,70,0.0,0.0,0.0,0.0,6898,12.0
toyota,820,13,3664,0,84,0.0,0.0,0.0,0.0,6898,12.0
toyota,820,14,3916,1,77,0.00021177267282555275,0.0,0.0006393021170602751,0.00025536261491321266,6898,12.0
toyota,820,15,4088,0,95,0.00021177267282555275,0.0,0.0006393021170602751,0.00025536261491321266,6898,12.0
toyota,820,16,4247,1,71,0.0003987035528130007,0.0,0.001057270450694495,0.0004907628120841556,6898,12.0
toyota,820,17,4412,0,92,0.0003987035528130007,0.0,0.001057270450694495,0.0004907628120841556,6898,12.0
toyota,820,18,4516,0,90,0.0003987035528130007,0.0,0.001057270450694495,0.0004907628120841556,6898,12.0
toyota,820,19,4606,0,97,0.0003987035528130007,0.0,0.001057270450694495,0.0004907628120841556,6898,12.0
toyota,820,20,4664,2,82,0.000713095204439544,0.00015601291031253002,0.0014496964798038129,0.0009193688314614867,6898,12.0
toyota,820,21,4715,0,95,0.000713095204439544,0.00015601291031253002,0.0014496964798038129,0.0009193688314614867,6898,12.0
toyota,820,22,4719,0,75,0.000713095204439544,0.00015601291031253002,0.0014496964798038129,0.0009193688314614867,6898,12.0
toyota,820,23,4733,0,103,0.000713095204439544,0.00015601291031253002,0.0014496964798038129,0.0009193688314614867,6898,12.0
toyota,820,24,4703,0,95,0.000713095204439544,0.00015601291031253002,0.0014496964798038129,0.0009193688314614867,6898,12.0
toyota,820,25,4396,0,107,0.000713095204439544,0.00015601291031253002,0.0014496964798038129,0.0009193688314614867,6898,12.0
toyota,820,26,3912,0,81,0.000713095204439544,0.00015601291031253002,0.0014496964798038129,0.0009193688314614867,6898,12.0
toyota,820,27,3411,1,87,0.0008994844828285862,0.0001889188432197396,0.0016682121062865723,0.0012122684594793043,6898,12.0
toyota,820,28,2996,0,65,0.0008994844828285862,0.0001889188432197396,0.0016682121062865723,0.0012122684594793043,6898,12.0
toyota,820,29,2625,0,52,0.0008994844828285862,0.0001889188432197396,0.0016682121062865723,0.0012122684594793043,6898,12.0
toyota,820,30,2337,0,51,0.0008994844828285862,0.0001889188432197396,0.0016682121062865723,0.0012122684594793043,6898,12.0
toyota,820,31,2112,0,61,0.0008994844828285862,0.0001889188432197396,0.0016682121062865723,0.0012122684594793043,6898,12.0
toyota,820,32,1852,0,37,0.0008994844828285862,0.0001889188432197396,0.0016682121062865723,0.0012122684594793043,6898,12.0
toyota,820,33,1629,0,34,0.0008994844828285862,0.0001889188432197396,0.0016682121062865723,0.0012122684594793043,6898,12.0
toyota,820,34,1453,0,36,0.0008994844828285862,0.0001889188432197396,0.0016682121062865723,0.0012122684594793043,6898,12.0
toyota,820,35,1275,0,31,0.0008994844828285862,0.0001889188432197396,0.0016682121062865723,0.0012122684594793043,6898,12.0
toyota,820,36,1098,0,40,0.0008994844828285862,0.0001889188432197396,0.0016682121062865723,0.0012122684594793043,6898,12.0
toyota,840,0,0,0,0,0.0,0.0,0.0,0.0,6400,12.0
toyota,840,1,0,0,0,0.0,0.0,0.0,0.0,6400,12.0
toyota,840,2,0,0,0,0.0,0.0,0.0,0.0,6400,12.0
toyota,840,3,0,0,0,0.0,0.0,0.0,0.0,6400,12.0
toyota,840,4,0,0,0,0.0,0.0,0.0,0.0,6400,12.0
toyota,840,5,0,0,0,0.0,0.0,0.0,0.0,6400,12.0
toyota,840,6,384,0,18,0.0,0.0,0.0,0.0,6400,12.0
toyota,840,7,1007,0,31,0.0,0.0,0.0,0.0,6400,12.0
toyota,840,8,1578,0,30,0.0,0.0,0.0,0.0,6400,12.0
toyota,840,9,2064,0,44,0.0,0.0,0.0,0.0,6400,12.0
toyota,840,10,2544,0,51,0.0,0.0,0.0,0.0,6400,12.0
toyota,840,11,2878,0,66,0.0,0.0,0.0,0.0,6400,12.0
toyota,840,12,3118,0,63,0.0,0.0,0.0,0.0,6400,12.0
toyota,840,13,3394,0,69,0.0,0.0,0.0,0.0,6400,12.0
toyota,840,14,3604,1,59,0.0002261703517445368,0.0,0.0006835604106544417,0.0002774694783573839,6400,12.0
toyota,840,15,3760,0,72,0.0002261703517445368,0.0,0.0006835604106544417,0.0002774694783573839,6400,12.0
toyota,840,16,3936,0,71,0.0002261703517445368,0.0,0.0006835604106544417,0.0002774694783573839,6400,12.0
toyota,840,17,4099,0,83,0.0002261703517445368,0.0,0.0006835604106544417,0.0002774694783573839,6400,12.0
toyota,840,18,4209,0,65,0.0002261703517445368,0.0,0.0006835604106544417,0.0002774694783573839,6400,12.0
toyota,840,19,4329,1,79,0.000398197061764926,0.0,0.0011494942212460619,0.0005084056138440207,6400,12.0
toyota,840,20,4399,0,87,0.000398197061764926,0.0,0.0011494942212460619,0.0005084056138440207,6400,12.0
toyota,840,21,4401,0,90,0.000398197061764926,0.0,0.0011494942212460619,0.0005084056138440207,6400,12.0
toyota,840,22,4419,0,118,0.000398197061764926,0.0,0.0011494942212460619,0.0005084056138440207,6400,12.0
toyota,840,23,4368,0,98,0.000398197061764926,0.0,0.0011494942212460619,0.0005084056138440207,6400,12.0
toyota,840,24,4337,0,105,0.000398197061764926,0.0,0.0011494942212460619,0.0005084056138440207,6400,12.0
toyota,840,25,4055,0,96,0.000398197061764926,0.0,0.0011494942212460619,0.0005084056138440207,6400,12.0
toyota,840,26,3581,0,68,0.000398197061764926,0.0,0.0011494942212460619,0.0005084056138440207,6400,12.0
toyota,840,27,3139,0,64,0.000398197061764926,0.0,0.0011494942212460619,0.0005084056138440207,6400,12.0
toyota,840,28,2773,0,58,0.000398197061764926,0.0,0.0011494942212460619,0.0005084056138440207,6400,12.0
toyota,840,29,2423,0,51,0.000398197061764926,0.0,0.0011494942212460619,0.0005084056138440207,6400,12.0
toyota,840,30,2157,0,34,0.000398197061764926,0.0,0.0011494942212460619,0.0005084056138440207,6400,12.0
toyota,840,31,1942,0,34,0.000398197061764926,0.0,0.0011494942212460619,0.0005084056138440207,6400,12.0
toyota,840,32,1723,0,48,0.000398197061764926,0.0,0.0011494942212460619,0.0005084056138440207,6400,12.0
toyota,840,33,1535,0,31,0.000398197061764926,0.0,0.0011494942212460619,0.0005084056138440207,6400,12.0
toyota,840,34,1391,0,35,0.000398197061764926,0.0,0.0011494942212460619,0.0005084056138440207,6400,12.0
toyota,840,35,1209,0,29,0.000398197061764926,0.0,0.0011494942212460619,0.0005084056138440207,6400,12.0
toyota,840,36,1037,0,34,0.000398197061764926,0.0,0.0011494942212460619,0.0005084056138440207,6400,12.0
toyota,860,0,0,0,0,0.0,0.0,0.0,0.0,4355,12.0
toyota,860,1,0,0,0,0.0,0.0,0.0,0.0,4355,12.0
toyota,860,2,0,0,0,0.0,0.0,0.0,0.0,4355,12.0
toyota,860,3,0,0,0,0.0,0.0,0.0,0.0,4355,12.0
toyota,860,4,0,0,0,0.0,0.0,0.0,0.0,4355,12.0
toyota,860,5,0,0,0,0.0,0.0,0.0,0.0,4355,12.0
toyota,860,6,284,0,8,0.0,0.0,0.0,0.0,4355,12.0
toyota,860,7,743,0,24,0.0,0.0,0.0,0.0,4355,12.0
toyota,860,8,1167,0,21,0.0,0.0,0.0,0.0,4355,12.0
toyota,860,9,1487,0,31,0.0,0.0,0.0,0.0,4355,12.0
toyota,860,10,1800,0,28,0.0,0.0,0.0,0.0,4355,12.0
toyota,860,11,2040,0,41,0.0,0.0,0.0,0.0,4355,12.0
toyota,860,12,2170,0,30,0.0,0.0,0.0,0.0,4355,12.0
toyota,860,13,2372,0,55,0.0,0.0,0.0,0.0,4355,12.0
toyota,860,14,2522,0,38,0.0,0.0,0.0,0.0,4355,12.0
toyota,860,15,2642,0,59,0.0,0.0,0.0,0.0,4355,12.0
toyota,860,16,2743,0,47,0.0,0.0,0.0,0.0,4355,12.0
toyota,860,17,2859,1,49,0.0002781712496192382,0.0,0.0010863201668582056,0.00034977264777891204,4355,12.0
toyota,860,18,2917,0,54,0.0002781712496192382,0.0,0.0010863201668582056,0.00034977264777891204,4355,12.0
toyota,860,19,2968,0,60,0.0002781712496192382,0.0,0.0010863201668582056,0.00034977264777891204,4355,12.0
toyota,860,20,3004,0,67,0.0002781712496192382,0.0,0.0010863201668582056,0.00034977264777891204,4355,12.0
toyota,860,21,3013,0,57,0.0002781712496192382,0.0,0.0010863201668582056,0.00034977264777891204,4355,12.0
toyota,860,22,3017,0,58,0.0002781712496192382,0.0,0.0010863201668582056,0.00034977264777891204,4355,12.0
toyota,860,23,3021,1,68,0.0005121668280698954,0.0,0.0013348140436553828,0.0006806730871540267,4355,12.0
toyota,860,24,2984,0,49,0.0005121668280698954,0.0,0.0013348140436553828,0.0006806730871540267,4355,12.0
toyota,860,25,2791,0,69,0.0005121668280698954,0.0,0.0013348140436553828,0.0006806730871540267,4355,12.0
toyota,860,26,2439,0,48,0.0005121668280698954,0.0,0.0013348140436553828,0.0006806730871540267,4355,12.0
toyota,860,27,2106,0,42,0.0005121668280698954,0.0,0.0013348140436553828,0.0006806730871540267,4355,12.0
toyota,860,28,1865,0,40,0.0005121668280698954,0.0,0.0013348140436553828,0.0006806730871540267,4355,12.0
toyota,860,29,1610,0,24,0.0005121668280698954,0.0,0.0013348140436553828,0.0006806730871540267,4355,12.0
toyota,860,30,1442,0,39,0.0005121668280698954,0.0,0.0013348140436553828,0.0006806730871540267,4355,12.0
toyota,860,31,1303,0,26,0.0005121668280698954,0.0,0.0013348140436553828,0.0006806730871540267,4355,12.0
toyota,860,32,1147,0,25,0.0005121668280698954,0.0,0.0013348140436553828,0.0006806730871540267,4355,12.0
toyota,860,33,995,0,20,0.0005121668280698954,0.0,0.0013348140436553828,0.0006806730871540267,4355,12.0
toyota,860,34,898,0,18,0.0005121668280698954,0.0,0.0013348140436553828,0.0006806730871540267,4355,12.0
toyota,860,35,788,0,19,0.0005121668280698954,0.0,0.0013348140436553828,0.0006806730871540267,4355,12.0
toyota,860,36,667,0,20,0.0005121668280698954,0.0,0.0013348140436553828,0.0006806730871540267,4355,12.0
toyota,880,0,0,0,0,0.0,0.0,0.0,0.0,1469,11.0
toyota,880,1,0,0,0,0.0,0.0,0.0,0.0,1469,11.0
toyota,880,2,0,0,0,0.0,0.0,0.0,0.0,1469,11.0
toyota,880,3,0,0,0,0.0,0.0,0.0,0.0,1469,11.0
toyota,880,4,0,0,0,0.0,0.0,0.0,0.0,1469,11.0
toyota,880,5,0,0,0,0.0,0.0,0.0,0.0,1469,11.0
toyota,880,6,103,0,3,0.0,0.0,0.0,0.0,1469,11.0
toyota,880,7,279,0,5,0.0,0.0,0.0,0.0,1469,11.0
toyota,880,8,430,0,5,0.0,0.0,0.0,0.0,1469,11.0
toyota,880,9,542,0,8,0.0,0.0,0.0,0.0,1469,11.0
toyota,880,10,642,0,12,0.0,0.0,0.0,0.0,1469,11.0
toyota,880,11,716,0,12,0.0,0.0,0.0,0.0,1469,11.0
toyota,880,12,773,0,10,0.0,0.0,0.0,0.0,1469,11.0
toyota,880,13,834,0,10,0.0,0.0,0.0,0.0,1469,11.0
toyota,880,14,883,0,15,0.0,0.0,0.0,0.0,1469,11.0
toyota,880,15,915,0,11,0.0,0.0,0.0,0.0,1469,11.0
toyota,880,16,953,0,16,0.0,0.0,0.0,0.0,1469,11.0
toyota,880,17,985,0,20,0.0,0.0,0.0,0.0,1469,11.0
toyota,880,18,1004,0,25,0.0,0.0,0.0,0.0,1469,11.0
toyota,880,19,1014,0,18,0.0,0.0,0.0,0.0,1469,11.0
toyota,880,20,1029,0,18,0.0,0.0,0.0,0.0,1469,11.0
toyota,880,21,1036,0,22,0.0,0.0,0.0,0.0,1469,11.0
toyota,880,22,1030,0,17,0.0,0.0,0.0,0.0,1469,11.0
toyota,880,23,1027,0,26,0.0,0.0,0.0,0.0,1469,11.0
toyota,880,24,1015,0,31,0.0,0.0,0.0,0.0,1469,11.0
toyota,880,25,923,0,22,0.0,0.0,0.0,0.0,1469,11.0
toyota,880,26,791,0,14,0.0,0.0,0.0,0.0,1469,11.0
toyota,880,27,673,0,14,0.0,0.0,0.0,0.0,1469,11.0
toyota,880,28,576,0,8,0.0,0.0,0.0,0.0,1469,11.0
toyota,880,29,500,0,8,0.0,0.0,0.0,0.0,1469,11.0
toyota,880,30,448,0,11,0.0,0.0,0.0,0.0,1469,11.0
toyota,880,31,402,0,9,0.0,0.0,0.0,0.0,1469,11.0
toyota,880,32,357,0,3,0.0,0.0,0.0,0.0,1469,11.0
toyota,880,33,322,0,3,0.0,0.0,0.0,0.0,1469,11.0
toyota,880,34,293,0,6,0.0,0.0,0.0,0.0,1469,11.0
toyota,880,35,257,0,5,0.0,0.0,0.0,0.0,1469,11.0
toyota,880,36,219,0,6,0.0,0.0,0.0,0.0,1469,11.0
toyota,900,0,0,0,0,0.0,0.0,0.0,0.0,86,11.0
toyota,900,1,0,0,0,0.0,0.0,0.0,0.0,86,11.0
toyota,900,2,0,0,0,0.0,0.0,0.0,0.0,86,11.0
toyota,900,3,0,0,0,0.0,0.0,0.0,0.0,86,11.0
toyota,900,4,0,0,0,0.0,0.0,0.0,0.0,86,11.0
toyota,900,5,0,0,0,0.0,0.0,0.0,0.0,86,11.0
toyota,900,6,7,0,0,0.0,0.0,0.0,0.0,86,11.0
toyota,900,7,16,0,1,0.0,0.0,0.0,0.0,86,11.0
toyota,900,8,22,0,0,0.0,0.0,0.0,0.0,86,11.0
toyota,900,9,29,0,0,0.0,0.0,0.0,0.0,86,11.0
toyota,900,10,37,0,1,0.0,0.0,0.0,0.0,86,11.0
toyota,900,11,44,0,0,0.0,0.0,0.0,0.0,86,11.0
toyota,900,12,47,0,1,0.0,0.0,0.0,0.0,86,11.0
toyota,900,13,48,0,0,0.0,0.0,0.0,0.0,86,11.0
toyota,900,14,51,0,0,0.0,0.0,0.0,0.0,86,11.0
toyota,900,15,53,0,1,0.0,0.0,0.0,0.0,86,11.0
toyota,900,16,54,0,1,0.0,0.0,0.0,0.0,86,11.0
toyota,900,17,56,0,0,0.0,0.0,0.0,0.0,86,11.0
toyota,900,18,56,0,3,0.0,0.0,0.0,0.0,86,11.0
toyota,900,19,55,0,2,0.0,0.0,0.0,0.0,86,11.0
toyota,900,20,57,0,2,0.0,0.0,0.0,0.0,86,11.0
toyota,900,21,57,0,2,0.0,0.0,0.0,0.0,86,11.0
toyota,900,22,57,0,1,0.0,0.0,0.0,0.0,86,11.0
toyota,900,23,59,0,0,0.0,0.0,0.0,0.0,86,11.0
toyota,900,24,61,0,4,0.0,0.0,0.0,0.0,86,11.0
toyota,900,25,54,0,1,0.0,0.0,0.0,0.0,86,11.0
toyota,900,26,47,0,0,0.0,0.0,0.0,0.0,86,11.0
toyota,900,27,41,0,1,0.0,0.0,0.0,0.0,86,11.0
toyota,900,28,35,0,1,0.0,0.0,0.0,0.0,86,11.0
toyota,900,29,30,0,1,0.0,0.0,0.0,0.0,86,11.0
toyota,900,30,24,0,0,0.0,0.0,0.0,0.0,86,11.0
toyota,900,31,23,0,0,0.0,0.0,0.0,0.0,86,11.0
toyota,900,32,22,0,1,0.0,0.0,0.0,0.0,86,11.0
toyota,900,33,20,0,1,0.0,0.0,0.0,0.0,86,11.0
toyota,900,34,19,0,0,0.0,0.0,0.0,0.0,86,11.0
toyota,900,35,19,0,1,0.0,0.0,0.0,0.0,86,11.0
toyota,900,36,17,0,1,0.0,0.0,0.0,0.0,86,11.0
