lender,score_b,age,at_risk,d_chargeoff,d_competing,aj_chargeoff,aj_lo95,aj_hi95,km_chargeoff,n_loans,entry_age_median
americredit,380,0,0,0,0,0.0,,,0.0,1,3.0
americredit,380,1,0,0,0,0.0,,,0.0,1,3.0
americredit,380,2,0,0,0,0.0,,,0.0,1,3.0
americredit,380,3,1,0,0,0.0,,,0.0,1,3.0
americredit,380,4,1,0,0,0.0,,,0.0,1,3.0
americredit,380,5,1,0,0,0.0,,,0.0,1,3.0
americredit,380,6,1,0,0,0.0,,,0.0,1,3.0
americredit,380,7,1,0,0,0.0,,,0.0,1,3.0
americredit,380,8,1,0,0,0.0,,,0.0,1,3.0
americredit,380,9,1,0,0,0.0,,,0.0,1,3.0
americredit,380,10,1,0,0,0.0,,,0.0,1,3.0
americredit,380,11,1,0,0,0.0,,,0.0,1,3.0
americredit,380,12,1,0,0,0.0,,,0.0,1,3.0
americredit,380,13,1,0,0,0.0,,,0.0,1,3.0
americredit,380,14,1,0,0,0.0,,,0.0,1,3.0
americredit,380,15,1,0,0,0.0,,,0.0,1,3.0
americredit,380,16,1,0,0,0.0,,,0.0,1,3.0
americredit,380,17,1,0,0,0.0,,,0.0,1,3.0
americredit,380,18,1,0,0,0.0,,,0.0,1,3.0
americredit,380,19,1,0,0,0.0,,,0.0,1,3.0
americredit,380,20,1,0,0,0.0,,,0.0,1,3.0
americredit,380,21,1,0,0,0.0,,,0.0,1,3.0
americredit,380,22,1,0,0,0.0,,,0.0,1,3.0
americredit,380,23,1,0,0,0.0,,,0.0,1,3.0
americredit,380,24,1,0,0,0.0,,,0.0,1,3.0
americredit,380,25,1,0,0,0.0,,,0.0,1,3.0
americredit,380,26,1,0,0,0.0,,,0.0,1,3.0
americredit,380,27,1,0,0,0.0,,,0.0,1,3.0
americredit,380,28,1,0,0,0.0,,,0.0,1,3.0
americredit,380,29,1,0,0,0.0,,,0.0,1,3.0
americredit,380,30,0,0,0,0.0,,,0.0,1,3.0
americredit,380,31,0,0,0,0.0,,,0.0,1,3.0
americredit,380,32,0,0,0,0.0,,,0.0,1,3.0
americredit,380,33,0,0,0,0.0,,,0.0,1,3.0
americredit,380,34,0,0,0,0.0,,,0.0,1,3.0
americredit,380,35,0,0,0,0.0,,,0.0,1,3.0
americredit,380,36,0,0,0,0.0,,,0.0,1,3.0
americredit,400,0,0,0,0,0.0,0.0,0.0,0.0,3,3.0
americredit,400,1,0,0,0,0.0,0.0,0.0,0.0,3,3.0
americredit,400,2,0,0,0,0.0,0.0,0.0,0.0,3,3.0
americredit,400,3,2,0,0,0.0,0.0,0.0,0.0,3,3.0
americredit,400,4,3,0,0,0.0,0.0,0.0,0.0,3,3.0
americredit,400,5,3,0,0,0.0,0.0,0.0,0.0,3,3.0
americredit,400,6,3,0,0,0.0,0.0,0.0,0.0,3,3.0
americredit,400,7,3,0,0,0.0,0.0,0.0,0.0,3,3.0
americredit,400,8,3,0,0,0.0,0.0,0.0,0.0,3,3.0
americredit,400,9,3,0,0,0.0,0.0,0.0,0.0,3,3.0
americredit,400,10,3,0,0,0.0,0.0,0.0,0.0,3,3.0
americredit,400,11,3,0,0,0.0,0.0,0.0,0.0,3,3.0
americredit,400,12,3,0,0,0.0,0.0,0.0,0.0,3,3.0
americredit,400,13,3,0,0,0.0,0.0,0.0,0.0,3,3.0
americredit,400,14,3,0,0,0.0,0.0,0.0,0.0,3,3.0
americredit,400,15,3,0,0,0.0,0.0,0.0,0.0,3,3.0
americredit,400,16,3,0,0,0.0,0.0,0.0,0.0,3,3.0
americredit,400,17,3,0,0,0.0,0.0,0.0,0.0,3,3.0
americredit,400,18,3,0,0,0.0,0.0,0.0,0.0,3,3.0
americredit,400,19,3,0,0,0.0,0.0,0.0,0.0,3,3.0
americredit,400,20,3,0,0,0.0,0.0,0.0,0.0,3,3.0
americredit,400,21,3,0,0,0.0,0.0,0.0,0.0,3,3.0
americredit,400,22,3,0,0,0.0,0.0,0.0,0.0,3,3.0
americredit,400,23,3,0,0,0.0,0.0,0.0,0.0,3,3.0
americredit,400,24,3,0,0,0.0,0.0,0.0,0.0,3,3.0
americredit,400,25,3,0,0,0.0,0.0,0.0,0.0,3,3.0
americredit,400,26,3,0,0,0.0,0.0,0.0,0.0,3,3.0
americredit,400,27,3,0,0,0.0,0.0,0.0,0.0,3,3.0
americredit,400,28,3,0,0,0.0,0.0,0.0,0.0,3,3.0
americredit,400,29,3,0,0,0.0,0.0,0.0,0.0,3,3.0
americredit,400,30,1,0,0,0.0,0.0,0.0,0.0,3,3.0
americredit,400,31,0,0,0,0.0,0.0,0.0,0.0,3,3.0
americredit,400,32,0,0,0,0.0,0.0,0.0,0.0,3,3.0
americredit,400,33,0,0,0,0.0,0.0,0.0,0.0,3,3.0
americredit,400,34,0,0,0,0.0,0.0,0.0,0.0,3,3.0
americredit,400,35,0,0,0,0.0,0.0,0.0,0.0,3,3.0
americredit,400,36,0,0,0,0.0,0.0,0.0,0.0,3,3.0
americredit,420,0,0,0,0,0.0,0.0,0.0,0.0,12,4.5
americredit,420,1,0,0,0,0.0,0.0,0.0,0.0,12,4.5
americredit,420,2,1,0,0,0.0,0.0,0.0,0.0,12,4.5
americredit,420,3,4,0,0,0.0,0.0,0.0,0.0,12,4.5
americredit,420,4,6,0,0,0.0,0.0,0.0,0.0,12,4.5
americredit,420,5,11,0,0,0.0,0.0,0.0,0.0,12,4.5
americredit,420,6,12,0,0,0.0,0.0,0.0,0.0,12,4.5
americredit,420,7,12,0,0,0.0,0.0,0.0,0.0,12,4.5
americredit,420,8,12,0,0,0.0,0.0,0.0,0.0,12,4.5
americredit,420,9,12,0,0,0.0,0.0,0.0,0.0,12,4.5
americredit,420,10,12,0,0,0.0,0.0,0.0,0.0,12,4.5
americredit,420,11,12,0,0,0.0,0.0,0.0,0.0,12,4.5
americredit,420,12,12,0,0,0.0,0.0,0.0,0.0,12,4.5
americredit,420,13,12,0,0,0.0,0.0,0.0,0.0,12,4.5
americredit,420,14,12,0,0,0.0,0.0,0.0,0.0,12,4.5
americredit,420,15,12,1,0,0.08333333333333333,0.0,0.3333333333333333,0.08333333333333337,12,4.5
americredit,420,16,11,1,0,0.16666666666666666,0.0,0.41666666666666663,0.16666666666666674,12,4.5
americredit,420,17,10,0,0,0.16666666666666666,0.0,0.41666666666666663,0.16666666666666674,12,4.5
americredit,420,18,10,0,0,0.16666666666666666,0.0,0.41666666666666663,0.16666666666666674,12,4.5
americredit,420,19,10,0,0,0.16666666666666666,0.0,0.41666666666666663,0.16666666666666674,12,4.5
americredit,420,20,10,0,0,0.16666666666666666,0.0,0.41666666666666663,0.16666666666666674,12,4.5
americredit,420,21,10,0,0,0.16666666666666666,0.0,0.41666666666666663,0.16666666666666674,12,4.5
americredit,420,22,10,1,0,0.25,0.08333333333333333,0.5,0.25,12,4.5
americredit,420,23,9,0,0,0.25,0.08333333333333333,0.5,0.25,12,4.5
americredit,420,24,9,0,0,0.25,0.08333333333333333,0.5,0.25,12,4.5
americredit,420,25,9,0,1,0.25,0.08333333333333333,0.5,0.25,12,4.5
americredit,420,26,8,0,0,0.25,0.08333333333333333,0.5,0.25,12,4.5
americredit,420,27,8,0,0,0.25,0.08333333333333333,0.5,0.25,12,4.5
americredit,420,28,8,1,0,0.3333333333333333,0.16666666666666663,0.6666666666666666,0.34375,12,4.5
americredit,420,29,6,0,0,0.3333333333333333,0.16666666666666663,0.6666666666666666,0.34375,12,4.5
americredit,420,30,5,0,0,0.3333333333333333,0.16666666666666663,0.6666666666666666,0.34375,12,4.5
americredit,420,31,4,0,0,0.3333333333333333,0.16666666666666663,0.6666666666666666,0.34375,12,4.5
americredit,420,32,1,0,0,0.3333333333333333,0.16666666666666663,0.6666666666666666,0.34375,12,4.5
americredit,420,33,0,0,0,0.3333333333333333,0.16666666666666663,0.6666666666666666,0.34375,12,4.5
americredit,420,34,0,0,0,0.3333333333333333,0.16666666666666663,0.6666666666666666,0.34375,12,4.5
americredit,420,35,0,0,0,0.3333333333333333,0.16666666666666663,0.6666666666666666,0.34375,12,4.5
americredit,420,36,0,0,0,0.3333333333333333,0.16666666666666663,0.6666666666666666,0.34375,12,4.5
americredit,440,0,0,0,0,0.0,0.0,0.0,0.0,55,4.0
americredit,440,1,0,0,0,0.0,0.0,0.0,0.0,55,4.0
americredit,440,2,1,0,0,0.0,0.0,0.0,0.0,55,4.0
americredit,440,3,22,0,0,0.0,0.0,0.0,0.0,55,4.0
americredit,440,4,35,0,0,0.0,0.0,0.0,0.0,55,4.0
americredit,440,5,43,0,0,0.0,0.0,0.0,0.0,55,4.0
americredit,440,6,55,0,0,0.0,0.0,0.0,0.0,55,4.0
americredit,440,7,55,0,0,0.0,0.0,0.0,0.0,55,4.0
americredit,440,8,55,0,0,0.0,0.0,0.0,0.0,55,4.0
americredit,440,9,55,0,0,0.0,0.0,0.0,0.0,55,4.0
americredit,440,10,55,0,0,0.0,0.0,0.0,0.0,55,4.0
americredit,440,11,55,1,1,0.01818181818181818,0.0,0.07272727272727272,0.018181818181818188,55,4.0
americredit,440,12,53,0,0,0.01818181818181818,0.0,0.07272727272727272,0.018181818181818188,55,4.0
americredit,440,13,53,0,0,0.01818181818181818,0.0,0.07272727272727272,0.018181818181818188,55,4.0
americredit,440,14,53,0,0,0.01818181818181818,0.0,0.07272727272727272,0.018181818181818188,55,4.0
americredit,440,15,53,0,2,0.01818181818181818,0.0,0.07272727272727272,0.018181818181818188,55,4.0
americredit,440,16,51,0,1,0.01818181818181818,0.0,0.07272727272727272,0.018181818181818188,55,4.0
americredit,440,17,50,0,1,0.01818181818181818,0.0,0.07272727272727272,0.018181818181818188,55,4.0
americredit,440,18,49,0,0,0.01818181818181818,0.0,0.07272727272727272,0.018181818181818188,55,4.0
americredit,440,19,49,0,0,0.01818181818181818,0.0,0.07272727272727272,0.018181818181818188,55,4.0
americredit,440,20,49,2,1,0.05454545454545454,0.0,0.10909090909090909,0.058256029684601196,55,4.0
americredit,440,21,46,0,1,0.05454545454545454,0.0,0.10909090909090909,0.058256029684601196,55,4.0
americredit,440,22,45,1,0,0.07272727272727272,0.01818181818181818,0.14545454545454545,0.07918367346938782,55,4.0
americredit,440,23,44,1,1,0.09090909090909091,0.03590909090909092,0.16363636363636364,0.10011131725417444,55,4.0
americredit,440,24,42,0,0,0.09090909090909091,0.03590909090909092,0.16363636363636364,0.10011131725417444,55,4.0
americredit,440,25,42,2,0,0.12727272727272726,0.05454545454545454,0.2,0.14296315928968995,55,4.0
americredit,440,26,40,0,0,0.12727272727272726,0.05454545454545454,0.2,0.14296315928968995,55,4.0
americredit,440,27,40,0,0,0.12727272727272726,0.05454545454545454,0.2,0.14296315928968995,55,4.0
americredit,440,28,40,1,1,0.14545454545454545,0.07227272727272728,0.23636363636363633,0.1643890803074477,55,4.0
americredit,440,29,37,0,0,0.14545454545454545,0.07227272727272728,0.23636363636363633,0.1643890803074477,55,4.0
americredit,440,30,27,0,0,0.14545454545454545,0.07227272727272728,0.23636363636363633,0.1643890803074477,55,4.0
americredit,440,31,16,0,1,0.14545454545454545,0.07227272727272728,0.23636363636363633,0.1643890803074477,55,4.0
americredit,440,32,8,0,0,0.14545454545454545,0.07227272727272728,0.23636363636363633,0.1643890803074477,55,4.0
americredit,440,33,0,0,0,0.14545454545454545,0.07227272727272728,0.23636363636363633,0.1643890803074477,55,4.0
americredit,440,34,0,0,0,0.14545454545454545,0.07227272727272728,0.23636363636363633,0.1643890803074477,55,4.0
americredit,440,35,0,0,0,0.14545454545454545,0.07227272727272728,0.23636363636363633,0.1643890803074477,55,4.0
americredit,440,36,0,0,0,0.14545454545454545,0.07227272727272728,0.23636363636363633,0.1643890803074477,55,4.0
americredit,460,0,0,0,0,0.0,0.0,0.0,0.0,261,4.0
americredit,460,1,0,0,0,0.0,0.0,0.0,0.0,261,4.0
americredit,460,2,7,0,0,0.0,0.0,0.0,0.0,261,4.0
americredit,460,3,85,0,0,0.0,0.0,0.0,0.0,261,4.0
americredit,460,4,165,0,1,0.0,0.0,0.0,0.0,261,4.0
americredit,460,5,217,0,0,0.0,0.0,0.0,0.0,261,4.0
americredit,460,6,260,0,3,0.0,0.0,0.0,0.0,261,4.0
americredit,460,7,257,2,4,0.007645687645687646,0.0,0.01925057718963094,0.0077821011673151474,261,4.0
americredit,460,8,251,3,1,0.019114219114219115,0.0038241726664140457,0.034482758620689655,0.019641279241012555,261,4.0
americredit,460,9,247,3,1,0.030582750582750583,0.01146455208408993,0.05361170858686389,0.031548470181405164,261,4.0
americredit,460,10,243,2,2,0.03822843822843823,0.015324662730669403,0.06117962587333784,0.03951926466550881,261,4.0
americredit,460,11,239,2,1,0.04587412587412587,0.022933449439760802,0.06896551724137932,0.0475567603586845,261,4.0
americredit,460,12,236,2,1,0.05351981351981352,0.026761684563565178,0.07671978324518075,0.05562831323700068,261,4.0
americredit,460,13,233,2,3,0.061165501165501165,0.034138745048556095,0.08770620122395516,0.06373450797316371,261,4.0
americredit,460,14,228,3,1,0.07263403263403263,0.0418695167803927,0.09961685823754789,0.07605379076299057,261,4.0
americredit,460,15,224,5,1,0.09174825174825174,0.05363984674329502,0.126169901576158,0.09667759007631671,261,4.0
americredit,460,16,218,1,4,0.09557109557109557,0.06098551293644684,0.13036398467432952,0.10082127085578307,261,4.0
americredit,460,17,213,1,2,0.0993939393939394,0.061291249943260045,0.13793103448275862,0.10504276723674177,261,4.0
americredit,460,18,210,1,0,0.10321678321678322,0.06479710749497478,0.14185823754789273,0.10930446834513818,261,4.0
americredit,460,19,209,2,3,0.11086247086247086,0.06896551724137931,0.1486593514865993,0.11782787056193111,261,4.0
americredit,460,20,204,1,2,0.11468531468531469,0.07597525465729912,0.15642240571003735,0.12215224374545108,261,4.0
americredit,460,21,201,2,1,0.12233100233100233,0.08045977011494256,0.16482181513088065,0.13088704729027245,261,4.0
americredit,460,22,198,2,1,0.12997668997668999,0.09147826940467027,0.17930390434975016,0.1396659660045121,261,4.0
americredit,460,23,195,2,3,0.13762237762237764,0.09910145852172611,0.18026819923371654,0.14848990481472224,261,4.0
americredit,460,24,190,1,0,0.14144522144522145,0.09938966502006794,0.18801621510673247,0.15297153689464482,261,4.0
americredit,460,25,189,4,1,0.15673659673659673,0.11401870954274251,0.19942528735632195,0.17089806521433493,261,4.0
americredit,460,26,184,3,2,0.1682051282051282,0.12237928657604828,0.21455938697318003,0.18441603154236208,261,4.0
americredit,460,27,179,3,3,0.17967365967365967,0.12994930900355542,0.22241379310344842,0.1980850366003114,261,4.0
americredit,460,28,173,3,3,0.19114219114219114,0.13752362059850942,0.24046028787408105,0.2119910764280517,261,4.0
americredit,460,29,162,2,1,0.19902385680163456,0.15287319467050187,0.2491440880030252,0.22171958165733507,261,4.0
americredit,460,30,118,4,2,0.22026427781606686,0.16371156340712553,0.2801542191654905,0.24810196871979828,261,4.0
americredit,460,31,62,0,0,0.22026427781606686,0.16371156340712553,0.2801542191654905,0.24810196871979828,261,4.0
americredit,460,32,32,0,2,0.22026427781606686,0.16371156340712553,0.2801542191654905,0.24810196871979828,261,4.0
americredit,460,33,0,0,0,0.22026427781606686,0.16371156340712553,0.2801542191654905,0.24810196871979828,261,4.0
americredit,460,34,0,0,0,0.22026427781606686,0.16371156340712553,0.2801542191654905,0.24810196871979828,261,4.0
americredit,460,35,0,0,0,0.22026427781606686,0.16371156340712553,0.2801542191654905,0.24810196871979828,261,4.0
americredit,460,36,0,0,0,0.22026427781606686,0.16371156340712553,0.2801542191654905,0.24810196871979828,261,4.0
americredit,480,0,0,0,0,0.0,0.0,0.0,0.0,783,4.0
americredit,480,1,0,0,0,0.0,0.0,0.0,0.0,783,4.0
americredit,480,2,29,0,0,0.0,0.0,0.0,0.0,783,4.0
americredit,480,3,256,0,0,0.0,0.0,0.0,0.0,783,4.0
americredit,480,4,469,0,6,0.0,0.0,0.0,0.0,783,4.0
americredit,480,5,638,2,7,0.0030946922351966096,0.0,0.007771387822349991,0.0031347962382445305,783,4.0
americredit,480,6,768,2,7,0.005629277412200083,0.0,0.01104685783921621,0.005730799373040774,783,4.0
americredit,480,7,759,7,9,0.01450032553171224,0.006350481379031977,0.02469202160823183,0.014900607547466027,783,4.0
americredit,480,8,743,1,6,0.015767618120213975,0.007617267511944516,0.026806965329873027,0.016226447914158504,783,4.0
americredit,480,9,736,5,6,0.022104081062722658,0.012957252382781623,0.03367524363106681,0.022909692153872063,783,4.0
americredit,480,10,725,6,5,0.029707836593733078,0.01777925575198159,0.04270809234668447,0.030995956770529576,783,4.0
americredit,480,11,714,3,12,0.03350971435923829,0.02141714994872991,0.0466245077757715,0.03506740233031724,783,4.0
americredit,480,12,699,3,8,0.0373115921247435,0.024140167744320883,0.05034926713384159,0.039208743951217095,783,4.0
americredit,480,13,688,6,5,0.04491534765575392,0.030493182968345856,0.05888156621590329,0.047587737463270496,783,4.0
americredit,480,14,677,9,5,0.05632098095226955,0.0404829439618739,0.07027079357242445,0.06024905262254754,783,4.0
americredit,480,15,663,6,3,0.06392473648327997,0.04720217622384855,0.08071965120795957,0.06875358608297699,783,4.0
americredit,480,16,654,6,6,0.07152849201429039,0.053229579585092945,0.08850305815948174,0.07729713116478454,783,4.0
americredit,480,17,642,6,6,0.07913224754530081,0.059542174151357964,0.0976050340542349,0.08592052246230997,783,4.0
americredit,480,18,630,7,3,0.08800329566481296,0.06759910350372729,0.10522146198356597,0.09607696110161756,783,4.0
americredit,480,19,620,7,5,0.09687434378432512,0.0764876357145513,0.11686151501401972,0.10628254379885727,783,4.0
americredit,480,20,608,7,9,0.10574539190383728,0.08435153576894397,0.12600396545743814,0.11657205398538362,783,4.0
americredit,480,21,592,6,6,0.1133491474348477,0.08872642652169464,0.13299568288075972,0.1255257156003966,783,4.0
americredit,480,22,580,4,3,0.11841831778885464,0.09450043421780516,0.13729455142487437,0.13155657273418697,783,4.0
americredit,480,23,573,4,4,0.12348748814286159,0.09871863129495946,0.14488040171875421,0.13761900503621716,783,4.0
americredit,480,24,565,0,5,0.12348748814286159,0.09871863129495946,0.14488040171875421,0.13761900503621716,783,4.0
americredit,480,25,560,6,2,0.131091243673872,0.10768340004707654,0.15390207558054272,0.14685880141082908,783,4.0
americredit,480,26,552,7,4,0.13996229179338415,0.11660229879673828,0.1626760917595406,0.15767762095815552,783,4.0
americredit,480,27,541,9,5,0.15136792508989977,0.12618812068240862,0.17846394100378807,0.17169037772594964,783,4.0
americredit,480,28,527,4,8,0.15643709544390672,0.132525890029977,0.18476663376924232,0.17797735778116064,783,4.0
americredit,480,29,498,11,6,0.17085318482917244,0.14623429242913139,0.19715253557988902,0.1961344844165166,783,4.0
americredit,480,30,335,1,2,0.17273490504472544,0.14717948000854844,0.199009539879849,0.19853408297049713,783,4.0
americredit,480,31,207,4,0,0.18480700381890122,0.16017843229789855,0.2176803834551033,0.2140213470676856,783,4.0
americredit,480,32,87,0,0,0.18480700381890122,0.16017843229789855,0.2176803834551033,0.2140213470676856,783,4.0
americredit,480,33,0,0,0,0.18480700381890122,0.16017843229789855,0.2176803834551033,0.2140213470676856,783,4.0
americredit,480,34,0,0,0,0.18480700381890122,0.16017843229789855,0.2176803834551033,0.2140213470676856,783,4.0
americredit,480,35,0,0,0,0.18480700381890122,0.16017843229789855,0.2176803834551033,0.2140213470676856,783,4.0
americredit,480,36,0,0,0,0.18480700381890122,0.16017843229789855,0.2176803834551033,0.2140213470676856,783,4.0
americredit,500,0,0,0,0,0.0,0.0,0.0,0.0,1589,4.0
americredit,500,1,0,0,0,0.0,0.0,0.0,0.0,1589,4.0
americredit,500,2,48,0,0,0.0,0.0,0.0,0.0,1589,4.0
americredit,500,3,557,0,4,0.0,0.0,0.0,0.0,1589,4.0
americredit,500,4,948,1,2,0.001047277079593058,0.0,0.003185366209307659,0.0010548523206751481,1589,4.0
americredit,500,5,1293,2,12,0.002578099724937899,0.0,0.006189671431503736,0.002600011095121091,1589,4.0
americredit,500,6,1568,6,15,0.006324124272251774,0.0025010177976981683,0.011178163956190474,0.006416592685318356,1589,4.0
americredit,500,7,1547,9,13,0.011943161093222587,0.006854696308642731,0.017961220338539214,0.012196974499043,1589,4.0
americredit,500,8,1525,13,9,0.02005954761240265,0.013708121207799828,0.02713910718733035,0.02061759045413314,1589,4.0
americredit,500,9,1503,8,8,0.02505424700882115,0.017716821829673088,0.03242098877279723,0.025830537411130505,1589,4.0
americredit,500,10,1487,9,9,0.030673283829791963,0.022454972629161542,0.03902844729641139,0.031726653862576226,1589,4.0
americredit,500,11,1469,13,12,0.03878967034897203,0.030715664520713424,0.04915606498250986,0.040295444536358804,1589,4.0
americredit,500,12,1444,10,11,0.045033044594495156,0.03617380299424533,0.05575750062775494,0.04694159796754749,1589,4.0
americredit,500,13,1423,15,8,0.054398105962779844,0.044920787971458556,0.06714911199823889,0.05698789173457974,1589,4.0
americredit,500,14,1400,8,15,0.059392805359198345,0.04814459260568975,0.07091208585351473,0.062376532353239256,1589,4.0
americredit,500,15,1377,18,16,0.07063087900113997,0.05996573257640706,0.083470203759287,0.07463304827019035,1589,4.0
americredit,500,16,1343,13,11,0.07874726552032003,0.06779484742478521,0.09280226086175676,0.08359043499579533,1589,4.0
americredit,500,17,1319,6,8,0.08249329006763391,0.07106392115672454,0.09718015534850229,0.08775909109134139,1589,4.0
americredit,500,18,1305,8,11,0.08748798946405241,0.07563741538096322,0.10269151655206805,0.09335137252526415,1589,4.0
americredit,500,19,1286,6,16,0.09123401401136629,0.07848889607191879,0.10705680203671326,0.0975814594341664,1589,4.0
americredit,500,20,1264,14,18,0.09997473795509866,0.0867293644709684,0.11580217775954064,0.10757660149739556,1589,4.0
americredit,500,21,1232,11,14,0.1068424496251741,0.09220026525004328,0.12264422282770374,0.11554466755545445,1589,4.0
americredit,500,22,1207,8,7,0.1118371490215926,0.09730006965195183,0.12814969815411617,0.1214068404299834,1589,4.0
americredit,500,23,1192,11,14,0.11870486069166804,0.10342715837039268,0.1349251368544863,0.12951466321125038,1589,4.0
americredit,500,24,1167,13,9,0.12682124721084811,0.11134255713745377,0.14469280941591686,0.13921158641455267,1589,4.0
americredit,500,25,1145,11,26,0.13368895888092355,0.11905416980676792,0.15091685504057642,0.14748116942716394,1589,4.0
americredit,500,26,1108,9,16,0.13930799570189437,0.12449884150028893,0.1559478497159251,0.15440596137225016,1589,4.0
americredit,500,27,1083,13,11,0.14742438222107443,0.13091840074534575,0.16621901984959825,0.16455621299012713,1589,4.0
americredit,500,28,1059,12,18,0.15491643131570218,0.1412040942511546,0.17445739142642722,0.17402299811205202,1589,4.0
americredit,500,29,1002,11,13,0.16196920108467186,0.14859934372571101,0.1826967694069337,0.1830906099092251,1589,4.0
americredit,500,30,656,13,10,0.17439560280899014,0.15728279900989442,0.19637075357763736,0.19927936306651173,1589,4.0
americredit,500,31,391,6,6,0.18368056715070974,0.16645401949123192,0.20844919263762968,0.21156663626753713,1589,4.0
americredit,500,32,171,2,3,0.19054021916925112,0.17335351133018978,0.21539390559635627,0.2207880791182092,1589,4.0
americredit,500,33,0,0,0,0.19054021916925112,0.17335351133018978,0.21539390559635627,0.2207880791182092,1589,4.0
americredit,500,34,0,0,0,0.19054021916925112,0.17335351133018978,0.21539390559635627,0.2207880791182092,1589,4.0
americredit,500,35,0,0,0,0.19054021916925112,0.17335351133018978,0.21539390559635627,0.2207880791182092,1589,4.0
americredit,500,36,0,0,0,0.19054021916925112,0.17335351133018978,0.21539390559635627,0.2207880791182092,1589,4.0
americredit,520,0,0,0,0,0.0,0.0,0.0,0.0,2407,4.0
americredit,520,1,0,0,0,0.0,0.0,0.0,0.0,2407,4.0
americredit,520,2,81,0,1,0.0,0.0,0.0,0.0,2407,4.0
americredit,520,3,806,0,7,0.0,0.0,0.0,0.0,2407,4.0
americredit,520,4,1404,1,13,0.0006973480612545649,0.0,0.002107029548032511,0.0007122507122506727,2407,4.0
americredit,520,5,1920,3,12,0.002211900881791823,0.0004848968058406946,0.004628498110094463,0.0022736378205128194,2407,4.0
americredit,520,6,2370,12,16,0.0070814757731394624,0.0041185027187233365,0.010394648555234127,0.007325416869522927,2407,4.0
americredit,520,7,2342,10,25,0.011139454849262495,0.007366519062564787,0.015326393184962884,0.01156399322789381,2407,4.0
americredit,520,8,2307,13,15,0.016414827648222437,0.011812402969011688,0.021806230326679183,0.017133853690848966,2407,4.0
americredit,520,9,2279,15,19,0.022501796262406986,0.016621407912206503,0.028637849847850238,0.02360291564549455,2407,4.0
americredit,520,10,2245,12,13,0.027371371153754626,0.020729560176846844,0.033686220283089784,0.028821964648725773,2407,4.0
americredit,520,11,2220,17,14,0.03426993558316378,0.027120678325850366,0.04021653844350521,0.03625891356808242,2407,4.0
americredit,520,12,2189,22,14,0.04319748955063445,0.03547505574403074,0.049294240113962086,0.04594475363272488,2407,4.0
americredit,520,13,2153,9,18,0.046849670719145184,0.03859625898070947,0.05397132496633808,0.049932908401561615,2407,4.0
americredit,520,14,2126,18,15,0.054154033056166645,0.04493551220035881,0.062704389789453,0.057976750193081794,2407,4.0
americredit,520,15,2093,14,19,0.05983520376273889,0.05027510291632444,0.06828445339315002,0.06427790905466657,2407,4.0
americredit,520,16,2060,23,15,0.06916855563782187,0.05669574951113464,0.07867666096482193,0.07472529162347363,2407,4.0
americredit,520,17,2022,20,14,0.07728451379006794,0.06544948794069035,0.08731224641368106,0.0838773658903037,2407,4.0
americredit,520,18,1988,13,14,0.08255988658902788,0.07019893558831011,0.093622597637682,0.08986810746144358,2407,4.0
americredit,520,19,1961,17,26,0.08945845101843704,0.07750148019450989,0.10105533854357678,0.09775808307243561,2407,4.0
americredit,520,20,1918,16,18,0.09595121754023389,0.08188512642820975,0.10752974400875512,0.105284605841383,2407,4.0
americredit,520,21,1884,21,22,0.10447297360009226,0.09066241875388797,0.11639360373353144,0.11525754813295996,2407,4.0
americredit,520,22,1841,23,20,0.11380632547517525,0.09982403058366889,0.12666312754379633,0.12631082156747486,2407,4.0
americredit,520,23,1798,11,15,0.11827010245891058,0.10481199182869871,0.13197552364171738,0.1316559722697873,2407,4.0
americredit,520,24,1772,18,23,0.12557446479593204,0.11157621197520894,0.1391748808440215,0.14047662266433802,2407,4.0
americredit,520,25,1731,17,13,0.1324730292253412,0.11877862657256169,0.1459971944236118,0.1489179267745091,2407,4.0
americredit,520,26,1701,17,9,0.13937159365475038,0.12504544284604996,0.15300557966976736,0.15742374408481674,2407,4.0
americredit,520,27,1675,22,16,0.14829914762222104,0.13276848312076564,0.16242305202763488,0.168490417296837,2407,4.0
americredit,520,28,1637,22,18,0.1572267015896917,0.14110591041926088,0.17185939095795755,0.17966525591593885,2407,4.0
americredit,520,29,1539,15,18,0.16354306863118145,0.14720571995686985,0.17795649120596382,0.1876607212578888,2407,4.0
americredit,520,30,1059,12,19,0.17072905447781683,0.15413387233254255,0.18752767833600947,0.19686569892068895,2407,4.0
americredit,520,31,644,8,3,0.1783762526665758,0.1624174175613492,0.19533583352758305,0.20684252253658097,2407,4.0
americredit,520,32,305,1,4,0.18036013645898746,0.1634178669902993,0.19619748574805454,0.20944303885613313,2407,4.0
americredit,520,33,0,0,0,0.18036013645898746,0.1634178669902993,0.19619748574805454,0.20944303885613313,2407,4.0
americredit,520,34,0,0,0,0.18036013645898746,0.1634178669902993,0.19619748574805454,0.20944303885613313,2407,4.0
americredit,520,35,0,0,0,0.18036013645898746,0.1634178669902993,0.19619748574805454,0.20944303885613313,2407,4.0
americredit,520,36,0,0,0,0.18036013645898746,0.1634178669902993,0.19619748574805454,0.20944303885613313,2407,4.0
americredit,540,0,0,0,0,0.0,0.0,0.0,0.0,3080,4.0
americredit,540,1,0,0,0,0.0,0.0,0.0,0.0,3080,4.0
americredit,540,2,116,0,0,0.0,0.0,0.0,0.0,3080,4.0
americredit,540,3,1062,0,3,0.0,0.0,0.0,0.0,3080,4.0
americredit,540,4,1822,0,16,0.0,0.0,0.0,0.0,3080,4.0
americredit,540,5,2470,5,18,0.00200084694165857,0.00039894650281374334,0.003606377647952954,0.002024291497975672,3080,4.0
americredit,540,6,3038,9,29,0.004901745703748543,0.0024221582194450734,0.007385183588860693,0.0049807698970929515,3080,4.0
americredit,540,7,3000,15,24,0.009736576973898497,0.006101013857931649,0.012773085364523883,0.009955866047607453,3080,4.0
americredit,540,8,2961,12,27,0.013604441990018461,0.009940872764631016,0.017863744135150298,0.013968202963321352,3080,4.0
americredit,540,9,2922,21,30,0.020373205768228396,0.015831667675146387,0.025405874186958343,0.02105467378391357,3080,4.0
americredit,540,10,2871,28,28,0.029398224139174978,0.023870267177837932,0.03571459870603989,0.030602033287240094,3080,4.0
americredit,540,11,2815,21,31,0.036166987917384916,0.030104062248267328,0.043788790155820934,0.03783377655579001,3080,4.0
americredit,540,12,2763,19,24,0.042291107526241524,0.035423677733785255,0.049841092946550376,0.044450192858880855,3080,4.0
americredit,540,13,2720,23,36,0.049704515473804785,0.043042892737218084,0.05773758083837632,0.05253020961044175,3080,4.0
americredit,540,14,2661,18,18,0.05550631299798473,0.047611854698782645,0.06353880259108306,0.05893924990619981,3080,4.0
americredit,540,15,2625,17,30,0.06098578843748801,0.05220342957781447,0.07046651573439933,0.06503373857347394,3080,4.0
americredit,540,16,2578,19,23,0.06710990804634462,0.05871192736036628,0.07551605117176244,0.07192449069415041,3080,4.0
americredit,540,17,2536,15,25,0.07194473931649457,0.06373719932733536,0.08116486139370904,0.07741389630912976,3080,4.0
americredit,540,18,2496,27,30,0.0806474356027645,0.07110157996346836,0.09055063649747262,0.08739379406540115,3080,4.0
americredit,540,19,2439,29,30,0.08999477605838774,0.07974650863850391,0.10160358100359343,0.09824479036392653,3080,4.0
americredit,540,20,2380,21,16,0.09676353983659768,0.086043557223602,0.10737009269952405,0.10620145397836245,3080,4.0
americredit,540,21,2343,30,28,0.10643320237689759,0.09455847144976377,0.11680052204582161,0.11764573753817853,3080,4.0
americredit,540,22,2285,29,21,0.11578054283252083,0.10481285564585216,0.1267286565680158,0.1288441067335364,3080,4.0
americredit,540,23,2235,25,26,0.12383859494943743,0.11221180313090194,0.13585224130367146,0.13858857981257955,3080,4.0
americredit,540,24,2184,20,17,0.1302850366429707,0.11893014791259512,0.14314697008760935,0.14647696278132882,3080,4.0
americredit,540,25,2147,23,26,0.13769844459053396,0.1257895938588464,0.15103313952250938,0.15562043267235326,3080,4.0
americredit,540,26,2098,19,21,0.14382256419939057,0.13191531147912405,0.15653957276309902,0.16326734009810406,3080,4.0
americredit,540,27,2058,20,19,0.15026900589292386,0.13809170472162619,0.16353736230577134,0.1713988528279573,3080,4.0
americredit,540,28,2019,15,35,0.1551038371630738,0.14282472287600798,0.16881841674109752,0.17755487918139,3080,4.0
americredit,540,29,1899,17,23,0.16078529431967303,0.14884210685610985,0.1739533547966413,0.18491747373321543,3080,4.0
americredit,540,30,1288,11,11,0.16609129164317038,0.15389916397393835,0.17995854163857783,0.191878582264997,3080,4.0
americredit,540,31,791,14,8,0.1768996466094578,0.16346318852138345,0.19027721187249103,0.20618161620720943,3080,4.0
americredit,540,32,368,3,4,0.18173949034145026,0.16725683161910396,0.1960296707922392,0.21265296172725934,3080,4.0
americredit,540,33,0,0,0,0.18173949034145026,0.16725683161910396,0.1960296707922392,0.21265296172725934,3080,4.0
americredit,540,34,0,0,0,0.18173949034145026,0.16725683161910396,0.1960296707922392,0.21265296172725934,3080,4.0
americredit,540,35,0,0,0,0.18173949034145026,0.16725683161910396,0.1960296707922392,0.21265296172725934,3080,4.0
americredit,540,36,0,0,0,0.18173949034145026,0.16725683161910396,0.1960296707922392,0.21265296172725934,3080,4.0
americredit,560,0,0,0,0,0.0,0.0,0.0,0.0,3256,4.0
americredit,560,1,0,0,0,0.0,0.0,0.0,0.0,3256,4.0
americredit,560,2,109,0,0,0.0,0.0,0.0,0.0,3256,4.0
americredit,560,3,1101,0,9,0.0,0.0,0.0,0.0,3256,4.0
americredit,560,4,1900,2,13,0.0010440269611358096,0.0,0.0026860037361896684,0.001052631578947416,3256,4.0
americredit,560,5,2611,4,29,0.0025514883335915743,0.0005022892237154861,0.004923813810704125,0.002582999052591295,3256,4.0
americredit,560,6,3199,17,31,0.0077145081920822235,0.004986541620672363,0.010913174319076619,0.007883433255812866,3256,4.0
americredit,560,7,3151,12,22,0.011358992798075623,0.00785933760868501,0.015428278752900898,0.01166172548079869,3256,4.0
americredit,560,8,3117,16,32,0.016218305606066824,0.011909406497032716,0.02115581942912681,0.01673500504201375,3256,4.0
americredit,560,9,3069,21,46,0.022596153666555274,0.01775659418958885,0.02802945178862804,0.023463113511911993,3256,4.0
americredit,560,10,3002,18,35,0.028062880575545374,0.022638208208710743,0.033797429684495416,0.02931843128565803,3256,4.0
americredit,560,11,2949,21,33,0.03444072863603382,0.028447468735189538,0.040679148912028805,0.03623071102217934,3256,4.0
americredit,560,12,2895,12,41,0.03808521324202722,0.032147879109815494,0.04491283857701666,0.0402256096293413,3256,4.0
americredit,560,13,2842,26,36,0.04598159655501292,0.038716936518110694,0.053577433494166056,0.0490060931443439,3256,4.0
americredit,560,14,2780,15,32,0.050537202312504664,0.04313163844796126,0.058010516773339155,0.054137355231694495,3256,4.0
americredit,560,15,2733,19,39,0.05630763627199421,0.048695642761794465,0.0643677863718975,0.06071305601859445,3256,4.0
americredit,560,16,2675,21,40,0.06268548433248267,0.05325100976615256,0.07210995090510273,0.06808689744798113,3256,4.0
americredit,560,17,2614,26,35,0.07058186764546837,0.06103464745157357,0.08094530778829381,0.07735611728973801,3256,4.0
americredit,560,18,2553,22,33,0.07726342275645627,0.06819783175545019,0.08685443923708665,0.08530682838242332,3256,4.0
americredit,560,19,2498,16,34,0.08212273556444746,0.07264473726921145,0.0922178389828166,0.09116555165939733,3256,4.0
americredit,560,20,2448,16,29,0.08698204837243866,0.07766841112249596,0.09756457389996759,0.09710564609299599,3256,4.0
americredit,560,21,2403,22,36,0.09366360348342655,0.08391942907162077,0.10497622340872606,0.10537184492194063,3256,4.0
americredit,560,22,2345,16,32,0.09852291629141774,0.08835666973455927,0.11106631743039874,0.11147591762183362,3256,4.0
americredit,560,23,2297,18,19,0.10398964320040784,0.09381328764804153,0.11471084489591904,0.11843866619945964,3256,4.0
americredit,560,24,2260,21,26,0.11036749126089629,0.10051870600695477,0.12120368100744441,0.1266301653188452,3256,4.0
americredit,560,25,2213,25,31,0.11796016752338254,0.10719197742949939,0.1311427878452639,0.13649652133648138,3256,4.0
americredit,560,26,2157,24,32,0.12524913673536933,0.11438842121993309,0.13782479908152448,0.14610434863732724,3256,4.0
americredit,560,27,2101,19,23,0.13101957069485887,0.12019435150055892,0.14266456624143745,0.15382639403280118,3256,4.0
americredit,560,28,2059,18,17,0.13648629760384898,0.12587148192318012,0.1486591824983066,0.1612237349300375,3256,4.0
americredit,560,29,1952,24,21,0.1440441222375894,0.1333342325095883,0.15724141705278433,0.17153655786122557,3256,4.0
americredit,560,30,1332,14,20,0.15035602170179113,0.13893226366541794,0.16391046366862846,0.18024413157739894,3256,4.0
americredit,560,31,800,10,10,0.15767106233083922,0.14612623605766342,0.1725640453029598,0.19049107993268144,3256,4.0
americredit,560,32,355,3,2,0.1624928074215357,0.14822940622924535,0.17734855756729348,0.1973320003839546,3256,4.0
americredit,560,33,0,0,0,0.1624928074215357,0.14822940622924535,0.17734855756729348,0.1973320003839546,3256,4.0
americredit,560,34,0,0,0,0.1624928074215357,0.14822940622924535,0.17734855756729348,0.1973320003839546,3256,4.0
americredit,560,35,0,0,0,0.1624928074215357,0.14822940622924535,0.17734855756729348,0.1973320003839546,3256,4.0
americredit,560,36,0,0,0,0.1624928074215357,0.14822940622924535,0.17734855756729348,0.1973320003839546,3256,4.0
americredit,580,0,0,0,0,0.0,0.0,0.0,0.0,3252,4.0
americredit,580,1,0,0,0,0.0,0.0,0.0,0.0,3252,4.0
americredit,580,2,98,0,2,0.0,0.0,0.0,0.0,3252,4.0
americredit,580,3,1041,0,12,0.0,0.0,0.0,0.0,3252,4.0
americredit,580,4,1812,3,12,0.0016031452182376853,0.0,0.003280910794808267,0.0016556291390728006,3252,4.0
americredit,580,5,2520,4,22,0.0031274055130382783,0.001133502907302226,0.005811984269237355,0.0032403027436139764,3252,4.0
americredit,580,6,3197,9,37,0.005802847065829498,0.003194046671259248,0.009057554394670722,0.0060463200333567,3252,4.0
americredit,580,7,3151,12,41,0.009370102469551124,0.006386196642440771,0.012898645468135692,0.009831608563854899,3252,4.0
americredit,580,8,3098,24,37,0.016504613276994373,0.012576969031679696,0.021535482600961893,0.01750237725154613,3252,4.0
americredit,580,9,3037,20,44,0.02245003894986375,0.01791006703763144,0.02834474749389868,0.0239725624523921,3252,4.0
americredit,580,10,2973,14,25,0.026611836920872312,0.021216160577169983,0.033542351865931526,0.028568722602296703,3252,4.0
americredit,580,11,2934,25,27,0.034043619011959035,0.027594183243770554,0.04196443782446937,0.036846085224976566,3252,4.0
americredit,580,12,2882,27,34,0.04206994367033269,0.034731824240782826,0.05051910084529724,0.04586938699420828,3252,4.0
americredit,580,13,2821,11,33,0.04533992779041085,0.038297927643783425,0.053719598057749736,0.049589853758853275,3252,4.0
americredit,580,14,2777,19,35,0.050988082179636754,0.04414082833819562,0.06003257455240567,0.056092479894460756,3252,4.0
americredit,580,15,2723,13,41,0.05485260886700185,0.04707297486028734,0.06340985912090634,0.06059883235915853,3252,4.0
americredit,580,16,2669,21,36,0.061095305823514696,0.053831804377751105,0.0707113869272256,0.0679901491521363,3252,4.0
americredit,580,17,2612,12,43,0.06466256122723632,0.05688678791462142,0.07488083155552956,0.0722719708252505,3252,4.0
americredit,580,18,2557,12,50,0.06822981663095795,0.06021740674531322,0.07927460046528319,0.07662579810334869,3252,4.0
americredit,580,19,2495,20,32,0.07417524230382733,0.06468618405452899,0.08477588170740023,0.08402759531294113,3252,4.0
americredit,580,20,2443,18,28,0.07952612540940976,0.07040938877421407,0.09045255865077638,0.09077647099217445,3252,4.0
americredit,580,21,2397,18,26,0.08487700851499219,0.0749935412669829,0.09642970628540411,0.0976041820986161,3252,4.0
americredit,580,22,2353,22,36,0.09141697675514851,0.08075727878549711,0.1031112883208329,0.10604137206624487,3252,4.0
americredit,580,23,2295,24,21,0.09855148756259176,0.08848009617373973,0.1102157711171691,0.11538995902502924,3252,4.0
americredit,580,24,2250,14,26,0.10271328553360032,0.09280562631446068,0.11553919889409066,0.12089419927998468,3252,4.0
americredit,580,25,2210,19,30,0.10836143992282622,0.09813316098357366,0.1223900167987181,0.1284521224535956,3252,4.0
americredit,580,26,2161,16,27,0.11311778046112173,0.10228029921389149,0.1264857137055087,0.13490504519341173,3252,4.0
americredit,580,27,2118,18,23,0.11846866356670417,0.10730484744783643,0.13167612505989687,0.1422571269623063,3252,4.0
americredit,580,28,2077,14,36,0.12263046153771273,0.11263010858168761,0.13562070845833626,0.14803873515803467,3252,4.0
americredit,580,29,1963,18,25,0.12815580033293208,0.11733213000524545,0.1415590090426028,0.1558509118096676,3252,4.0
americredit,580,30,1355,14,19,0.13424522660663019,0.12250595736052328,0.14704857206334956,0.16457274740720607,3252,4.0
americredit,580,31,865,9,15,0.14022805020732879,0.1286903741917895,0.15325582318806427,0.173265054081582,3252,4.0
americredit,580,32,411,4,6,0.14566903928349803,0.13169718965320065,0.1618433333534106,0.18131113628030138,3252,4.0
americredit,580,33,0,0,0,0.14566903928349803,0.13169718965320065,0.1618433333534106,0.18131113628030138,3252,4.0
americredit,580,34,0,0,0,0.14566903928349803,0.13169718965320065,0.1618433333534106,0.18131113628030138,3252,4.0
americredit,580,35,0,0,0,0.14566903928349803,0.13169718965320065,0.1618433333534106,0.18131113628030138,3252,4.0
americredit,580,36,0,0,0,0.14566903928349803,0.13169718965320065,0.1618433333534106,0.18131113628030138,3252,4.0
americredit,600,0,0,0,0,0.0,0.0,0.0,0.0,3259,4.0
americredit,600,1,0,0,0,0.0,0.0,0.0,0.0,3259,4.0
americredit,600,2,106,0,3,0.0,0.0,0.0,0.0,3259,4.0
americredit,600,3,1031,0,15,0.0,0.0,0.0,0.0,3259,4.0
americredit,600,4,1853,3,16,0.0015502874720976253,0.0,0.003595508944552562,0.0016189962223421839,3259,4.0
americredit,600,5,2582,3,23,0.0026514599058029098,0.0007276030849482796,0.004696974371814866,0.0027790051345547573,3259,4.0
americredit,600,6,3196,4,33,0.003825676318214552,0.0016554637563670545,0.006209964512588679,0.004027091486076051,3259,4.0
americredit,600,7,3159,9,34,0.006467663246140748,0.0036343523192532835,0.009257130712053214,0.00686462113996178,3259,4.0
americredit,600,8,3116,15,44,0.010870974792684406,0.007221101337978313,0.014875044196122117,0.01164543971598897,3259,4.0
americredit,600,9,3057,24,41,0.01791627326715426,0.013390787696765142,0.022472863417883616,0.01940484745129034,3259,4.0
americredit,600,10,2992,13,41,0.0217324766074921,0.016080016119060712,0.026538827200915546,0.023665454731749302,3259,4.0
americredit,600,11,2938,20,41,0.02760355866955031,0.021999419579699767,0.03316216343879473,0.030311707592663217,3259,4.0
americredit,600,12,2877,19,41,0.033181086628505614,0.02623995958756782,0.0391929821090934,0.036715627493858705,3259,4.0
americredit,600,13,2817,12,43,0.03670373586574054,0.0297362938340229,0.04243641386247868,0.04081907530006168,3259,4.0
americredit,600,14,2762,15,48,0.0411070474122842,0.03354984081434677,0.04752701207933419,0.04602824035093034,3259,4.0
americredit,600,15,2699,16,52,0.04580391306193077,0.03797366833617504,0.05304515460285596,0.051683500874970756,3259,4.0
americredit,600,16,2631,18,51,0.05108788691778316,0.04327358654125842,0.05855919296907636,0.058171413069668776,3259,4.0
americredit,600,17,2562,15,41,0.05549119846432682,0.047568862156674746,0.06284747817872655,0.06368563196270349,3259,4.0
americredit,600,18,2506,14,42,0.05960095590776757,0.05062162829234827,0.06735037605326986,0.06891643848805151,3259,4.0
americredit,600,19,2450,12,51,0.0631236051450025,0.054381800549261575,0.07115082057742597,0.07347684776892627,3259,4.0
americredit,600,20,2387,14,38,0.06723336258844324,0.05794735604536822,0.07517851073853381,0.07891100115444571,3259,4.0
americredit,600,21,2335,20,36,0.07310444465050146,0.06426594878880106,0.08259846125138429,0.08680041442078879,3259,4.0
americredit,600,22,2279,19,36,0.07868197260945677,0.06932936414267389,0.08781714876982714,0.0944137501496195,3259,4.0
americredit,600,23,2224,17,36,0.08367239236220625,0.07481856139331192,0.09256189909101188,0.10133594720333194,3259,4.0
americredit,600,24,2171,18,33,0.08895636621805864,0.0799758678587748,0.09862297945409118,0.10878686979676355,3259,4.0
americredit,600,25,2120,18,23,0.09424034007391102,0.08443088110112283,0.10436570358064001,0.11635377373245148,3259,4.0
americredit,600,26,2079,21,34,0.10040497623907214,0.09059387931984501,0.11118871816885142,0.12527949318969944,3259,4.0
americredit,600,27,2024,16,30,0.10510184188871871,0.09496191117904224,0.1159908819542803,0.13219427980480059,3259,4.0
americredit,600,28,1978,18,38,0.1103858157445711,0.09954542681001827,0.12039735474068194,0.14009139960435246,3259,4.0
americredit,600,29,1861,18,26,0.11584298809865401,0.10463099446004659,0.126595070069482,0.14840862411113465,3259,4.0
americredit,600,30,1281,13,20,0.12143340652938488,0.10939292656928513,0.132485049845341,0.15705084728565089,3259,4.0
americredit,600,31,801,7,10,0.1261234954001104,0.11407951431773548,0.13725996511618918,0.16441744412585124,3259,4.0
americredit,600,32,357,2,5,0.12906629626017346,0.11573324395307115,0.14199347961850267,0.16909857889265323,3259,4.0
americredit,600,33,0,0,0,0.12906629626017346,0.11573324395307115,0.14199347961850267,0.16909857889265323,3259,4.0
americredit,600,34,0,0,0,0.12906629626017346,0.11573324395307115,0.14199347961850267,0.16909857889265323,3259,4.0
americredit,600,35,0,0,0,0.12906629626017346,0.11573324395307115,0.14199347961850267,0.16909857889265323,3259,4.0
americredit,600,36,0,0,0,0.12906629626017346,0.11573324395307115,0.14199347961850267,0.16909857889265323,3259,4.0
americredit,620,0,0,0,0,0.0,0.0,0.0,0.0,5447,4.0
americredit,620,1,0,0,0,0.0,0.0,0.0,0.0,5447,4.0
americredit,620,2,143,0,1,0.0,0.0,0.0,0.0,5447,4.0
americredit,620,3,1570,0,18,0.0,0.0,0.0,0.0,5447,4.0
americredit,620,4,2975,0,43,0.0,0.0,0.0,0.0,5447,4.0
americredit,620,5,4194,5,41,0.0011533548481851763,0.000233111575770402,0.0021024147809411008,0.001192179303767249,5447,4.0
americredit,620,6,5339,8,69,0.0025870663028462323,0.0013471877217773626,0.004121901622510704,0.002688800874392827,5447,4.0
americredit,620,7,5262,17,77,0.005633703144000976,0.00363496288917216,0.007780548362848653,0.005910824892852551,5447,4.0
americredit,620,8,5168,7,86,0.0068882006668294,0.004673237063093966,0.009106126212552782,0.007257307908670962,5447,4.0
americredit,620,9,5075,27,60,0.011726976826310465,0.00903999944871508,0.014641259004774268,0.012538894644920417,5447,4.0
americredit,620,10,4988,13,66,0.014056757940134681,0.011046093317210437,0.017348307146855424,0.01511247009993566,5447,4.0
americredit,620,11,4909,13,62,0.0163865390539589,0.013073269961645989,0.01999736632587088,0.017720646487937475,5447,4.0
americredit,620,12,4834,13,70,0.018716320167783115,0.015221214063797488,0.02233527931734923,0.020362274869331176,5447,4.0
americredit,620,13,4751,18,73,0.021942170940770493,0.017941991582853943,0.026141444353024648,0.024073804874035876,5447,4.0
americredit,620,14,4660,25,65,0.026422519236586294,0.022421277094923534,0.03081135000751139,0.02930946042728677,5447,4.0
americredit,620,15,4570,21,83,0.030186011805071567,0.02592959897222435,0.0350518046281069,0.033769964000815555,5447,4.0
americredit,620,16,4466,14,70,0.03269500685072842,0.028076957530767315,0.03752543672442245,0.03679889828294469,5447,4.0
americredit,620,17,4382,19,81,0.036100071555548424,0.03129776839954367,0.04118557625179926,0.04097526088737735,5447,4.0
americredit,620,18,4282,23,56,0.04022199198769896,0.035545249280495475,0.04570789240366897,0.04612649138704816,5447,4.0
americredit,620,19,4203,25,70,0.04470234028351477,0.03960406391475341,0.05034553449434853,0.0518002572008297,5447,4.0
americredit,620,20,4108,23,76,0.048824260715665306,0.0435876534888158,0.0543768639480922,0.057109067834807514,5447,4.0
americredit,620,21,4009,23,69,0.052946181147815845,0.047727749375935116,0.05958561371948959,0.06251851942867115,5447,4.0
americredit,620,22,3917,18,57,0.05617203192080322,0.05041894535752094,0.06225297314039269,0.06682657831309391,5447,4.0
americredit,620,23,3842,33,53,0.06208609167128008,0.05656540822418593,0.06870376269392346,0.07484186277839011,5447,4.0
americredit,620,24,3756,21,47,0.06584958423976536,0.0598495300691865,0.07252324393099323,0.08001447217180169,5447,4.0
americredit,620,25,3688,12,54,0.06800015142175694,0.06214024069285395,0.07511097381847553,0.08300791749011471,5447,4.0
americredit,620,26,3622,22,49,0.07194285792207485,0.06570115666662592,0.07932221326557824,0.08857772031043976,5447,4.0
americredit,620,27,3551,16,66,0.07481028083139696,0.06898625643513044,0.08195425151661088,0.09268438222962672,5447,4.0
americredit,620,28,3469,22,61,0.07875298733171486,0.07265438243369386,0.08554777213186984,0.0984384737807793,5447,4.0
americredit,620,29,3294,17,57,0.08188471542647806,0.07539604650162683,0.08871005360951342,0.10309134140243281,5447,4.0
americredit,620,30,2397,10,51,0.08435941774190604,0.07751427363803241,0.09200458564027122,0.1068331380590768,5447,4.0
americredit,620,31,1501,8,24,0.08744051280324636,0.08088513892682872,0.09505979375836332,0.11159352106742282,5447,4.0
americredit,620,32,720,10,7,0.09529837503433825,0.0881188688427547,0.104222587691944,0.12393249994148636,5447,4.0
americredit,620,33,0,0,0,0.09529837503433825,0.0881188688427547,0.104222587691944,0.12393249994148636,5447,4.0
americredit,620,34,0,0,0,0.09529837503433825,0.0881188688427547,0.104222587691944,0.12393249994148636,5447,4.0
americredit,620,35,0,0,0,0.09529837503433825,0.0881188688427547,0.104222587691944,0.12393249994148636,5447,4.0
americredit,620,36,0,0,0,0.09529837503433825,0.0881188688427547,0.104222587691944,0.12393249994148636,5447,4.0
americredit,640,0,0,0,0,0.0,0.0,0.0,0.0,968,4.0
americredit,640,1,0,0,0,0.0,0.0,0.0,0.0,968,4.0
americredit,640,2,27,0,0,0.0,0.0,0.0,0.0,968,4.0
americredit,640,3,305,0,2,0.0,0.0,0.0,0.0,968,4.0
americredit,640,4,554,0,2,0.0,0.0,0.0,0.0,968,4.0
americredit,640,5,771,1,5,0.001283860165355257,0.0,0.00389195612095707,0.0012970168612191912,968,4.0
americredit,640,6,958,3,10,0.004359495947704229,0.0010215185479147172,0.008719311244645768,0.004424479230129785,968,4.0
americredit,640,7,945,6,8,0.010510767512402173,0.005136437630948912,0.015669647120661698,0.010745593647716212,968,4.0
americredit,640,8,931,5,9,0.01563682714965046,0.008589692140990925,0.02213403780286439,0.016058452972916415,968,4.0
americredit,640,9,917,3,12,0.01871246293199943,0.010505834648084985,0.026242381973775895,0.01927745476253606,968,4.0
americredit,640,10,902,1,14,0.01973767485944909,0.011297819091070667,0.027122379845203805,0.020364730311579815,968,4.0
americredit,640,11,887,10,14,0.02998979413394566,0.021534785266724227,0.04113884090651808,0.031409096373456125,968,4.0
americredit,640,12,863,11,8,0.041267125335891885,0.029710016987520967,0.05447634972682384,0.04375498274644796,968,4.0
americredit,640,13,844,7,9,0.04844360882803948,0.03620665166940695,0.06196501008596152,0.05168592483267409,968,4.0
americredit,640,14,828,3,10,0.051519244610388454,0.038882792137718565,0.06462601006970008,0.055121845394874525,968,4.0
americredit,640,15,815,2,15,0.05356966846528777,0.04041574984479003,0.06733048497413949,0.05744056479267845,968,4.0
americredit,640,16,798,7,21,0.060746151957435365,0.04541074665584565,0.07447406329485598,0.06570863001379534,968,4.0
americredit,640,17,770,6,20,0.0668974235221333,0.05155317703337919,0.08143364504366374,0.0729888225071943,968,4.0
americredit,640,18,744,4,11,0.07099827123193193,0.055170934249894596,0.08592300420344107,0.07797275356898359,968,4.0
americredit,640,19,729,7,9,0.07817475472407953,0.06152490811425994,0.09344945956350159,0.08682623878848583,968,4.0
americredit,640,20,713,4,9,0.08227560243387816,0.06663058531938877,0.09718438093160116,0.09194923324128534,968,4.0
americredit,640,21,700,6,7,0.0884268739985761,0.07262755462253605,0.10453822254951271,0.09973252552778855,968,4.0
americredit,640,22,687,9,8,0.09765378134562301,0.08157205323803486,0.1126022778195279,0.11152642257327605,968,4.0
americredit,640,23,670,3,8,0.10072941712797198,0.08302082417902436,0.11612441705617392,0.1155046624722017,968,4.0
americredit,640,24,659,6,10,0.10688068869266992,0.08712061796564284,0.12371192073576215,0.12355773079567178,968,4.0
americredit,640,25,643,2,8,0.10893111254756924,0.08984361395862196,0.12515481932704395,0.12628383427686718,968,4.0
americredit,640,26,633,3,9,0.11200674832991821,0.09192984389115677,0.1297938725223872,0.13042466918550766,968,4.0
americredit,640,27,621,7,18,0.1191832318220658,0.09808573744761497,0.13631582703137976,0.1402266455392942,968,4.0
americredit,640,28,596,1,10,0.12020844374951546,0.09852959072716821,0.1373232358618008,0.141669218281678,968,4.0
americredit,640,29,565,5,10,0.1255159568252504,0.10513913076227127,0.14491352117844125,0.14926506590750388,968,4.0
americredit,640,30,389,3,8,0.13001847434451141,0.10922188361605985,0.1504145971879728,0.1558260037025616,968,4.0
americredit,640,31,234,2,6,0.13486733936525405,0.1161991518262736,0.1539535205255334,0.16304116606407815,968,4.0
americredit,640,32,106,0,1,0.13486733936525405,0.1161991518262736,0.1539535205255334,0.16304116606407815,968,4.0
americredit,640,33,0,0,0,0.13486733936525405,0.1161991518262736,0.1539535205255334,0.16304116606407815,968,4.0
americredit,640,34,0,0,0,0.13486733936525405,0.1161991518262736,0.1539535205255334,0.16304116606407815,968,4.0
americredit,640,35,0,0,0,0.13486733936525405,0.1161991518262736,0.1539535205255334,0.16304116606407815,968,4.0
americredit,640,36,0,0,0,0.13486733936525405,0.1161991518262736,0.1539535205255334,0.16304116606407815,968,4.0
americredit,660,0,0,0,0,0.0,0.0,0.0,0.0,728,4.0
americredit,660,1,0,0,0,0.0,0.0,0.0,0.0,728,4.0
americredit,660,2,20,0,1,0.0,0.0,0.0,0.0,728,4.0
americredit,660,3,220,0,2,0.0,0.0,0.0,0.0,728,4.0
americredit,660,4,417,0,9,0.0,0.0,0.0,0.0,728,4.0
americredit,660,5,570,1,7,0.001615870939611947,0.0,0.005089261553762653,0.0017543859649122862,728,4.0
americredit,660,6,708,0,5,0.001615870939611947,0.0,0.005089261553762653,0.0017543859649122862,728,4.0
americredit,660,7,703,1,8,0.0028985255555186054,0.0,0.006805806434685499,0.003174365501235288,728,4.0
americredit,660,8,694,3,11,0.006746489403238581,0.0013446144818329308,0.01230901980972501,0.0074834100307688,728,4.0
americredit,660,9,680,2,7,0.009311798635051898,0.002722015358232192,0.0171311817987315,0.010402576471854719,728,4.0
americredit,660,10,671,3,10,0.013159762482771873,0.00540406192125634,0.022754545899508177,0.014827006085244343,728,4.0
americredit,660,11,658,1,11,0.014442417098678531,0.006735439244242723,0.024303616239473965,0.016324229480251584,728,4.0
americredit,660,12,646,7,5,0.02342099941002514,0.013763623753600386,0.034444685068775995,0.026983254857400607,728,4.0
americredit,660,13,634,1,12,0.024703654025931797,0.015400256455289127,0.036945798176197406,0.028517981584754826,728,4.0
americredit,660,14,621,6,11,0.032399581721371744,0.019833208929607948,0.04503878174979223,0.037904281279588115,728,4.0
americredit,660,15,604,6,5,0.0400955094168117,0.026580861913882963,0.05334344912082351,0.04746152351853261,728,4.0
americredit,660,16,593,0,2,0.0400955094168117,0.026580861913882963,0.05334344912082351,0.04746152351853261,728,4.0
americredit,660,17,591,7,8,0.049074091728158305,0.03430961717697076,0.0641656106510178,0.05874370513506433,728,4.0
americredit,660,18,576,6,12,0.05677001942359826,0.04093977900678717,0.07322231276582825,0.06854845820657407,728,4.0
americredit,660,19,558,4,10,0.06190063788722489,0.045437649991548375,0.07762150457709734,0.07522553019075628,728,4.0
americredit,660,20,544,4,12,0.06703125635085153,0.04922591161288833,0.08317625755652601,0.08202534246876536,728,4.0
americredit,660,21,528,3,11,0.0708792201985715,0.052193315740369596,0.08828086133707386,0.08724110756837467,728,4.0
americredit,660,22,514,3,8,0.07472718404629147,0.0571509619115715,0.09173200897617942,0.09256849410007673,728,4.0
americredit,660,23,503,5,11,0.08114045712582477,0.060893158290924364,0.09754846923165841,0.1015886879957022,728,4.0
americredit,660,24,487,7,5,0.09011903943717138,0.06967694535989018,0.10811985270517023,0.11450219761383384,728,4.0
americredit,660,25,475,5,7,0.09653231251670467,0.0745025123617618,0.11719757305914881,0.1238232271126356,728,4.0
americredit,660,26,463,4,4,0.1016629309803313,0.07967024830225705,0.12285663307725687,0.13139278886544226,728,4.0
americredit,660,27,455,4,7,0.10679354944395793,0.08214807942857008,0.13045304393002158,0.13902889621607573,728,4.0
americredit,660,28,444,2,9,0.10935885867577125,0.08433055207447729,0.1334313044074737,0.14290714443131858,728,4.0
americredit,660,29,419,1,7,0.11068437048648147,0.08569474280651312,0.13479920241658452,0.14495271210570693,728,4.0
americredit,660,30,296,1,2,0.11252486154797438,0.08738834384237763,0.13489026902520948,0.14784138537562008,728,4.0
americredit,660,31,183,0,5,0.11252486154797438,0.08738834384237763,0.13489026902520948,0.14784138537562008,728,4.0
americredit,660,32,89,1,3,0.11841845587603364,0.09321326569655224,0.14428901424828613,0.1574162012702761,728,4.0
americredit,660,33,0,0,0,0.11841845587603364,0.09321326569655224,0.14428901424828613,0.1574162012702761,728,4.0
americredit,660,34,0,0,0,0.11841845587603364,0.09321326569655224,0.14428901424828613,0.1574162012702761,728,4.0
americredit,660,35,0,0,0,0.11841845587603364,0.09321326569655224,0.14428901424828613,0.1574162012702761,728,4.0
americredit,660,36,0,0,0,0.11841845587603364,0.09321326569655224,0.14428901424828613,0.1574162012702761,728,4.0
americredit,680,0,0,0,0,0.0,0.0,0.0,0.0,331,4.0
americredit,680,1,0,0,0,0.0,0.0,0.0,0.0,331,4.0
americredit,680,2,8,0,1,0.0,0.0,0.0,0.0,331,4.0
americredit,680,3,119,0,1,0.0,0.0,0.0,0.0,331,4.0
americredit,680,4,196,0,0,0.0,0.0,0.0,0.0,331,4.0
americredit,680,5,261,0,2,0.0,0.0,0.0,0.0,331,4.0
americredit,680,6,327,1,7,0.0026330226983408223,0.0,0.009927450009387233,0.003058103975535187,331,4.0
americredit,680,7,319,2,3,0.007899068095022466,0.0,0.018117667875682496,0.009308523386346912,331,4.0
americredit,680,8,314,2,5,0.01316511349170411,0.003411362351160502,0.026821188158188177,0.015618660180064414,331,4.0
americredit,680,9,307,0,3,0.01316511349170411,0.003411362351160502,0.026821188158188177,0.015618660180064414,331,4.0
americredit,680,10,304,1,6,0.015798136190044932,0.004565527875208989,0.030261699942880416,0.018856756692629983,331,4.0
americredit,680,11,297,3,5,0.0236972042850674,0.009097211890613036,0.041978087282254106,0.028767294503815544,331,4.0
americredit,680,12,289,2,4,0.028963249681749043,0.014141291373707277,0.04809862764043392,0.03548862810586528,331,4.0
americredit,680,13,283,2,4,0.034229295078430685,0.01722871943117292,0.054433086258823545,0.04230496288956942,331,4.0
americredit,680,14,277,2,2,0.03949534047511233,0.020126676768689563,0.06265568267318997,0.04921972850047507,331,4.0
americredit,680,15,273,3,2,0.04739440857013479,0.026143567388371976,0.07468259429117063,0.059667863352118156,331,4.0
americredit,680,16,268,4,6,0.05792649936349808,0.032233944254244605,0.08458970393591084,0.0737026713617881,331,4.0
americredit,680,17,258,6,6,0.07372463555354301,0.04424969116709979,0.1054154363564726,0.09524446970221168,331,4.0
americredit,680,18,246,2,2,0.07899068095022466,0.04542467679921555,0.11339305132125134,0.1026002057208929,331,4.0
americredit,680,19,242,3,3,0.08688974904524713,0.05278836801958253,0.11946772852659597,0.11372499655906365,331,4.0
americredit,680,20,236,6,4,0.10268788523529206,0.063339222799416,0.13711864400480744,0.13625741190078244,331,4.0
americredit,680,21,226,2,6,0.1079539306319737,0.06542769250660661,0.14594548516822048,0.1439011516184746,331,4.0
americredit,680,22,218,4,5,0.11848602142533698,0.0746414739850732,0.15793860117818853,0.1596093873685943,331,4.0
americredit,680,23,209,3,1,0.12638508952035946,0.07998513183762582,0.17136004819318518,0.17167241051641347,331,4.0
americredit,680,24,205,4,4,0.13691718031372274,0.08452885879482648,0.18211575166204505,0.18783490006731274,331,4.0
americredit,680,25,197,4,4,0.14744927110708603,0.08921761156882649,0.2003505679748951,0.20432556199487995,331,4.0
americredit,680,26,189,5,2,0.16061438459879013,0.10190566511959759,0.21048346685496083,0.2253751503018937,331,4.0
americredit,680,27,182,2,2,0.16588042999547176,0.1036620963562059,0.21644532368908642,0.2338875112875871,331,4.0
americredit,680,28,178,2,3,0.17114647539215339,0.10734653541288525,0.2247444881624545,0.24249551677873782,331,4.0
americredit,680,29,170,3,1,0.17918493880649977,0.11449269397566629,0.23248011015442355,0.2558632429532307,331,4.0
americredit,680,30,110,1,3,0.18322852949371643,0.11455072579651239,0.23993820075397046,0.2626281225627467,331,4.0
americredit,680,31,64,1,1,0.18992572656941903,0.11914496838890049,0.2514214965268705,0.2741495581477038,331,4.0
americredit,680,32,32,2,1,0.21587736523776663,0.1324350132822795,0.2985292106204126,0.31951521076347233,331,4.0
americredit,680,33,0,0,0,0.21587736523776663,0.1324350132822795,0.2985292106204126,0.31951521076347233,331,4.0
americredit,680,34,0,0,0,0.21587736523776663,0.1324350132822795,0.2985292106204126,0.31951521076347233,331,4.0
americredit,680,35,0,0,0,0.21587736523776663,0.1324350132822795,0.2985292106204126,0.31951521076347233,331,4.0
americredit,680,36,0,0,0,0.21587736523776663,0.1324350132822795,0.2985292106204126,0.31951521076347233,331,4.0
americredit,700,0,0,0,0,0.0,0.0,0.0,0.0,186,4.0
americredit,700,1,0,0,0,0.0,0.0,0.0,0.0,186,4.0
americredit,700,2,8,0,0,0.0,0.0,0.0,0.0,186,4.0
americredit,700,3,65,0,0,0.0,0.0,0.0,0.0,186,4.0
americredit,700,4,119,0,0,0.0,0.0,0.0,0.0,186,4.0
americredit,700,5,151,0,1,0.0,0.0,0.0,0.0,186,4.0
americredit,700,6,185,1,1,0.005369608018614642,0.0,0.021505376344086023,0.00540540540540535,186,4.0
americredit,700,7,183,1,3,0.010739216037229282,0.0,0.026881720430107527,0.010840348545266498,186,4.0
americredit,700,8,179,1,2,0.016108824055843924,0.0,0.032391210218662085,0.016366380117639356,186,4.0
americredit,700,9,176,2,4,0.026848040093073205,0.005362281869269447,0.04838709677419355,0.02754403488902979,186,4.0
americredit,700,10,170,2,3,0.03758725613030249,0.01072442323654013,0.06443626663446339,0.03898469330209997,186,4.0
americredit,700,11,165,0,4,0.03758725613030249,0.01072442323654013,0.06443626663446339,0.03898469330209997,186,4.0
americredit,700,12,161,0,5,0.03758725613030249,0.01072442323654013,0.06443626663446339,0.03898469330209997,186,4.0
americredit,700,13,156,0,2,0.03758725613030249,0.01072442323654013,0.06443626663446339,0.03898469330209997,186,4.0
americredit,700,14,154,1,4,0.04295686414891713,0.016106054685277014,0.06989247311827958,0.04522505243650188,186,4.0
americredit,700,15,149,1,3,0.048326472167531775,0.02143203108367043,0.07526881720430108,0.0516329379906193,186,4.0
americredit,700,16,145,1,3,0.05369608018614642,0.021481198540022072,0.08594783493170591,0.05817340048723574,186,4.0
americredit,700,17,141,1,2,0.05906568820476106,0.02688002726099031,0.09666187035881749,0.06485302176037588,186,4.0
americredit,700,18,138,1,4,0.0644352962233757,0.03219544897892239,0.0969056247898753,0.07162944913892388,186,4.0
americredit,700,19,133,4,0,0.08591372829783425,0.0483256576390727,0.12351535121459219,0.09955036796181338,186,4.0
americredit,700,20,129,0,0,0.08591372829783425,0.0483256576390727,0.12351535121459219,0.09955036796181338,186,4.0
americredit,700,21,129,4,1,0.10739216037229282,0.06451431741754322,0.15010965729004885,0.127471286784703,186,4.0
americredit,700,22,124,5,1,0.13424020046536603,0.0860215053763441,0.18253609349145064,0.16265389618854553,186,4.0
americredit,700,23,118,1,0,0.13960980848398066,0.09139528300818622,0.18293010752688182,0.16975004961067652,186,4.0
americredit,700,24,117,2,3,0.15034902452120993,0.09677083578783667,0.19869860847564833,0.1839423564549385,186,4.0
americredit,700,25,112,4,3,0.1718274565956685,0.11827624859882924,0.22043010752688175,0.21308727229583357,186,4.0
americredit,700,26,105,2,3,0.18256667263289778,0.12365162350668016,0.23640893127873308,0.22807608615686537,186,4.0
americredit,700,27,100,1,1,0.1879362806515124,0.12888719124013245,0.2366854297466985,0.23579532529529668,186,4.0
americredit,700,28,98,5,0,0.21478432074458562,0.16093765954271622,0.2685671548017811,0.274785359719006,186,4.0
americredit,700,29,91,0,2,0.21478432074458562,0.16093765954271622,0.2685671548017811,0.274785359719006,186,4.0
americredit,700,30,63,0,1,0.21478432074458562,0.16093765954271622,0.2685671548017811,0.274785359719006,186,4.0
americredit,700,31,33,0,2,0.21478432074458562,0.16093765954271622,0.2685671548017811,0.274785359719006,186,4.0
americredit,700,32,18,1,0,0.23986853693570814,0.16627606437082246,0.32713051224902256,0.315075061956839,186,4.0
americredit,700,33,0,0,0,0.23986853693570814,0.16627606437082246,0.32713051224902256,0.315075061956839,186,4.0
americredit,700,34,0,0,0,0.23986853693570814,0.16627606437082246,0.32713051224902256,0.315075061956839,186,4.0
americredit,700,35,0,0,0,0.23986853693570814,0.16627606437082246,0.32713051224902256,0.315075061956839,186,4.0
americredit,700,36,0,0,0,0.23986853693570814,0.16627606437082246,0.32713051224902256,0.315075061956839,186,4.0
americredit,720,0,0,0,0,0.0,0.0,0.0,0.0,82,4.0
americredit,720,1,0,0,0,0.0,0.0,0.0,0.0,82,4.0
americredit,720,2,4,0,0,0.0,0.0,0.0,0.0,82,4.0
americredit,720,3,29,0,1,0.0,0.0,0.0,0.0,82,4.0
americredit,720,4,44,0,0,0.0,0.0,0.0,0.0,82,4.0
americredit,720,5,63,0,0,0.0,0.0,0.0,0.0,82,4.0
americredit,720,6,81,0,2,0.0,0.0,0.0,0.0,82,4.0
americredit,720,7,79,1,1,0.011919965942954448,0.0,0.036585365853658534,0.012658227848101222,82,4.0
americredit,720,8,77,1,2,0.023839931885908897,0.0,0.06097560975609756,0.02548084826565833,82,4.0
americredit,720,9,74,0,0,0.023839931885908897,0.0,0.06097560975609756,0.02548084826565833,82,4.0
americredit,720,10,74,0,0,0.023839931885908897,0.0,0.06097560975609756,0.02548084826565833,82,4.0
americredit,720,11,74,0,4,0.023839931885908897,0.0,0.06097560975609756,0.02548084826565833,82,4.0
americredit,720,12,70,1,6,0.035759897828863345,0.0,0.07981944444444444,0.03940255043329177,82,4.0
americredit,720,13,63,1,1,0.04767986377181779,0.011851851851851853,0.09524113604573374,0.054650128997842606,82,4.0
americredit,720,14,61,0,1,0.04767986377181779,0.011851851851851853,0.09524113604573374,0.054650128997842606,82,4.0
americredit,720,15,60,3,0,0.08343976160068114,0.0243790661812342,0.13428406223717412,0.10191762254795056,82,4.0
americredit,720,16,57,0,1,0.08343976160068114,0.0243790661812342,0.13428406223717412,0.10191762254795056,82,4.0
americredit,720,17,56,0,1,0.08343976160068114,0.0243790661812342,0.13428406223717412,0.10191762254795056,82,4.0
americredit,720,18,55,0,1,0.08343976160068114,0.0243790661812342,0.13428406223717412,0.10191762254795056,82,4.0
americredit,720,19,54,1,1,0.09535972754363559,0.036585365853658534,0.1553971063904188,0.1185487776859514,82,4.0
americredit,720,20,52,0,2,0.09535972754363559,0.036585365853658534,0.1553971063904188,0.1185487776859514,82,4.0
americredit,720,21,50,0,1,0.09535972754363559,0.036585365853658534,0.1553971063904188,0.1185487776859514,82,4.0
americredit,720,22,49,0,1,0.09535972754363559,0.036585365853658534,0.1553971063904188,0.1185487776859514,82,4.0
americredit,720,23,48,0,1,0.09535972754363559,0.036585365853658534,0.1553971063904188,0.1185487776859514,82,4.0
americredit,720,24,47,0,1,0.09535972754363559,0.036585365853658534,0.1553971063904188,0.1185487776859514,82,4.0
americredit,720,25,46,1,2,0.10727969348659004,0.047881109950075475,0.1792205206183701,0.1377107607797351,82,4.0
americredit,720,26,43,0,1,0.10727969348659004,0.047881109950075475,0.1792205206183701,0.1377107607797351,82,4.0
americredit,720,27,42,0,0,0.10727969348659004,0.047881109950075475,0.1792205206183701,0.1377107607797351,82,4.0
americredit,720,28,42,0,0,0.10727969348659004,0.047881109950075475,0.1792205206183701,0.1377107607797351,82,4.0
americredit,720,29,41,0,0,0.10727969348659004,0.047881109950075475,0.1792205206183701,0.1377107607797351,82,4.0
americredit,720,30,30,2,0,0.14065559812686249,0.07129819618302005,0.21719843089301705,0.19519671006108608,82,4.0
americredit,720,31,20,0,0,0.14065559812686249,0.07129819618302005,0.21719843089301705,0.19519671006108608,82,4.0
americredit,720,32,12,0,0,0.14065559812686249,0.07129819618302005,0.21719843089301705,0.19519671006108608,82,4.0
americredit,720,33,0,0,0,0.14065559812686249,0.07129819618302005,0.21719843089301705,0.19519671006108608,82,4.0
americredit,720,34,0,0,0,0.14065559812686249,0.07129819618302005,0.21719843089301705,0.19519671006108608,82,4.0
americredit,720,35,0,0,0,0.14065559812686249,0.07129819618302005,0.21719843089301705,0.19519671006108608,82,4.0
americredit,720,36,0,0,0,0.14065559812686249,0.07129819618302005,0.21719843089301705,0.19519671006108608,82,4.0
americredit,740,0,0,0,0,0.0,0.0,0.0,0.0,30,4.0
americredit,740,1,0,0,0,0.0,0.0,0.0,0.0,30,4.0
americredit,740,2,0,0,0,0.0,0.0,0.0,0.0,30,4.0
americredit,740,3,12,0,1,0.0,0.0,0.0,0.0,30,4.0
americredit,740,4,19,0,0,0.0,0.0,0.0,0.0,30,4.0
americredit,740,5,22,0,0,0.0,0.0,0.0,0.0,30,4.0
americredit,740,6,29,0,0,0.0,0.0,0.0,0.0,30,4.0
americredit,740,7,29,0,0,0.0,0.0,0.0,0.0,30,4.0
americredit,740,8,29,0,2,0.0,0.0,0.0,0.0,30,4.0
americredit,740,9,27,1,0,0.03160919540229885,0.0,0.11697828034034932,0.03703703703703698,30,4.0
americredit,740,10,26,0,0,0.03160919540229885,0.0,0.11697828034034932,0.03703703703703698,30,4.0
americredit,740,11,26,1,0,0.06321839080459771,0.0,0.16106321839080462,0.07407407407407396,30,4.0
americredit,740,12,25,1,0,0.09482758620689656,0.0,0.2001136363636364,0.11111111111111105,30,4.0
americredit,740,13,24,0,0,0.09482758620689656,0.0,0.2001136363636364,0.11111111111111105,30,4.0
americredit,740,14,24,2,0,0.15804597701149425,0.031549484997760856,0.30025862068965525,0.18518518518518512,30,4.0
americredit,740,15,22,0,0,0.15804597701149425,0.031549484997760856,0.30025862068965525,0.18518518518518512,30,4.0
americredit,740,16,22,0,0,0.15804597701149425,0.031549484997760856,0.30025862068965525,0.18518518518518512,30,4.0
americredit,740,17,22,0,1,0.15804597701149425,0.031549484997760856,0.30025862068965525,0.18518518518518512,30,4.0
americredit,740,18,21,0,1,0.15804597701149425,0.031549484997760856,0.30025862068965525,0.18518518518518512,30,4.0
americredit,740,19,20,0,0,0.15804597701149425,0.031549484997760856,0.30025862068965525,0.18518518518518512,30,4.0
americredit,740,20,20,0,0,0.15804597701149425,0.031549484997760856,0.30025862068965525,0.18518518518518512,30,4.0
americredit,740,21,20,0,0,0.15804597701149425,0.031549484997760856,0.30025862068965525,0.18518518518518512,30,4.0
americredit,740,22,20,0,1,0.15804597701149425,0.031549484997760856,0.30025862068965525,0.18518518518518512,30,4.0
americredit,740,23,19,0,0,0.15804597701149425,0.031549484997760856,0.30025862068965525,0.18518518518518512,30,4.0
americredit,740,24,19,0,1,0.15804597701149425,0.031549484997760856,0.30025862068965525,0.18518518518518512,30,4.0
americredit,740,25,18,0,1,0.15804597701149425,0.031549484997760856,0.30025862068965525,0.18518518518518512,30,4.0
americredit,740,26,17,1,0,0.1896551724137931,0.05704761904761905,0.33691007653061233,0.23311546840958597,30,4.0
americredit,740,27,16,0,2,0.1896551724137931,0.05704761904761905,0.33691007653061233,0.23311546840958597,30,4.0
americredit,740,28,14,1,0,0.22126436781609193,0.06230680868838764,0.3724784482758622,0.2878929349517584,30,4.0
americredit,740,29,13,0,1,0.22126436781609193,0.06230680868838764,0.3724784482758622,0.2878929349517584,30,4.0
americredit,740,30,8,0,1,0.22126436781609193,0.06230680868838764,0.3724784482758622,0.2878929349517584,30,4.0
americredit,740,31,3,0,0,0.22126436781609193,0.06230680868838764,0.3724784482758622,0.2878929349517584,30,4.0
americredit,740,32,2,0,0,0.22126436781609193,0.06230680868838764,0.3724784482758622,0.2878929349517584,30,4.0
americredit,740,33,0,0,0,0.22126436781609193,0.06230680868838764,0.3724784482758622,0.2878929349517584,30,4.0
americredit,740,34,0,0,0,0.22126436781609193,0.06230680868838764,0.3724784482758622,0.2878929349517584,30,4.0
americredit,740,35,0,0,0,0.22126436781609193,0.06230680868838764,0.3724784482758622,0.2878929349517584,30,4.0
americredit,740,36,0,0,0,0.22126436781609193,0.06230680868838764,0.3724784482758622,0.2878929349517584,30,4.0
americredit,760,0,0,0,0,0.0,0.0,0.0,0.0,14,4.0
americredit,760,1,0,0,0,0.0,0.0,0.0,0.0,14,4.0
americredit,760,2,1,0,0,0.0,0.0,0.0,0.0,14,4.0
americredit,760,3,5,0,0,0.0,0.0,0.0,0.0,14,4.0
americredit,760,4,8,0,0,0.0,0.0,0.0,0.0,14,4.0
americredit,760,5,11,0,1,0.0,0.0,0.0,0.0,14,4.0
americredit,760,6,13,0,0,0.0,0.0,0.0,0.0,14,4.0
americredit,760,7,13,0,0,0.0,0.0,0.0,0.0,14,4.0
americredit,760,8,13,0,0,0.0,0.0,0.0,0.0,14,4.0
americredit,760,9,13,0,0,0.0,0.0,0.0,0.0,14,4.0
americredit,760,10,13,0,0,0.0,0.0,0.0,0.0,14,4.0
americredit,760,11,13,0,0,0.0,0.0,0.0,0.0,14,4.0
americredit,760,12,13,0,0,0.0,0.0,0.0,0.0,14,4.0
americredit,760,13,13,0,0,0.0,0.0,0.0,0.0,14,4.0
americredit,760,14,13,1,1,0.06993006993006994,0.0,0.21428571428571427,0.07692307692307687,14,4.0
americredit,760,15,11,0,0,0.06993006993006994,0.0,0.21428571428571427,0.07692307692307687,14,4.0
americredit,760,16,11,0,0,0.06993006993006994,0.0,0.21428571428571427,0.07692307692307687,14,4.0
americredit,760,17,11,2,1,0.2097902097902098,0.0,0.4285714285714286,0.2447552447552448,14,4.0
americredit,760,18,8,0,0,0.2097902097902098,0.0,0.4285714285714286,0.2447552447552448,14,4.0
americredit,760,19,8,0,0,0.2097902097902098,0.0,0.4285714285714286,0.2447552447552448,14,4.0
americredit,760,20,8,1,0,0.2797202797202797,0.07051282051282051,0.5,0.33916083916083917,14,4.0
americredit,760,21,7,0,0,0.2797202797202797,0.07051282051282051,0.5,0.33916083916083917,14,4.0
americredit,760,22,7,0,0,0.2797202797202797,0.07051282051282051,0.5,0.33916083916083917,14,4.0
americredit,760,23,7,0,0,0.2797202797202797,0.07051282051282051,0.5,0.33916083916083917,14,4.0
americredit,760,24,7,0,0,0.2797202797202797,0.07051282051282051,0.5,0.33916083916083917,14,4.0
americredit,760,25,7,0,0,0.2797202797202797,0.07051282051282051,0.5,0.33916083916083917,14,4.0
americredit,760,26,7,0,0,0.2797202797202797,0.07051282051282051,0.5,0.33916083916083917,14,4.0
americredit,760,27,7,0,0,0.2797202797202797,0.07051282051282051,0.5,0.33916083916083917,14,4.0
americredit,760,28,7,0,0,0.2797202797202797,0.07051282051282051,0.5,0.33916083916083917,14,4.0
americredit,760,29,6,0,0,0.2797202797202797,0.07051282051282051,0.5,0.33916083916083917,14,4.0
americredit,760,30,3,0,0,0.2797202797202797,0.07051282051282051,0.5,0.33916083916083917,14,4.0
americredit,760,31,2,0,0,0.2797202797202797,0.07051282051282051,0.5,0.33916083916083917,14,4.0
americredit,760,32,1,0,0,0.2797202797202797,0.07051282051282051,0.5,0.33916083916083917,14,4.0
americredit,760,33,0,0,0,0.2797202797202797,0.07051282051282051,0.5,0.33916083916083917,14,4.0
americredit,760,34,0,0,0,0.2797202797202797,0.07051282051282051,0.5,0.33916083916083917,14,4.0
americredit,760,35,0,0,0,0.2797202797202797,0.07051282051282051,0.5,0.33916083916083917,14,4.0
americredit,760,36,0,0,0,0.2797202797202797,0.07051282051282051,0.5,0.33916083916083917,14,4.0
americredit,780,0,0,0,0,0.0,0.0,0.0,0.0,3,5.0
americredit,780,1,0,0,0,0.0,0.0,0.0,0.0,3,5.0
americredit,780,2,1,0,0,0.0,0.0,0.0,0.0,3,5.0
americredit,780,3,1,0,0,0.0,0.0,0.0,0.0,3,5.0
americredit,780,4,1,0,0,0.0,0.0,0.0,0.0,3,5.0
americredit,780,5,3,0,0,0.0,0.0,0.0,0.0,3,5.0
americredit,780,6,3,0,0,0.0,0.0,0.0,0.0,3,5.0
americredit,780,7,3,0,0,0.0,0.0,0.0,0.0,3,5.0
americredit,780,8,3,0,0,0.0,0.0,0.0,0.0,3,5.0
americredit,780,9,3,0,0,0.0,0.0,0.0,0.0,3,5.0
americredit,780,10,3,0,0,0.0,0.0,0.0,0.0,3,5.0
americredit,780,11,3,0,0,0.0,0.0,0.0,0.0,3,5.0
americredit,780,12,3,0,0,0.0,0.0,0.0,0.0,3,5.0
americredit,780,13,3,0,0,0.0,0.0,0.0,0.0,3,5.0
americredit,780,14,3,0,0,0.0,0.0,0.0,0.0,3,5.0
americredit,780,15,3,0,0,0.0,0.0,0.0,0.0,3,5.0
americredit,780,16,3,0,0,0.0,0.0,0.0,0.0,3,5.0
americredit,780,17,3,0,0,0.0,0.0,0.0,0.0,3,5.0
americredit,780,18,3,0,0,0.0,0.0,0.0,0.0,3,5.0
americredit,780,19,3,0,0,0.0,0.0,0.0,0.0,3,5.0
americredit,780,20,3,0,0,0.0,0.0,0.0,0.0,3,5.0
americredit,780,21,3,0,0,0.0,0.0,0.0,0.0,3,5.0
americredit,780,22,3,0,0,0.0,0.0,0.0,0.0,3,5.0
americredit,780,23,3,0,0,0.0,0.0,0.0,0.0,3,5.0
americredit,780,24,3,0,0,0.0,0.0,0.0,0.0,3,5.0
americredit,780,25,3,0,0,0.0,0.0,0.0,0.0,3,5.0
americredit,780,26,3,0,0,0.0,0.0,0.0,0.0,3,5.0
americredit,780,27,3,0,0,0.0,0.0,0.0,0.0,3,5.0
americredit,780,28,3,0,0,0.0,0.0,0.0,0.0,3,5.0
americredit,780,29,2,0,0,0.0,0.0,0.0,0.0,3,5.0
americredit,780,30,2,0,0,0.0,0.0,0.0,0.0,3,5.0
americredit,780,31,2,0,0,0.0,0.0,0.0,0.0,3,5.0
americredit,780,32,0,0,0,0.0,0.0,0.0,0.0,3,5.0
americredit,780,33,0,0,0,0.0,0.0,0.0,0.0,3,5.0
americredit,780,34,0,0,0,0.0,0.0,0.0,0.0,3,5.0
americredit,780,35,0,0,0,0.0,0.0,0.0,0.0,3,5.0
americredit,780,36,0,0,0,0.0,0.0,0.0,0.0,3,5.0
americredit,none,0,0,0,0,0.0,0.0,0.0,0.0,163,4.0
americredit,none,1,0,0,0,0.0,0.0,0.0,0.0,163,4.0
americredit,none,2,8,0,0,0.0,0.0,0.0,0.0,163,4.0
americredit,none,3,51,0,0,0.0,0.0,0.0,0.0,163,4.0
americredit,none,4,96,0,1,0.0,0.0,0.0,0.0,163,4.0
americredit,none,5,128,0,1,0.0,0.0,0.0,0.0,163,4.0
americredit,none,6,161,1,3,0.006098460953674948,0.0,0.018348896199884022,0.006211180124223614,163,4.0
americredit,none,7,157,0,2,0.006098460953674948,0.0,0.018348896199884022,0.006211180124223614,163,4.0
americredit,none,8,155,1,3,0.012196921907349896,0.0,0.030613809941154382,0.012622720897615736,163,4.0
americredit,none,9,151,2,1,0.024393843814699792,0.006060446008522651,0.04894839219285828,0.025700565653938634,163,4.0
americredit,none,10,148,2,3,0.03659076572204969,0.011961773502757565,0.06726252523487847,0.038866774226182677,163,4.0
americredit,none,11,143,3,1,0.054886148583074536,0.01840297542498542,0.09691665867536121,0.059030408333325624,163,4.0
americredit,none,12,139,1,1,0.06098460953674949,0.024539877300613498,0.10329102766549665,0.06579997374099955,163,4.0
americredit,none,13,137,0,6,0.06098460953674949,0.024539877300613498,0.10329102766549665,0.06579997374099955,163,4.0
americredit,none,14,131,1,1,0.06708307049042443,0.030446979334967664,0.10970803570039171,0.07293127165137359,163,4.0
americredit,none,15,129,1,3,0.07318153144409938,0.036536375201961194,0.11611619987756353,0.08011785094089785,163,4.0
americredit,none,16,125,0,2,0.07318153144409938,0.036536375201961194,0.11611619987756353,0.08011785094089785,163,4.0
americredit,none,17,123,1,4,0.07927999239777432,0.036734161844557654,0.12228446699990414,0.08759656759991497,163,4.0
americredit,none,18,118,0,1,0.07927999239777432,0.036734161844557654,0.12228446699990414,0.08759656759991497,163,4.0
americredit,none,19,117,2,3,0.09147691430512422,0.04884074974124086,0.1398820679666423,0.10319320747000194,163,4.0
americredit,none,20,112,1,2,0.09757537525879917,0.05512665708723463,0.14735198523636636,0.11120041097473399,163,4.0
americredit,none,21,109,1,3,0.10367383621247411,0.06133999048776323,0.15351004775515897,0.11935453564469056,163,4.0
americredit,none,22,105,0,2,0.10367383621247411,0.06133999048776323,0.15351004775515897,0.11935453564469056,163,4.0
americredit,none,23,103,1,1,0.10977229716614906,0.06706313212456876,0.16355409291963072,0.12790449160930517,163,4.0
americredit,none,24,101,0,2,0.10977229716614906,0.06706313212456876,0.16355409291963072,0.12790449160930517,163,4.0
americredit,none,25,99,3,1,0.1280676800271739,0.07919693943568147,0.1883311991259755,0.15433162822720503,163,4.0
americredit,none,26,95,1,2,0.13416614098084884,0.08516801589913427,0.18993738404452698,0.16323340056165558,163,4.0
americredit,none,27,92,2,0,0.14636306288819873,0.09639487216314725,0.20657694776023622,0.18142397881031525,163,4.0
americredit,none,28,90,0,2,0.14636306288819873,0.09639487216314725,0.20657694776023622,0.18142397881031525,163,4.0
americredit,none,29,84,0,3,0.14636306288819873,0.09639487216314725,0.20657694776023622,0.18142397881031525,163,4.0
americredit,none,30,56,0,1,0.14636306288819873,0.09639487216314725,0.20657694776023622,0.18142397881031525,163,4.0
americredit,none,31,33,0,3,0.14636306288819873,0.09639487216314725,0.20657694776023622,0.18142397881031525,163,4.0
americredit,none,32,14,0,0,0.14636306288819873,0.09639487216314725,0.20657694776023622,0.18142397881031525,163,4.0
americredit,none,33,0,0,0,0.14636306288819873,0.09639487216314725,0.20657694776023622,0.18142397881031525,163,4.0
americredit,none,34,0,0,0,0.14636306288819873,0.09639487216314725,0.20657694776023622,0.18142397881031525,163,4.0
americredit,none,35,0,0,0,0.14636306288819873,0.09639487216314725,0.20657694776023622,0.18142397881031525,163,4.0
americredit,none,36,0,0,0,0.14636306288819873,0.09639487216314725,0.20657694776023622,0.18142397881031525,163,4.0
carmax,640,0,0,0,0,0.0,0.0,0.0,0.0,3740,3.0
carmax,640,1,501,0,1,0.0,0.0,0.0,0.0,3740,3.0
carmax,640,2,1484,0,4,0.0,0.0,0.0,0.0,3740,3.0
carmax,640,3,2414,0,18,0.0,0.0,0.0,0.0,3740,3.0
carmax,640,4,3152,1,36,0.0003134176370845837,0.0,0.0012476323241581992,0.00031725888324873885,3740,3.0
carmax,640,5,3398,0,52,0.0003134176370845837,0.0,0.0012476323241581992,0.00031725888324873885,3740,3.0
carmax,640,6,3376,0,50,0.0003134176370845837,0.0,0.0012476323241581992,0.00031725888324873885,3740,3.0
carmax,640,7,2850,1,41,0.00064573955993205,0.0,0.001911648871904264,0.0006680247573247478,3740,3.0
carmax,640,8,2368,3,44,0.0018279523462779355,0.0003287873959663248,0.0037759056427097972,0.0019340703340680054,3740,3.0
carmax,640,9,2016,3,27,0.0031890217297644435,0.0012180526793248371,0.005599759339738595,0.003419287491308931,3740,3.0
carmax,640,10,1903,6,32,0.006029887516001128,0.0029193764087314033,0.008857206997235977,0.006561423211252193,3740,3.0
carmax,640,11,1797,2,28,0.007012676366183176,0.003896966905089332,0.010594255121617956,0.00766708662448401,3740,3.0
carmax,640,12,1767,3,31,0.008486859641456247,0.0052167274934498695,0.012097478101485969,0.009351862368754849,3740,3.0
carmax,640,13,1733,3,29,0.009961042916729317,0.006212014471990415,0.013555747994829009,0.011066775474867785,3740,3.0
carmax,640,14,1701,6,17,0.012909409467275458,0.008533917723274359,0.01709406671792149,0.014555076090476682,3740,3.0
carmax,640,15,1678,6,29,0.0158577760178216,0.011226594032303562,0.020679054955000196,0.018078717057972038,3740,3.0
carmax,640,16,1643,8,13,0.019788931418549788,0.01487363166680115,0.025367520621437902,0.02285983103456135,3740,3.0
carmax,640,17,1622,10,27,0.02470287566946002,0.019431722496408788,0.03153545207644947,0.028884123075038848,3740,3.0
carmax,640,18,1585,9,22,0.02912542549527923,0.02326614792703974,0.036056240544631954,0.03439834572003864,3740,3.0
carmax,640,19,1554,7,15,0.03256518647091639,0.025923505327930883,0.040479278581949926,0.03874790272129969,3740,3.0
carmax,640,20,1532,1,20,0.033056580896007416,0.02644041855983757,0.04049152679006773,0.03937535187095942,3740,3.0
carmax,640,21,1330,3,23,0.034731386105734945,0.027596129491632114,0.042692285690483237,0.0415421743855362,3740,3.0
carmax,640,22,943,1,14,0.035503371257196485,0.028366202992179925,0.044684040295265105,0.04255856656540302,3740,3.0
carmax,640,23,608,0,9,0.035503371257196485,0.028366202992179925,0.044684040295265105,0.04255856656540302,3740,3.0
carmax,640,24,281,1,9,0.03801510642596187,0.029245697932026003,0.047580993846387754,0.04596583145307065,3740,3.0
carmax,640,25,148,1,3,0.042614297174174164,0.03171993973792681,0.05828591893861028,0.05241200826757697,3740,3.0
carmax,640,26,0,0,0,0.042614297174174164,0.03171993973792681,0.05828591893861028,0.05241200826757697,3740,3.0
carmax,640,27,0,0,0,0.042614297174174164,0.03171993973792681,0.05828591893861028,0.05241200826757697,3740,3.0
carmax,640,28,0,0,0,0.042614297174174164,0.03171993973792681,0.05828591893861028,0.05241200826757697,3740,3.0
carmax,640,29,0,0,0,0.042614297174174164,0.03171993973792681,0.05828591893861028,0.05241200826757697,3740,3.0
carmax,640,30,0,0,0,0.042614297174174164,0.03171993973792681,0.05828591893861028,0.05241200826757697,3740,3.0
carmax,640,31,0,0,0,0.042614297174174164,0.03171993973792681,0.05828591893861028,0.05241200826757697,3740,3.0
carmax,640,32,0,0,0,0.042614297174174164,0.03171993973792681,0.05828591893861028,0.05241200826757697,3740,3.0
carmax,640,33,0,0,0,0.042614297174174164,0.03171993973792681,0.05828591893861028,0.05241200826757697,3740,3.0
carmax,640,34,0,0,0,0.042614297174174164,0.03171993973792681,0.05828591893861028,0.05241200826757697,3740,3.0
carmax,640,35,0,0,0,0.042614297174174164,0.03171993973792681,0.05828591893861028,0.05241200826757697,3740,3.0
carmax,640,36,0,0,0,0.042614297174174164,0.03171993973792681,0.05828591893861028,0.05241200826757697,3740,3.0
carmax,660,0,0,0,0,0.0,0.0,0.0,0.0,7819,3.0
carmax,660,1,1063,0,2,0.0,0.0,0.0,0.0,7819,3.0
carmax,660,2,3182,0,21,0.0,0.0,0.0,0.0,7819,3.0
carmax,660,3,5016,1,47,0.000197673709440366,0.0,0.000788940276564461,0.0001993620414673103,7819,3.0
carmax,660,4,6506,0,77,0.000197673709440366,0.0,0.000788940276564461,0.0001993620414673103,7819,3.0
carmax,660,5,7063,4,98,0.0007472533695417284,0.00013776639414580258,0.0015838707593511484,0.0007655807235902312,7819,3.0
carmax,660,6,7022,0,104,0.0007472533695417284,0.00013776639414580258,0.0015838707593511484,0.0007655807235902312,7819,3.0
carmax,660,7,5838,3,86,0.0012314471317503468,0.0005220876312734323,0.002156871277367314,0.0012790619256850544,7819,3.0
carmax,660,8,4822,3,56,0.0018087241825461469,0.0009022582326916993,0.003070819818393236,0.001900414645349624,7819,3.0
carmax,660,9,4194,2,50,0.0022457883365662383,0.001147172477602061,0.0036152494505168596,0.002376380112853016,7819,3.0
carmax,660,10,3992,5,56,0.003379505599812242,0.0016521513559203912,0.004815432162704762,0.003625908694876001,7819,3.0
carmax,660,11,3814,7,65,0.0050153995658709875,0.0030852040738544037,0.006934869574763365,0.005454597378446002,7819,3.0
carmax,660,12,3742,6,58,0.006417594393921341,0.004315873738880659,0.00886080535647331,0.007049271995156148,7819,3.0
carmax,660,13,3678,8,62,0.00828718749798848,0.0056222588598351195,0.010879535217340953,0.00920903431816833,7819,3.0
carmax,660,14,3608,9,51,0.010390479740064011,0.007534821496540789,0.013623797864708746,0.011680519542984436,7819,3.0
carmax,660,15,3548,6,58,0.011792674568114364,0.008470167178470479,0.015433301830231297,0.01335186026529056,7819,3.0
carmax,660,16,3484,15,53,0.015298161638240248,0.011815499114860694,0.0194557671927009,0.017599771314665058,7819,3.0
carmax,660,17,3416,8,50,0.017167754742307386,0.0136888771195002,0.02134240043683654,0.019900474426340353,7819,3.0
carmax,660,18,3358,11,51,0.019738445260399702,0.015221586416779441,0.02405837650027584,0.023111044641143885,7819,3.0
carmax,660,19,3296,10,47,0.022075436640483625,0.01779048158718889,0.026658472622223338,0.026074906762985073,7819,3.0
carmax,660,20,3239,6,47,0.023477631468533978,0.019483985952504054,0.028151738036900065,0.027879028578181808,7819,3.0
carmax,660,21,2840,6,39,0.02505065707493131,0.02087497021965465,0.031041685807873542,0.029932805278368724,7819,3.0
carmax,660,22,2075,4,35,0.02646322143473229,0.021620864773584696,0.032092980013636224,0.03180281432843457,7819,3.0
carmax,660,23,1396,5,16,0.029038419354283505,0.02442608027087225,0.03565607831208339,0.03527056929144168,7819,3.0
carmax,660,24,686,0,7,0.029038419354283505,0.02442608027087225,0.03565607831208339,0.03527056929144168,7819,3.0
carmax,660,25,342,0,4,0.029038419354283505,0.02442608027087225,0.03565607831208339,0.03527056929144168,7819,3.0
carmax,660,26,0,0,0,0.029038419354283505,0.02442608027087225,0.03565607831208339,0.03527056929144168,7819,3.0
carmax,660,27,0,0,0,0.029038419354283505,0.02442608027087225,0.03565607831208339,0.03527056929144168,7819,3.0
carmax,660,28,0,0,0,0.029038419354283505,0.02442608027087225,0.03565607831208339,0.03527056929144168,7819,3.0
carmax,660,29,0,0,0,0.029038419354283505,0.02442608027087225,0.03565607831208339,0.03527056929144168,7819,3.0
carmax,660,30,0,0,0,0.029038419354283505,0.02442608027087225,0.03565607831208339,0.03527056929144168,7819,3.0
carmax,660,31,0,0,0,0.029038419354283505,0.02442608027087225,0.03565607831208339,0.03527056929144168,7819,3.0
carmax,660,32,0,0,0,0.029038419354283505,0.02442608027087225,0.03565607831208339,0.03527056929144168,7819,3.0
carmax,660,33,0,0,0,0.029038419354283505,0.02442608027087225,0.03565607831208339,0.03527056929144168,7819,3.0
carmax,660,34,0,0,0,0.029038419354283505,0.02442608027087225,0.03565607831208339,0.03527056929144168,7819,3.0
carmax,660,35,0,0,0,0.029038419354283505,0.02442608027087225,0.03565607831208339,0.03527056929144168,7819,3.0
carmax,660,36,0,0,0,0.029038419354283505,0.02442608027087225,0.03565607831208339,0.03527056929144168,7819,3.0
carmax,680,0,0,0,0,0.0,0.0,0.0,0.0,8332,3.0
carmax,680,1,1149,0,2,0.0,0.0,0.0,0.0,8332,3.0
carmax,680,2,3419,0,23,0.0,0.0,0.0,0.0,8332,3.0
carmax,680,3,5479,0,54,0.0,0.0,0.0,0.0,8332,3.0
carmax,680,4,6973,0,89,0.0,0.0,0.0,0.0,8332,3.0
carmax,680,5,7539,2,102,0.0002571271054490704,0.0,0.0006423055455907318,0.0002652871733651585,8332,3.0
carmax,680,6,7474,5,107,0.000896590588528358,0.00025718935736359337,0.0015360174881284508,0.0009340955175092258,8332,3.0
carmax,680,7,6193,1,90,0.0010486245030263304,0.00040818751175083074,0.0017722763086229266,0.0010954173170381054,8332,3.0
carmax,680,8,5068,4,79,0.0017808351946337713,0.0008254008685024775,0.0028789665543010002,0.001883818724049191,8332,3.0
carmax,680,9,4448,2,79,0.002191139859389065,0.001028787743557862,0.003491370383172432,0.0023326119710258553,8332,3.0
carmax,680,10,4215,1,70,0.002403690330443201,0.0011490274738486814,0.0036035691192407644,0.0025693064877586602,8332,3.0
carmax,680,11,4009,3,73,0.0030628141658497914,0.0017914619664344275,0.004557167784207575,0.0033157001222153815,8332,3.0
carmax,680,12,3933,7,74,0.004600769781798502,0.0029066815803236432,0.0066185599027718065,0.005089610648313703,8332,3.0
carmax,680,13,3852,5,72,0.005699309507476153,0.003737025315868572,0.00790299807960692,0.006381031195239473,8332,3.0
carmax,680,14,3775,3,57,0.006358433342882743,0.0042626401353279995,0.008396946460843963,0.007170662163826114,8332,3.0
carmax,680,15,3715,5,50,0.007456973068560394,0.005274253505386503,0.009949847141467752,0.008506906225516864,8332,3.0
carmax,680,16,3660,14,54,0.010532884300457816,0.007645948261279113,0.013316498809478754,0.012299502759080538,8332,3.0
carmax,680,17,3592,8,70,0.012290547861542057,0.008954567471566777,0.015182630359148056,0.014499281149372045,8332,3.0
carmax,680,18,3514,4,53,0.013169379642084178,0.009694713238036558,0.01605236724617164,0.015621080487847383,8332,3.0
carmax,680,19,3457,3,59,0.013828503477490768,0.010611101382355046,0.016807098263228553,0.01647532889934189,8332,3.0
carmax,680,20,3395,2,61,0.014267919367761828,0.010702573817587208,0.017348363928888288,0.01705472487642623,8332,3.0
carmax,680,21,2954,4,50,0.015259208295577111,0.011396464576203228,0.018609755923286113,0.018385727280114228,8332,3.0
carmax,680,22,2182,1,28,0.01558857789808219,0.011425269405164007,0.018939336552861057,0.01883559633268983,8332,3.0
carmax,680,23,1442,2,27,0.01657211847255297,0.01242062262819364,0.019750550886817025,0.020196434617942738,8332,3.0
carmax,680,24,731,0,10,0.01657211847255297,0.01242062262819364,0.019750550886817025,0.020196434617942738,8332,3.0
carmax,680,25,355,1,6,0.018502725939991593,0.012950465303015276,0.025206894896762155,0.022956444661272446,8332,3.0
carmax,680,26,0,0,0,0.018502725939991593,0.012950465303015276,0.025206894896762155,0.022956444661272446,8332,3.0
carmax,680,27,0,0,0,0.018502725939991593,0.012950465303015276,0.025206894896762155,0.022956444661272446,8332,3.0
carmax,680,28,0,0,0,0.018502725939991593,0.012950465303015276,0.025206894896762155,0.022956444661272446,8332,3.0
carmax,680,29,0,0,0,0.018502725939991593,0.012950465303015276,0.025206894896762155,0.022956444661272446,8332,3.0
carmax,680,30,0,0,0,0.018502725939991593,0.012950465303015276,0.025206894896762155,0.022956444661272446,8332,3.0
carmax,680,31,0,0,0,0.018502725939991593,0.012950465303015276,0.025206894896762155,0.022956444661272446,8332,3.0
carmax,680,32,0,0,0,0.018502725939991593,0.012950465303015276,0.025206894896762155,0.022956444661272446,8332,3.0
carmax,680,33,0,0,0,0.018502725939991593,0.012950465303015276,0.025206894896762155,0.022956444661272446,8332,3.0
carmax,680,34,0,0,0,0.018502725939991593,0.012950465303015276,0.025206894896762155,0.022956444661272446,8332,3.0
carmax,680,35,0,0,0,0.018502725939991593,0.012950465303015276,0.025206894896762155,0.022956444661272446,8332,3.0
carmax,680,36,0,0,0,0.018502725939991593,0.012950465303015276,0.025206894896762155,0.022956444661272446,8332,3.0
carmax,700,0,0,0,0,0.0,0.0,0.0,0.0,8785,3.0
carmax,700,1,1225,0,1,0.0,0.0,0.0,0.0,8785,3.0
carmax,700,2,3614,0,19,0.0,0.0,0.0,0.0,8785,3.0
carmax,700,3,5786,0,57,0.0,0.0,0.0,0.0,8785,3.0
carmax,700,4,7355,0,92,0.0,0.0,0.0,0.0,8785,3.0
carmax,700,5,7947,0,104,0.0,0.0,0.0,0.0,8785,3.0
carmax,700,6,7842,1,107,0.00012230437697896107,0.0,0.000372776593787034,0.00012751849018111105,8785,3.0
carmax,700,7,6454,2,89,0.00041542555812407574,0.0,0.0008637584232519574,0.0004373643164933272,8785,3.0
carmax,700,8,5231,3,90,0.0009502554402574244,0.00029107307982370134,0.0017629017583259243,0.001010617596372998,8785,3.0
carmax,700,9,4544,2,80,0.0013534179893186253,0.0006054332168146283,0.0022092210554362436,0.0014503136273604778,8785,3.0
carmax,700,10,4297,4,67,0.002190705070496693,0.0010642625625674382,0.00335222068206093,0.0023798455672000562,8785,3.0
carmax,700,11,4074,4,74,0.003059231139485037,0.001820362566431003,0.004388248230271645,0.0033593449824507182,8785,3.0
carmax,700,12,3996,4,57,0.003927757208473381,0.0024028228462192615,0.005634641017106122,0.004356983275761506,8785,3.0
carmax,700,13,3935,5,60,0.005013414794708812,0.00306357726280574,0.0070696790811606075,0.005622095114038883,8785,3.0
carmax,700,14,3870,5,69,0.006099072380944242,0.003939570882427495,0.008289943804561802,0.0069068210893438176,8785,3.0
carmax,700,15,3796,5,47,0.007184729967179672,0.004660908178566164,0.009609258455668904,0.008214899565253564,8785,3.0
carmax,700,16,3744,5,53,0.008270387553415103,0.005535717436318652,0.010687203291122759,0.009539398898099072,8785,3.0
carmax,700,17,3686,9,42,0.010224571208638877,0.007579834702393424,0.013159912183306473,0.011957778010936004,8785,3.0
carmax,700,18,3635,7,52,0.01174449182936848,0.00891384396265371,0.014849173602943504,0.01386047279881042,8785,3.0
carmax,700,19,3576,5,53,0.01283014941560391,0.00980697137697582,0.015590719822670724,0.015239303233935186,8785,3.0
carmax,700,20,3518,5,54,0.01391580700183934,0.010677259791417398,0.01741949148163516,0.01663890627083975,8785,3.0
carmax,700,21,3070,2,51,0.014405095547870396,0.011325522594351453,0.017882118073827856,0.017279532390533037,8785,3.0
carmax,700,22,2260,5,40,0.01603804194540988,0.012904604999974076,0.019594597990140118,0.019453692717102622,8785,3.0
carmax,700,23,1488,2,20,0.017010347394482452,0.013443929205891264,0.021004663308297037,0.02077163130216031,8785,3.0
carmax,700,24,741,1,6,0.017972155618733728,0.014090713608863189,0.022016727947859208,0.022093127076381447,8785,3.0
carmax,700,25,382,1,9,0.019820237389939054,0.014939508286769604,0.026057761947668283,0.02465309271230709,8785,3.0
carmax,700,26,0,0,0,0.019820237389939054,0.014939508286769604,0.026057761947668283,0.02465309271230709,8785,3.0
carmax,700,27,0,0,0,0.019820237389939054,0.014939508286769604,0.026057761947668283,0.02465309271230709,8785,3.0
carmax,700,28,0,0,0,0.019820237389939054,0.014939508286769604,0.026057761947668283,0.02465309271230709,8785,3.0
carmax,700,29,0,0,0,0.019820237389939054,0.014939508286769604,0.026057761947668283,0.02465309271230709,8785,3.0
carmax,700,30,0,0,0,0.019820237389939054,0.014939508286769604,0.026057761947668283,0.02465309271230709,8785,3.0
carmax,700,31,0,0,0,0.019820237389939054,0.014939508286769604,0.026057761947668283,0.02465309271230709,8785,3.0
carmax,700,32,0,0,0,0.019820237389939054,0.014939508286769604,0.026057761947668283,0.02465309271230709,8785,3.0
carmax,700,33,0,0,0,0.019820237389939054,0.014939508286769604,0.026057761947668283,0.02465309271230709,8785,3.0
carmax,700,34,0,0,0,0.019820237389939054,0.014939508286769604,0.026057761947668283,0.02465309271230709,8785,3.0
carmax,700,35,0,0,0,0.019820237389939054,0.014939508286769604,0.026057761947668283,0.02465309271230709,8785,3.0
carmax,700,36,0,0,0,0.019820237389939054,0.014939508286769604,0.026057761947668283,0.02465309271230709,8785,3.0
carmax,720,0,0,0,0,0.0,0.0,0.0,0.0,9328,3.0
carmax,720,1,1301,0,2,0.0,0.0,0.0,0.0,9328,3.0
carmax,720,2,3805,0,28,0.0,0.0,0.0,0.0,9328,3.0
carmax,720,3,6050,0,55,0.0,0.0,0.0,0.0,9328,3.0
carmax,720,4,7702,1,105,0.00012751300387840554,0.0,0.0003844977275903328,0.00012983640612829195,9328,3.0
carmax,720,5,8415,0,106,0.00012751300387840554,0.0,0.0003844977275903328,0.00012983640612829195,9328,3.0
carmax,720,6,8305,0,114,0.00012751300387840554,0.0,0.0003844977275903328,0.00012983640612829195,9328,3.0
carmax,720,7,6833,1,102,0.00026555776827743454,0.0,0.0006547014175414651,0.0002761660071225469,9328,3.0
carmax,720,8,5550,1,82,0.00043295259069283374,0.0,0.0008782616891802026,0.00045629642766176204,9328,3.0
carmax,720,9,4824,1,88,0.0006226597826797714,0.00013784360262308554,0.001446370251061063,0.0006634986879380245,9328,3.0
carmax,720,10,4531,1,80,0.0008209081945222234,0.00018979667604842484,0.0020768550080186546,0.000884054084387409,9328,3.0
carmax,720,11,4266,2,60,0.001234506615853171,0.00045501024977796523,0.0023745969921052574,0.0013524628729085775,9328,3.0
carmax,720,12,4204,1,91,0.001441305826518645,0.0005555780973355131,0.002623684728080558,0.0015900098608074842,9328,3.0
carmax,720,13,4112,2,62,0.0018549042478495925,0.0007677762212854811,0.0032700676178467245,0.0020756178326650776,9328,3.0
carmax,720,14,4048,1,71,0.0020617034585150664,0.000800175484266145,0.003470155588806921,0.0023221406543467715,9328,3.0
carmax,720,15,3976,0,72,0.0020617034585150664,0.000800175484266145,0.003470155588806921,0.0023221406543467715,9328,3.0
carmax,720,16,3904,3,63,0.0026821010905114877,0.0012618609947898248,0.0042702690478141885,0.003088798845442331,9328,3.0
carmax,720,17,3838,5,69,0.003716097143838857,0.0017879424080657587,0.005527835391878966,0.0043875367312612434,9328,3.0
carmax,720,18,3764,3,69,0.004336494775835279,0.002315040660331004,0.006001846178583394,0.005181064199328733,9328,3.0
carmax,720,19,3692,2,75,0.004750093197166226,0.002711238202338013,0.006503368562504886,0.005719969364984534,9328,3.0
carmax,720,20,3615,3,62,0.005370490829162648,0.0030933207147309455,0.007216507774389383,0.006545098021113138,9328,3.0
carmax,720,21,3168,4,52,0.006297431735554608,0.0037618622473446534,0.008417211801639757,0.007799460271086467,9328,3.0
carmax,720,22,2357,0,37,0.006297431735554608,0.0037618622473446534,0.008417211801639757,0.007799460271086467,9328,3.0
carmax,720,23,1568,0,26,0.006297431735554608,0.0037618622473446534,0.008417211801639757,0.007799460271086467,9328,3.0
carmax,720,24,810,2,11,0.008021058938746963,0.004589585833792253,0.011359468089546196,0.010249338146960274,9328,3.0
carmax,720,25,374,0,7,0.008021058938746963,0.004589585833792253,0.011359468089546196,0.010249338146960274,9328,3.0
carmax,720,26,0,0,0,0.008021058938746963,0.004589585833792253,0.011359468089546196,0.010249338146960274,9328,3.0
carmax,720,27,0,0,0,0.008021058938746963,0.004589585833792253,0.011359468089546196,0.010249338146960274,9328,3.0
carmax,720,28,0,0,0,0.008021058938746963,0.004589585833792253,0.011359468089546196,0.010249338146960274,9328,3.0
carmax,720,29,0,0,0,0.008021058938746963,0.004589585833792253,0.011359468089546196,0.010249338146960274,9328,3.0
carmax,720,30,0,0,0,0.008021058938746963,0.004589585833792253,0.011359468089546196,0.010249338146960274,9328,3.0
carmax,720,31,0,0,0,0.008021058938746963,0.004589585833792253,0.011359468089546196,0.010249338146960274,9328,3.0
carmax,720,32,0,0,0,0.008021058938746963,0.004589585833792253,0.011359468089546196,0.010249338146960274,9328,3.0
carmax,720,33,0,0,0,0.008021058938746963,0.004589585833792253,0.011359468089546196,0.010249338146960274,9328,3.0
carmax,720,34,0,0,0,0.008021058938746963,0.004589585833792253,0.011359468089546196,0.010249338146960274,9328,3.0
carmax,720,35,0,0,0,0.008021058938746963,0.004589585833792253,0.011359468089546196,0.010249338146960274,9328,3.0
carmax,720,36,0,0,0,0.008021058938746963,0.004589585833792253,0.011359468089546196,0.010249338146960274,9328,3.0
carmax,740,0,0,0,0,0.0,0.0,0.0,0.0,9582,3.0
carmax,740,1,1386,0,1,0.0,0.0,0.0,0.0,9582,3.0
carmax,740,2,3947,0,31,0.0,0.0,0.0,0.0,9582,3.0
carmax,740,3,6302,0,80,0.0,0.0,0.0,0.0,9582,3.0
carmax,740,4,7960,0,108,0.0,0.0,0.0,0.0,9582,3.0
carmax,740,5,8621,0,126,0.0,0.0,0.0,0.0,9582,3.0
carmax,740,6,8472,1,118,0.00011230542145740128,0.0,0.00033821887591279053,0.00011803588290837386,9582,3.0
carmax,740,7,6950,1,98,0.00024728199490109523,0.0,0.0006352915646284325,0.00026190379141433073,9582,3.0
carmax,740,8,5643,4,93,0.000902766315058988,0.00016456164667421163,0.0016829435641418213,0.0009705609568998463,9582,3.0
carmax,740,9,4884,3,91,0.0014610150926381762,0.0005470235514229308,0.0025249302345804712,0.001584215403486522,9582,3.0
carmax,740,10,4604,3,77,0.0020418169268267756,0.0009183476540774588,0.0034652528078456778,0.0022347904151697184,9582,3.0
carmax,740,11,4340,3,62,0.002647242617580053,0.0013630817558583132,0.004181919546673795,0.0029244898687997845,9582,3.0
carmax,740,12,4275,2,65,0.0030508597447489044,0.0016578032849202248,0.004677712848760601,0.003390957943715023,9582,3.0
carmax,740,13,4208,0,71,0.0030508597447489044,0.0016578032849202248,0.004677712848760601,0.003390957943715023,9582,3.0
carmax,740,14,4137,1,61,0.00325266830833333,0.00173930305291997,0.0048731878651942385,0.0036318593316908565,9582,3.0
carmax,740,15,4075,2,64,0.0036562854355021816,0.0020856320758817696,0.005484904160458491,0.004120874370055594,9582,3.0
carmax,740,16,4009,1,61,0.0038580939990866077,0.002287275245541646,0.0056902038671439335,0.004369285227034836,9582,3.0
carmax,740,17,3947,1,68,0.004059902562671034,0.002485857300385218,0.0058985705982513926,0.004621535218109929,9582,3.0
carmax,740,18,3878,5,74,0.005068945380593163,0.0034062203289949907,0.007129966391031253,0.0059049009540329545,9582,3.0
carmax,740,19,3799,2,68,0.005472562507762014,0.00365998731621088,0.007848604253275283,0.006428246623443878,9582,3.0
carmax,740,20,3729,0,64,0.005472562507762014,0.00365998731621088,0.007848604253275283,0.006428246623443878,9582,3.0
carmax,740,21,3266,0,68,0.005472562507762014,0.00365998731621088,0.007848604253275283,0.006428246623443878,9582,3.0
carmax,740,22,2417,4,48,0.006671120880620054,0.004657749930986602,0.009306107373637311,0.008072552379962739,9582,3.0
carmax,740,23,1579,1,21,0.007119916091482826,0.005106553981201409,0.009504689854724453,0.008700752156796221,9582,3.0
carmax,740,24,810,1,17,0.007982600219030155,0.005478446832478045,0.011080719843015447,0.009924578388701422,9582,3.0
carmax,740,25,391,0,6,0.007982600219030155,0.005478446832478045,0.011080719843015447,0.009924578388701422,9582,3.0
carmax,740,26,0,0,0,0.007982600219030155,0.005478446832478045,0.011080719843015447,0.009924578388701422,9582,3.0
carmax,740,27,0,0,0,0.007982600219030155,0.005478446832478045,0.011080719843015447,0.009924578388701422,9582,3.0
carmax,740,28,0,0,0,0.007982600219030155,0.005478446832478045,0.011080719843015447,0.009924578388701422,9582,3.0
carmax,740,29,0,0,0,0.007982600219030155,0.005478446832478045,0.011080719843015447,0.009924578388701422,9582,3.0
carmax,740,30,0,0,0,0.007982600219030155,0.005478446832478045,0.011080719843015447,0.009924578388701422,9582,3.0
carmax,740,31,0,0,0,0.007982600219030155,0.005478446832478045,0.011080719843015447,0.009924578388701422,9582,3.0
carmax,740,32,0,0,0,0.007982600219030155,0.005478446832478045,0.011080719843015447,0.009924578388701422,9582,3.0
carmax,740,33,0,0,0,0.007982600219030155,0.005478446832478045,0.011080719843015447,0.009924578388701422,9582,3.0
carmax,740,34,0,0,0,0.007982600219030155,0.005478446832478045,0.011080719843015447,0.009924578388701422,9582,3.0
carmax,740,35,0,0,0,0.007982600219030155,0.005478446832478045,0.011080719843015447,0.009924578388701422,9582,3.0
carmax,740,36,0,0,0,0.007982600219030155,0.005478446832478045,0.011080719843015447,0.009924578388701422,9582,3.0
carmax,760,0,0,0,0,0.0,0.0,0.0,0.0,9944,3.0
carmax,760,1,1444,0,5,0.0,0.0,0.0,0.0,9944,3.0
carmax,760,2,4105,0,33,0.0,0.0,0.0,0.0,9944,3.0
carmax,760,3,6498,1,82,0.00015212777086131665,0.0,0.0006025510307863874,0.00015389350569405824,9944,3.0
carmax,760,4,8240,0,116,0.00015212777086131665,0.0,0.0006025510307863874,0.00015389350569405824,9944,3.0
carmax,760,5,8960,2,114,0.0003668959085718563,0.0,0.0008464933433353238,0.00037707344017934297,9944,3.0
carmax,760,6,8827,0,125,0.0003668959085718563,0.0,0.0008464933433353238,0.00037707344017934297,9944,3.0
carmax,760,7,7256,1,96,0.0004959278607292576,0.00010714256154306083,0.0010359278584553308,0.0005148384521087568,9944,3.0
carmax,760,8,5860,0,85,0.0004959278607292576,0.00010714256154306083,0.0010359278584553308,0.0005148384521087568,9944,3.0
carmax,760,9,5065,0,78,0.0004959278607292576,0.00010714256154306083,0.0010359278584553308,0.0005148384521087568,9944,3.0
carmax,760,10,4753,1,67,0.0006845080672736617,0.00015135899461089127,0.0012922176077353954,0.0007251235692028457,9944,3.0
carmax,760,11,4513,1,56,0.0008802754653814687,0.00015135899461089127,0.0017302624368246628,0.0009465449909690227,9944,3.0
carmax,760,12,4456,1,69,0.0010760428634892759,0.00034502314659415453,0.001966434713641128,0.0011707490876945448,9944,3.0
carmax,760,13,4386,0,77,0.0010760428634892759,0.00034502314659415453,0.001966434713641128,0.0011707490876945448,9944,3.0
carmax,760,14,4309,1,62,0.001271810261597083,0.0005387572662965083,0.0021962131933403826,0.0014025497957270705,9944,3.0
carmax,760,15,4246,3,61,0.001859112455920504,0.0008751308446914895,0.003144864987012446,0.002108106166573198,9944,3.0
carmax,760,16,4182,4,67,0.002642182048351732,0.0014059213129273276,0.003995485462814357,0.0030625699579012178,9944,3.0
carmax,760,17,4111,3,78,0.0032294842426751533,0.0017186275079948679,0.004686311373484378,0.0037900845018384866,9944,3.0
carmax,760,18,4030,1,70,0.0034252516407829604,0.001865250338196259,0.005017626141084739,0.004037282992036539,9944,3.0
carmax,760,19,3959,0,84,0.0034252516407829604,0.001865250338196259,0.005017626141084739,0.004037282992036539,9944,3.0
carmax,760,20,3875,2,75,0.0038167864369985744,0.00238976660120726,0.005499860861963478,0.0045513282653310005,9944,3.0
carmax,760,21,3348,2,64,0.004260946877866825,0.002772459704453024,0.006203534428618984,0.005145980996355326,9944,3.0
carmax,760,22,2459,1,31,0.004557354882529207,0.0029905532554099818,0.006697430444082396,0.005550557661261224,9944,3.0
carmax,760,23,1656,0,35,0.004557354882529207,0.0029905532554099818,0.006697430444082396,0.005550557661261224,9944,3.0
carmax,760,24,846,0,17,0.004557354882529207,0.0029905532554099818,0.006697430444082396,0.005550557661261224,9944,3.0
carmax,760,25,416,0,1,0.004557354882529207,0.0029905532554099818,0.006697430444082396,0.005550557661261224,9944,3.0
carmax,760,26,0,0,0,0.004557354882529207,0.0029905532554099818,0.006697430444082396,0.005550557661261224,9944,3.0
carmax,760,27,0,0,0,0.004557354882529207,0.0029905532554099818,0.006697430444082396,0.005550557661261224,9944,3.0
carmax,760,28,0,0,0,0.004557354882529207,0.0029905532554099818,0.006697430444082396,0.005550557661261224,9944,3.0
carmax,760,29,0,0,0,0.004557354882529207,0.0029905532554099818,0.006697430444082396,0.005550557661261224,9944,3.0
carmax,760,30,0,0,0,0.004557354882529207,0.0029905532554099818,0.006697430444082396,0.005550557661261224,9944,3.0
carmax,760,31,0,0,0,0.004557354882529207,0.0029905532554099818,0.006697430444082396,0.005550557661261224,9944,3.0
carmax,760,32,0,0,0,0.004557354882529207,0.0029905532554099818,0.006697430444082396,0.005550557661261224,9944,3.0
carmax,760,33,0,0,0,0.004557354882529207,0.0029905532554099818,0.006697430444082396,0.005550557661261224,9944,3.0
carmax,760,34,0,0,0,0.004557354882529207,0.0029905532554099818,0.006697430444082396,0.005550557661261224,9944,3.0
carmax,760,35,0,0,0,0.004557354882529207,0.0029905532554099818,0.006697430444082396,0.005550557661261224,9944,3.0
carmax,760,36,0,0,0,0.004557354882529207,0.0029905532554099818,0.006697430444082396,0.005550557661261224,9944,3.0
carmax,780,0,0,0,0,0.0,0.0,0.0,0.0,9764,3.0
carmax,780,1,1435,0,4,0.0,0.0,0.0,0.0,9764,3.0
carmax,780,2,4014,0,36,0.0,0.0,0.0,0.0,9764,3.0
carmax,780,3,6473,0,81,0.0,0.0,0.0,0.0,9764,3.0
carmax,780,4,8046,0,112,0.0,0.0,0.0,0.0,9764,3.0
carmax,780,5,8771,1,135,0.00010971584682868328,0.0,0.0003298609528921182,0.00011401208528105666,9764,3.0
carmax,780,6,8618,0,111,0.00010971584682868328,0.0,0.0003298609528921182,0.00011401208528105666,9764,3.0
carmax,780,7,7114,0,105,0.00010971584682868328,0.0,0.0003298609528921182,0.00011401208528105666,9764,3.0
carmax,780,8,5718,2,88,0.00043199312584298743,0.0,0.000972000335537043,0.0004637448547509804,9764,3.0
carmax,780,9,4965,1,76,0.0006146493721967139,0.00010979663535640082,0.0013102189469774267,0.000665061321044047,9764,3.0
carmax,780,10,4679,1,80,0.0008054644463956912,0.00011006047939416668,0.0016203611372015705,0.0008786400640830028,9764,3.0
carmax,780,11,4413,0,83,0.0008054644463956912,0.00011006047939416668,0.0016203611372015705,0.0008786400640830028,9764,3.0
carmax,780,12,4330,0,76,0.0008054644463956912,0.00011006047939416668,0.0016203611372015705,0.0008786400640830028,9764,3.0
carmax,780,13,4254,0,87,0.0008054644463956912,0.00011006047939416668,0.0016203611372015705,0.0008786400640830028,9764,3.0
carmax,780,14,4167,1,81,0.0010042787929098308,0.00026850774934702396,0.0020273298934339193,0.0011184100088720283,9764,3.0
carmax,780,15,4085,0,76,0.0010042787929098308,0.00026850774934702396,0.0020273298934339193,0.0011184100088720283,9764,3.0
carmax,780,16,4009,0,62,0.0010042787929098308,0.00026850774934702396,0.0020273298934339193,0.0011184100088720283,9764,3.0
carmax,780,17,3947,0,71,0.0010042787929098308,0.00026850774934702396,0.0020273298934339193,0.0011184100088720283,9764,3.0
carmax,780,18,3876,1,82,0.0012030931394239703,0.00034757539825000104,0.0021676473734072613,0.0013761193974146657,9764,3.0
carmax,780,19,3793,0,69,0.0012030931394239703,0.00034757539825000104,0.0021676473734072613,0.0013761193974146657,9764,3.0
carmax,780,20,3724,1,73,0.0014019074859381098,0.00034757539825000104,0.002441462667497754,0.0016442783342037748,9764,3.0
carmax,780,21,3223,1,64,0.0016270618032749417,0.0004764281182787301,0.0027701666024446225,0.001954038098915478,9764,3.0
carmax,780,22,2377,1,33,0.0019261940431359915,0.0007457138928814595,0.003379022106539031,0.002373914397569732,9764,3.0
carmax,780,23,1550,1,28,0.0023783661966807913,0.0009264131203405652,0.004190558322592631,0.0030175441302163764,9764,3.0
carmax,780,24,846,0,18,0.0023783661966807913,0.0009264131203405652,0.004190558322592631,0.0030175441302163764,9764,3.0
carmax,780,25,390,0,5,0.0023783661966807913,0.0009264131203405652,0.004190558322592631,0.0030175441302163764,9764,3.0
carmax,780,26,0,0,0,0.0023783661966807913,0.0009264131203405652,0.004190558322592631,0.0030175441302163764,9764,3.0
carmax,780,27,0,0,0,0.0023783661966807913,0.0009264131203405652,0.004190558322592631,0.0030175441302163764,9764,3.0
carmax,780,28,0,0,0,0.0023783661966807913,0.0009264131203405652,0.004190558322592631,0.0030175441302163764,9764,3.0
carmax,780,29,0,0,0,0.0023783661966807913,0.0009264131203405652,0.004190558322592631,0.0030175441302163764,9764,3.0
carmax,780,30,0,0,0,0.0023783661966807913,0.0009264131203405652,0.004190558322592631,0.0030175441302163764,9764,3.0
carmax,780,31,0,0,0,0.0023783661966807913,0.0009264131203405652,0.004190558322592631,0.0030175441302163764,9764,3.0
carmax,780,32,0,0,0,0.0023783661966807913,0.0009264131203405652,0.004190558322592631,0.0030175441302163764,9764,3.0
carmax,780,33,0,0,0,0.0023783661966807913,0.0009264131203405652,0.004190558322592631,0.0030175441302163764,9764,3.0
carmax,780,34,0,0,0,0.0023783661966807913,0.0009264131203405652,0.004190558322592631,0.0030175441302163764,9764,3.0
carmax,780,35,0,0,0,0.0023783661966807913,0.0009264131203405652,0.004190558322592631,0.0030175441302163764,9764,3.0
carmax,780,36,0,0,0,0.0023783661966807913,0.0009264131203405652,0.004190558322592631,0.0030175441302163764,9764,3.0
carmax,800,0,0,0,0,0.0,0.0,0.0,0.0,9559,3.0
carmax,800,1,1470,0,0,0.0,0.0,0.0,0.0,9559,3.0
carmax,800,2,4055,0,31,0.0,0.0,0.0,0.0,9559,3.0
carmax,800,3,6399,0,70,0.0,0.0,0.0,0.0,9559,3.0
carmax,800,4,7964,1,98,0.00012324203124826775,0.0,0.00037172053424470866,0.00012556504269212176,9559,3.0
carmax,800,5,8624,0,113,0.00012324203124826775,0.0,0.00037172053424470866,0.00012556504269212176,9559,3.0
carmax,800,6,8423,1,132,0.0002368117673400298,0.0,0.00059698703799864,0.0002442726807019291,9559,3.0
carmax,800,7,6917,0,117,0.0002368117673400298,0.0,0.00059698703799864,0.0002442726807019291,9559,3.0
carmax,800,8,5574,0,87,0.0002368117673400298,0.0,0.00059698703799864,0.0002442726807019291,9559,3.0
carmax,800,9,4872,0,67,0.0002368117673400298,0.0,0.00059698703799864,0.0002442726807019291,9559,3.0
carmax,800,10,4609,0,68,0.0002368117673400298,0.0,0.00059698703799864,0.0002442726807019291,9559,3.0
carmax,800,11,4359,0,77,0.0002368117673400298,0.0,0.00059698703799864,0.0002442726807019291,9559,3.0
carmax,800,12,4282,0,79,0.0002368117673400298,0.0,0.00059698703799864,0.0002442726807019291,9559,3.0
carmax,800,13,4203,0,58,0.0002368117673400298,0.0,0.00059698703799864,0.0002442726807019291,9559,3.0
carmax,800,14,4145,1,64,0.0004399166280744627,0.0,0.0010786088855384553,0.0004854682723350878,9559,3.0
carmax,800,15,4080,0,69,0.0004399166280744627,0.0,0.0010786088855384553,0.0004854682723350878,9559,3.0
carmax,800,16,4011,0,68,0.0004399166280744627,0.0,0.0010786088855384553,0.0004854682723350878,9559,3.0
carmax,800,17,3943,0,84,0.0004399166280744627,0.0,0.0010786088855384553,0.0004854682723350878,9559,3.0
carmax,800,18,3859,0,68,0.0004399166280744627,0.0,0.0010786088855384553,0.0004854682723350878,9559,3.0
carmax,800,19,3791,3,78,0.0010492312102777616,0.0002474994330963465,0.0019093842797446683,0.0012764320273292995,9559,3.0
carmax,800,20,3710,0,80,0.0010492312102777616,0.0002474994330963465,0.0019093842797446683,0.0012764320273292995,9559,3.0
carmax,800,21,3218,0,55,0.0010492312102777616,0.0002474994330963465,0.0019093842797446683,0.0012764320273292995,9559,3.0
carmax,800,22,2340,1,51,0.001358919110131407,0.00043486443571612884,0.002520684746627013,0.0017032369709073514,9559,3.0
carmax,800,23,1521,2,25,0.0022906297148192973,0.001008331032805755,0.004159583098864949,0.0030159217349166045,9559,3.0
carmax,800,24,807,0,13,0.0022906297148192973,0.001008331032805755,0.004159583098864949,0.0030159217349166045,9559,3.0
carmax,800,25,391,0,8,0.0022906297148192973,0.001008331032805755,0.004159583098864949,0.0030159217349166045,9559,3.0
carmax,800,26,0,0,0,0.0022906297148192973,0.001008331032805755,0.004159583098864949,0.0030159217349166045,9559,3.0
carmax,800,27,0,0,0,0.0022906297148192973,0.001008331032805755,0.004159583098864949,0.0030159217349166045,9559,3.0
carmax,800,28,0,0,0,0.0022906297148192973,0.001008331032805755,0.004159583098864949,0.0030159217349166045,9559,3.0
carmax,800,29,0,0,0,0.0022906297148192973,0.001008331032805755,0.004159583098864949,0.0030159217349166045,9559,3.0
carmax,800,30,0,0,0,0.0022906297148192973,0.001008331032805755,0.004159583098864949,0.0030159217349166045,9559,3.0
carmax,800,31,0,0,0,0.0022906297148192973,0.001008331032805755,0.004159583098864949,0.0030159217349166045,9559,3.0
carmax,800,32,0,0,0,0.0022906297148192973,0.001008331032805755,0.004159583098864949,0.0030159217349166045,9559,3.0
carmax,800,33,0,0,0,0.0022906297148192973,0.001008331032805755,0.004159583098864949,0.0030159217349166045,9559,3.0
carmax,800,34,0,0,0,0.0022906297148192973,0.001008331032805755,0.004159583098864949,0.0030159217349166045,9559,3.0
carmax,800,35,0,0,0,0.0022906297148192973,0.001008331032805755,0.004159583098864949,0.0030159217349166045,9559,3.0
carmax,800,36,0,0,0,0.0022906297148192973,0.001008331032805755,0.004159583098864949,0.0030159217349166045,9559,3.0
carmax,820,0,0,0,0,0.0,0.0,0.0,0.0,8730,3.0
carmax,820,1,1285,0,6,0.0,0.0,0.0,0.0,8730,3.0
carmax,820,2,3623,0,25,0.0,0.0,0.0,0.0,8730,3.0
carmax,820,3,5782,0,62,0.0,0.0,0.0,0.0,8730,3.0
carmax,820,4,7224,0,93,0.0,0.0,0.0,0.0,8730,3.0
carmax,820,5,7864,0,125,0.0,0.0,0.0,0.0,8730,3.0
carmax,820,6,7712,0,116,0.0,0.0,0.0,0.0,8730,3.0
carmax,820,7,6310,1,106,0.0001482793932136354,0.0,0.0004439564064550837,0.0001584786053883125,8730,3.0
carmax,820,8,5057,0,76,0.0001482793932136354,0.0,0.0004439564064550837,0.0001584786053883125,8730,3.0
carmax,820,9,4398,0,73,0.0001482793932136354,0.0,0.0004439564064550837,0.0001584786053883125,8730,3.0
carmax,820,10,4146,0,64,0.0001482793932136354,0.0,0.0004439564064550837,0.0001584786053883125,8730,3.0
carmax,820,11,3907,0,55,0.0001482793932136354,0.0,0.0004439564064550837,0.0001584786053883125,8730,3.0
carmax,820,12,3852,0,78,0.0001482793932136354,0.0,0.0004439564064550837,0.0001584786053883125,8730,3.0
carmax,820,13,3774,1,65,0.00037279025017550587,0.0,0.0009724402901520547,0.0004234074663831411,8730,3.0
carmax,820,14,3708,0,73,0.00037279025017550587,0.0,0.0009724402901520547,0.0004234074663831411,8730,3.0
carmax,820,15,3635,2,59,0.0008218119640992466,0.0001490906852612676,0.001737537106728481,0.0009733808322889281,8730,3.0
carmax,820,16,3574,1,66,0.001046322821061117,0.0002255497044062376,0.0019645384522608924,0.0012529070267958131,8730,3.0
carmax,820,17,3507,1,52,0.0012708336780229874,0.0004485058428795629,0.0023005068528650706,0.0015376937655963152,8730,3.0
carmax,820,18,3454,3,65,0.0019443662489085985,0.000812421527817296,0.0031421688716559157,0.0024049163824761965,8730,3.0
carmax,820,19,3386,1,62,0.0021688771058704687,0.000812421527817296,0.003590384610201078,0.002699539856669264,8730,3.0
carmax,820,20,3323,0,76,0.0021688771058704687,0.000812421527817296,0.003590384610201078,0.002699539856669264,8730,3.0
carmax,820,21,2862,0,58,0.0021688771058704687,0.000812421527817296,0.003590384610201078,0.002699539856669264,8730,3.0
carmax,820,22,2109,0,44,0.0021688771058704687,0.000812421527817296,0.003590384610201078,0.002699539856669264,8730,3.0
carmax,820,23,1389,2,34,0.0031758070178764353,0.0014254711812512499,0.0053877101425068965,0.0041355376394530685,8730,3.0
carmax,820,24,743,0,16,0.0031758070178764353,0.0014254711812512499,0.0053877101425068965,0.0041355376394530685,8730,3.0
carmax,820,25,357,0,13,0.0031758070178764353,0.0014254711812512499,0.0053877101425068965,0.0041355376394530685,8730,3.0
carmax,820,26,0,0,0,0.0031758070178764353,0.0014254711812512499,0.0053877101425068965,0.0041355376394530685,8730,3.0
carmax,820,27,0,0,0,0.0031758070178764353,0.0014254711812512499,0.0053877101425068965,0.0041355376394530685,8730,3.0
carmax,820,28,0,0,0,0.0031758070178764353,0.0014254711812512499,0.0053877101425068965,0.0041355376394530685,8730,3.0
carmax,820,29,0,0,0,0.0031758070178764353,0.0014254711812512499,0.0053877101425068965,0.0041355376394530685,8730,3.0
carmax,820,30,0,0,0,0.0031758070178764353,0.0014254711812512499,0.0053877101425068965,0.0041355376394530685,8730,3.0
carmax,820,31,0,0,0,0.0031758070178764353,0.0014254711812512499,0.0053877101425068965,0.0041355376394530685,8730,3.0
carmax,820,32,0,0,0,0.0031758070178764353,0.0014254711812512499,0.0053877101425068965,0.0041355376394530685,8730,3.0
carmax,820,33,0,0,0,0.0031758070178764353,0.0014254711812512499,0.0053877101425068965,0.0041355376394530685,8730,3.0
carmax,820,34,0,0,0,0.0031758070178764353,0.0014254711812512499,0.0053877101425068965,0.0041355376394530685,8730,3.0
carmax,820,35,0,0,0,0.0031758070178764353,0.0014254711812512499,0.0053877101425068965,0.0041355376394530685,8730,3.0
carmax,820,36,0,0,0,0.0031758070178764353,0.0014254711812512499,0.0053877101425068965,0.0041355376394530685,8730,3.0
carmax,840,0,0,0,0,0.0,0.0,0.0,0.0,7180,3.0
carmax,840,1,1109,0,2,0.0,0.0,0.0,0.0,7180,3.0
carmax,840,2,3057,0,29,0.0,0.0,0.0,0.0,7180,3.0
carmax,840,3,4798,0,51,0.0,0.0,0.0,0.0,7180,3.0
carmax,840,4,5937,0,77,0.0,0.0,0.0,0.0,7180,3.0
carmax,840,5,6491,0,97,0.0,0.0,0.0,0.0,7180,3.0
carmax,840,6,6304,1,93,0.0001508727756771372,0.0,0.0006018745863786553,0.00015862944162436943,7180,3.0
carmax,840,7,5146,0,93,0.0001508727756771372,0.0,0.0006018745863786553,0.00015862944162436943,7180,3.0
carmax,840,8,4098,1,56,0.00037536951773125204,0.0,0.001052928911571819,0.0004026122065239335,7180,3.0
carmax,840,9,3565,1,56,0.000629841140351358,0.0,0.0014107538177631888,0.0006830041806595855,7180,3.0
carmax,840,10,3352,1,60,0.000896155714382185,0.00022202159607861193,0.0018530229923393632,0.0009811297760711213,7180,3.0
carmax,840,11,3170,0,50,0.000896155714382185,0.00022202159607861193,0.0018530229923393632,0.0009811297760711213,7180,3.0
carmax,840,12,3120,1,50,0.0011726356081157659,0.00025832857711753784,0.002359886118374297,0.0013013281319120829,7180,3.0
carmax,840,13,3069,0,53,0.0011726356081157659,0.00025832857711753784,0.002359886118374297,0.0013013281319120829,7180,3.0
carmax,840,14,3016,0,51,0.0011726356081157659,0.00025832857711753784,0.002359886118374297,0.0013013281319120829,7180,3.0
carmax,840,15,2965,0,59,0.0011726356081157659,0.00025832857711753784,0.002359886118374297,0.0013013281319120829,7180,3.0
carmax,840,16,2906,0,49,0.0011726356081157659,0.00025832857711753784,0.002359886118374297,0.0013013281319120829,7180,3.0
carmax,840,17,2857,0,66,0.0011726356081157659,0.00025832857711753784,0.002359886118374297,0.0013013281319120829,7180,3.0
carmax,840,18,2791,0,62,0.0011726356081157659,0.00025832857711753784,0.002359886118374297,0.0013013281319120829,7180,3.0
carmax,840,19,2729,0,58,0.0011726356081157659,0.00025832857711753784,0.002359886118374297,0.0013013281319120829,7180,3.0
carmax,840,20,2671,0,48,0.0011726356081157659,0.00025832857711753784,0.002359886118374297,0.0013013281319120829,7180,3.0
carmax,840,21,2311,1,47,0.0014864420820505052,0.00045018437991328124,0.0027538967763098723,0.0017334781413747002,7180,3.0
carmax,840,22,1679,0,37,0.0014864420820505052,0.00045018437991328124,0.0027538967763098723,0.0017334781413747002,7180,3.0
carmax,840,23,1116,0,26,0.0014864420820505052,0.00045018437991328124,0.0027538967763098723,0.0017334781413747002,7180,3.0
carmax,840,24,608,0,14,0.0014864420820505052,0.00045018437991328124,0.0027538967763098723,0.0017334781413747002,7180,3.0
carmax,840,25,288,0,3,0.0014864420820505052,0.00045018437991328124,0.0027538967763098723,0.0017334781413747002,7180,3.0
carmax,840,26,0,0,0,0.0014864420820505052,0.00045018437991328124,0.0027538967763098723,0.0017334781413747002,7180,3.0
carmax,840,27,0,0,0,0.0014864420820505052,0.00045018437991328124,0.0027538967763098723,0.0017334781413747002,7180,3.0
carmax,840,28,0,0,0,0.0014864420820505052,0.00045018437991328124,0.0027538967763098723,0.0017334781413747002,7180,3.0
carmax,840,29,0,0,0,0.0014864420820505052,0.00045018437991328124,0.0027538967763098723,0.0017334781413747002,7180,3.0
carmax,840,30,0,0,0,0.0014864420820505052,0.00045018437991328124,0.0027538967763098723,0.0017334781413747002,7180,3.0
carmax,840,31,0,0,0,0.0014864420820505052,0.00045018437991328124,0.0027538967763098723,0.0017334781413747002,7180,3.0
carmax,840,32,0,0,0,0.0014864420820505052,0.00045018437991328124,0.0027538967763098723,0.0017334781413747002,7180,3.0
carmax,840,33,0,0,0,0.0014864420820505052,0.00045018437991328124,0.0027538967763098723,0.0017334781413747002,7180,3.0
carmax,840,34,0,0,0,0.0014864420820505052,0.00045018437991328124,0.0027538967763098723,0.0017334781413747002,7180,3.0
carmax,840,35,0,0,0,0.0014864420820505052,0.00045018437991328124,0.0027538967763098723,0.0017334781413747002,7180,3.0
carmax,840,36,0,0,0,0.0014864420820505052,0.00045018437991328124,0.0027538967763098723,0.0017334781413747002,7180,3.0
carmax,860,0,0,0,0,0.0,0.0,0.0,0.0,3800,3.0
carmax,860,1,595,0,3,0.0,0.0,0.0,0.0,3800,3.0
carmax,860,2,1616,0,13,0.0,0.0,0.0,0.0,3800,3.0
carmax,860,3,2541,0,32,0.0,0.0,0.0,0.0,3800,3.0
carmax,860,4,3183,0,50,0.0,0.0,0.0,0.0,3800,3.0
carmax,860,5,3418,0,63,0.0,0.0,0.0,0.0,3800,3.0
carmax,860,6,3321,1,50,0.00028350991380920125,0.0,0.0008625659401525249,0.0003011141222523106,3800,3.0
carmax,860,7,2704,0,37,0.00028350991380920125,0.0,0.0008625659401525249,0.0003011141222523106,3800,3.0
carmax,860,8,2149,0,37,0.00028350991380920125,0.0,0.0008625659401525249,0.0003011141222523106,3800,3.0
carmax,860,9,1824,0,40,0.00028350991380920125,0.0,0.0008625659401525249,0.0003011141222523106,3800,3.0
carmax,860,10,1705,0,38,0.00028350991380920125,0.0,0.0008625659401525249,0.0003011141222523106,3800,3.0
carmax,860,11,1583,0,16,0.00028350991380920125,0.0,0.0008625659401525249,0.0003011141222523106,3800,3.0
carmax,860,12,1567,0,26,0.00028350991380920125,0.0,0.0008625659401525249,0.0003011141222523106,3800,3.0
carmax,860,13,1541,0,26,0.00028350991380920125,0.0,0.0008625659401525249,0.0003011141222523106,3800,3.0
carmax,860,14,1515,0,33,0.00028350991380920125,0.0,0.0008625659401525249,0.0003011141222523106,3800,3.0
carmax,860,15,1482,0,21,0.00028350991380920125,0.0,0.0008625659401525249,0.0003011141222523106,3800,3.0
carmax,860,16,1461,0,27,0.00028350991380920125,0.0,0.0008625659401525249,0.0003011141222523106,3800,3.0
carmax,860,17,1434,0,34,0.00028350991380920125,0.0,0.0008625659401525249,0.0003011141222523106,3800,3.0
carmax,860,18,1400,0,24,0.00028350991380920125,0.0,0.0008625659401525249,0.0003011141222523106,3800,3.0
carmax,860,19,1376,0,29,0.00028350991380920125,0.0,0.0008625659401525249,0.0003011141222523106,3800,3.0
carmax,860,20,1347,0,24,0.00028350991380920125,0.0,0.0008625659401525249,0.0003011141222523106,3800,3.0
carmax,860,21,1146,0,22,0.00028350991380920125,0.0,0.0008625659401525249,0.0003011141222523106,3800,3.0
carmax,860,22,828,0,18,0.00028350991380920125,0.0,0.0008625659401525249,0.0003011141222523106,3800,3.0
carmax,860,23,539,0,10,0.00028350991380920125,0.0,0.0008625659401525249,0.0003011141222523106,3800,3.0
carmax,860,24,271,0,4,0.00028350991380920125,0.0,0.0008625659401525249,0.0003011141222523106,3800,3.0
carmax,860,25,139,0,2,0.00028350991380920125,0.0,0.0008625659401525249,0.0003011141222523106,3800,3.0
carmax,860,26,0,0,0,0.00028350991380920125,0.0,0.0008625659401525249,0.0003011141222523106,3800,3.0
carmax,860,27,0,0,0,0.00028350991380920125,0.0,0.0008625659401525249,0.0003011141222523106,3800,3.0
carmax,860,28,0,0,0,0.00028350991380920125,0.0,0.0008625659401525249,0.0003011141222523106,3800,3.0
carmax,860,29,0,0,0,0.00028350991380920125,0.0,0.0008625659401525249,0.0003011141222523106,3800,3.0
carmax,860,30,0,0,0,0.00028350991380920125,0.0,0.0008625659401525249,0.0003011141222523106,3800,3.0
carmax,860,31,0,0,0,0.00028350991380920125,0.0,0.0008625659401525249,0.0003011141222523106,3800,3.0
carmax,860,32,0,0,0,0.00028350991380920125,0.0,0.0008625659401525249,0.0003011141222523106,3800,3.0
carmax,860,33,0,0,0,0.00028350991380920125,0.0,0.0008625659401525249,0.0003011141222523106,3800,3.0
carmax,860,34,0,0,0,0.00028350991380920125,0.0,0.0008625659401525249,0.0003011141222523106,3800,3.0
carmax,860,35,0,0,0,0.00028350991380920125,0.0,0.0008625659401525249,0.0003011141222523106,3800,3.0
carmax,860,36,0,0,0,0.00028350991380920125,0.0,0.0008625659401525249,0.0003011141222523106,3800,3.0
carmax,880,0,0,0,0,0.0,0.0,0.0,0.0,611,3.0
carmax,880,1,85,0,0,0.0,0.0,0.0,0.0,611,3.0
carmax,880,2,246,0,1,0.0,0.0,0.0,0.0,611,3.0
carmax,880,3,404,0,4,0.0,0.0,0.0,0.0,611,3.0
carmax,880,4,503,0,8,0.0,0.0,0.0,0.0,611,3.0
carmax,880,5,553,0,10,0.0,0.0,0.0,0.0,611,3.0
carmax,880,6,534,0,9,0.0,0.0,0.0,0.0,611,3.0
carmax,880,7,435,0,11,0.0,0.0,0.0,0.0,611,3.0
carmax,880,8,331,0,5,0.0,0.0,0.0,0.0,611,3.0
carmax,880,9,283,0,7,0.0,0.0,0.0,0.0,611,3.0
carmax,880,10,256,0,2,0.0,0.0,0.0,0.0,611,3.0
carmax,880,11,241,0,1,0.0,0.0,0.0,0.0,611,3.0
carmax,880,12,240,0,4,0.0,0.0,0.0,0.0,611,3.0
carmax,880,13,236,0,3,0.0,0.0,0.0,0.0,611,3.0
carmax,880,14,233,1,5,0.0036108140462798033,0.0,0.010983238260336632,0.0042918454935622075,611,3.0
carmax,880,15,227,0,8,0.0036108140462798033,0.0,0.010983238260336632,0.0042918454935622075,611,3.0
carmax,880,16,219,0,1,0.0036108140462798033,0.0,0.010983238260336632,0.0042918454935622075,611,3.0
carmax,880,17,218,0,6,0.0036108140462798033,0.0,0.010983238260336632,0.0042918454935622075,611,3.0
carmax,880,18,212,0,9,0.0036108140462798033,0.0,0.010983238260336632,0.0042918454935622075,611,3.0
carmax,880,19,203,1,10,0.007221628092559607,0.0,0.018453637489897402,0.009196811771919,611,3.0
carmax,880,20,192,0,1,0.007221628092559607,0.0,0.018453637489897402,0.009196811771919,611,3.0
carmax,880,21,175,0,2,0.007221628092559607,0.0,0.018453637489897402,0.009196811771919,611,3.0
carmax,880,22,133,0,2,0.007221628092559607,0.0,0.018453637489897402,0.009196811771919,611,3.0
carmax,880,23,89,0,0,0.007221628092559607,0.0,0.018453637489897402,0.009196811771919,611,3.0
carmax,880,24,54,0,0,0.007221628092559607,0.0,0.018453637489897402,0.009196811771919,611,3.0
carmax,880,25,27,0,1,0.007221628092559607,0.0,0.018453637489897402,0.009196811771919,611,3.0
carmax,880,26,0,0,0,0.007221628092559607,0.0,0.018453637489897402,0.009196811771919,611,3.0
carmax,880,27,0,0,0,0.007221628092559607,0.0,0.018453637489897402,0.009196811771919,611,3.0
carmax,880,28,0,0,0,0.007221628092559607,0.0,0.018453637489897402,0.009196811771919,611,3.0
carmax,880,29,0,0,0,0.007221628092559607,0.0,0.018453637489897402,0.009196811771919,611,3.0
carmax,880,30,0,0,0,0.007221628092559607,0.0,0.018453637489897402,0.009196811771919,611,3.0
carmax,880,31,0,0,0,0.007221628092559607,0.0,0.018453637489897402,0.009196811771919,611,3.0
carmax,880,32,0,0,0,0.007221628092559607,0.0,0.018453637489897402,0.009196811771919,611,3.0
carmax,880,33,0,0,0,0.007221628092559607,0.0,0.018453637489897402,0.009196811771919,611,3.0
carmax,880,34,0,0,0,0.007221628092559607,0.0,0.018453637489897402,0.009196811771919,611,3.0
carmax,880,35,0,0,0,0.007221628092559607,0.0,0.018453637489897402,0.009196811771919,611,3.0
carmax,880,36,0,0,0,0.007221628092559607,0.0,0.018453637489897402,0.009196811771919,611,3.0
carmax,900,0,0,0,0,0.0,0.0,0.0,0.0,13,3.0
carmax,900,1,3,0,0,0.0,0.0,0.0,0.0,13,3.0
carmax,900,2,5,0,0,0.0,0.0,0.0,0.0,13,3.0
carmax,900,3,8,0,0,0.0,0.0,0.0,0.0,13,3.0
carmax,900,4,11,0,0,0.0,0.0,0.0,0.0,13,3.0
carmax,900,5,12,0,0,0.0,0.0,0.0,0.0,13,3.0
carmax,900,6,13,0,0,0.0,0.0,0.0,0.0,13,3.0
carmax,900,7,12,0,0,0.0,0.0,0.0,0.0,13,3.0
carmax,900,8,10,0,0,0.0,0.0,0.0,0.0,13,3.0
carmax,900,9,9,0,0,0.0,0.0,0.0,0.0,13,3.0
carmax,900,10,9,0,0,0.0,0.0,0.0,0.0,13,3.0
carmax,900,11,8,0,0,0.0,0.0,0.0,0.0,13,3.0
carmax,900,12,8,0,0,0.0,0.0,0.0,0.0,13,3.0
carmax,900,13,8,0,0,0.0,0.0,0.0,0.0,13,3.0
carmax,900,14,8,0,0,0.0,0.0,0.0,0.0,13,3.0
carmax,900,15,8,0,0,0.0,0.0,0.0,0.0,13,3.0
carmax,900,16,8,0,0,0.0,0.0,0.0,0.0,13,3.0
carmax,900,17,8,0,0,0.0,0.0,0.0,0.0,13,3.0
carmax,900,18,8,0,0,0.0,0.0,0.0,0.0,13,3.0
carmax,900,19,8,0,0,0.0,0.0,0.0,0.0,13,3.0
carmax,900,20,8,0,0,0.0,0.0,0.0,0.0,13,3.0
carmax,900,21,5,0,0,0.0,0.0,0.0,0.0,13,3.0
carmax,900,22,4,0,0,0.0,0.0,0.0,0.0,13,3.0
carmax,900,23,3,0,0,0.0,0.0,0.0,0.0,13,3.0
carmax,900,24,1,0,0,0.0,0.0,0.0,0.0,13,3.0
carmax,900,25,0,0,0,0.0,0.0,0.0,0.0,13,3.0
carmax,900,26,0,0,0,0.0,0.0,0.0,0.0,13,3.0
carmax,900,27,0,0,0,0.0,0.0,0.0,0.0,13,3.0
carmax,900,28,0,0,0,0.0,0.0,0.0,0.0,13,3.0
carmax,900,29,0,0,0,0.0,0.0,0.0,0.0,13,3.0
carmax,900,30,0,0,0,0.0,0.0,0.0,0.0,13,3.0
carmax,900,31,0,0,0,0.0,0.0,0.0,0.0,13,3.0
carmax,900,32,0,0,0,0.0,0.0,0.0,0.0,13,3.0
carmax,900,33,0,0,0,0.0,0.0,0.0,0.0,13,3.0
carmax,900,34,0,0,0,0.0,0.0,0.0,0.0,13,3.0
carmax,900,35,0,0,0,0.0,0.0,0.0,0.0,13,3.0
carmax,900,36,0,0,0,0.0,0.0,0.0,0.0,13,3.0
exeter,360,0,0,0,0,0.0,0.0,0.0,0.0,4,3.0
exeter,360,1,0,0,0,0.0,0.0,0.0,0.0,4,3.0
exeter,360,2,2,0,0,0.0,0.0,0.0,0.0,4,3.0
exeter,360,3,2,0,0,0.0,0.0,0.0,0.0,4,3.0
exeter,360,4,3,0,0,0.0,0.0,0.0,0.0,4,3.0
exeter,360,5,3,0,0,0.0,0.0,0.0,0.0,4,3.0
exeter,360,6,4,0,0,0.0,0.0,0.0,0.0,4,3.0
exeter,360,7,4,0,0,0.0,0.0,0.0,0.0,4,3.0
exeter,360,8,4,0,0,0.0,0.0,0.0,0.0,4,3.0
exeter,360,9,4,0,0,0.0,0.0,0.0,0.0,4,3.0
exeter,360,10,4,0,0,0.0,0.0,0.0,0.0,4,3.0
exeter,360,11,4,0,0,0.0,0.0,0.0,0.0,4,3.0
exeter,360,12,4,0,0,0.0,0.0,0.0,0.0,4,3.0
exeter,360,13,3,0,0,0.0,0.0,0.0,0.0,4,3.0
exeter,360,14,3,0,0,0.0,0.0,0.0,0.0,4,3.0
exeter,360,15,3,0,0,0.0,0.0,0.0,0.0,4,3.0
exeter,360,16,3,0,0,0.0,0.0,0.0,0.0,4,3.0
exeter,360,17,3,0,0,0.0,0.0,0.0,0.0,4,3.0
exeter,360,18,3,0,0,0.0,0.0,0.0,0.0,4,3.0
exeter,360,19,3,0,0,0.0,0.0,0.0,0.0,4,3.0
exeter,360,20,3,0,0,0.0,0.0,0.0,0.0,4,3.0
exeter,360,21,1,0,0,0.0,0.0,0.0,0.0,4,3.0
exeter,360,22,1,0,0,0.0,0.0,0.0,0.0,4,3.0
exeter,360,23,1,0,0,0.0,0.0,0.0,0.0,4,3.0
exeter,360,24,1,0,0,0.0,0.0,0.0,0.0,4,3.0
exeter,360,25,0,0,0,0.0,0.0,0.0,0.0,4,3.0
exeter,360,26,0,0,0,0.0,0.0,0.0,0.0,4,3.0
exeter,360,27,0,0,0,0.0,0.0,0.0,0.0,4,3.0
exeter,360,28,0,0,0,0.0,0.0,0.0,0.0,4,3.0
exeter,360,29,0,0,0,0.0,0.0,0.0,0.0,4,3.0
exeter,360,30,0,0,0,0.0,0.0,0.0,0.0,4,3.0
exeter,360,31,0,0,0,0.0,0.0,0.0,0.0,4,3.0
exeter,360,32,0,0,0,0.0,0.0,0.0,0.0,4,3.0
exeter,360,33,0,0,0,0.0,0.0,0.0,0.0,4,3.0
exeter,360,34,0,0,0,0.0,0.0,0.0,0.0,4,3.0
exeter,360,35,0,0,0,0.0,0.0,0.0,0.0,4,3.0
exeter,360,36,0,0,0,0.0,0.0,0.0,0.0,4,3.0
exeter,380,0,0,0,0,0.0,0.0,0.0,0.0,5,3.0
exeter,380,1,1,0,0,0.0,0.0,0.0,0.0,5,3.0
exeter,380,2,1,0,0,0.0,0.0,0.0,0.0,5,3.0
exeter,380,3,4,0,0,0.0,0.0,0.0,0.0,5,3.0
exeter,380,4,5,0,0,0.0,0.0,0.0,0.0,5,3.0
exeter,380,5,5,0,0,0.0,0.0,0.0,0.0,5,3.0
exeter,380,6,5,0,0,0.0,0.0,0.0,0.0,5,3.0
exeter,380,7,5,0,0,0.0,0.0,0.0,0.0,5,3.0
exeter,380,8,5,0,0,0.0,0.0,0.0,0.0,5,3.0
exeter,380,9,5,0,0,0.0,0.0,0.0,0.0,5,3.0
exeter,380,10,5,0,0,0.0,0.0,0.0,0.0,5,3.0
exeter,380,11,5,0,0,0.0,0.0,0.0,0.0,5,3.0
exeter,380,12,2,0,0,0.0,0.0,0.0,0.0,5,3.0
exeter,380,13,2,0,0,0.0,0.0,0.0,0.0,5,3.0
exeter,380,14,2,0,0,0.0,0.0,0.0,0.0,5,3.0
exeter,380,15,2,0,0,0.0,0.0,0.0,0.0,5,3.0
exeter,380,16,2,0,0,0.0,0.0,0.0,0.0,5,3.0
exeter,380,17,2,0,0,0.0,0.0,0.0,0.0,5,3.0
exeter,380,18,2,0,0,0.0,0.0,0.0,0.0,5,3.0
exeter,380,19,2,0,0,0.0,0.0,0.0,0.0,5,3.0
exeter,380,20,1,0,0,0.0,0.0,0.0,0.0,5,3.0
exeter,380,21,1,0,0,0.0,0.0,0.0,0.0,5,3.0
exeter,380,22,1,0,0,0.0,0.0,0.0,0.0,5,3.0
exeter,380,23,0,0,0,0.0,0.0,0.0,0.0,5,3.0
exeter,380,24,0,0,0,0.0,0.0,0.0,0.0,5,3.0
exeter,380,25,0,0,0,0.0,0.0,0.0,0.0,5,3.0
exeter,380,26,0,0,0,0.0,0.0,0.0,0.0,5,3.0
exeter,380,27,0,0,0,0.0,0.0,0.0,0.0,5,3.0
exeter,380,28,0,0,0,0.0,0.0,0.0,0.0,5,3.0
exeter,380,29,0,0,0,0.0,0.0,0.0,0.0,5,3.0
exeter,380,30,0,0,0,0.0,0.0,0.0,0.0,5,3.0
exeter,380,31,0,0,0,0.0,0.0,0.0,0.0,5,3.0
exeter,380,32,0,0,0,0.0,0.0,0.0,0.0,5,3.0
exeter,380,33,0,0,0,0.0,0.0,0.0,0.0,5,3.0
exeter,380,34,0,0,0,0.0,0.0,0.0,0.0,5,3.0
exeter,380,35,0,0,0,0.0,0.0,0.0,0.0,5,3.0
exeter,380,36,0,0,0,0.0,0.0,0.0,0.0,5,3.0
exeter,400,0,1,0,0,0.0,0.0,0.0,0.0,61,3.0
exeter,400,1,7,0,0,0.0,0.0,0.0,0.0,61,3.0
exeter,400,2,23,0,0,0.0,0.0,0.0,0.0,61,3.0
exeter,400,3,48,0,1,0.0,0.0,0.0,0.0,61,3.0
exeter,400,4,57,0,2,0.0,0.0,0.0,0.0,61,3.0
exeter,400,5,58,0,1,0.0,0.0,0.0,0.0,61,3.0
exeter,400,6,57,1,0,0.0162898265779391,0.0,0.04956292284673441,0.01754385964912286,61,3.0
exeter,400,7,56,0,2,0.0162898265779391,0.0,0.04956292284673441,0.01754385964912286,61,3.0
exeter,400,8,54,0,2,0.0162898265779391,0.0,0.04956292284673441,0.01754385964912286,61,3.0
exeter,400,9,52,0,2,0.0162898265779391,0.0,0.04956292284673441,0.01754385964912286,61,3.0
exeter,400,10,48,0,0,0.0162898265779391,0.0,0.04956292284673441,0.01754385964912286,61,3.0
exeter,400,11,40,0,1,0.0162898265779391,0.0,0.04956292284673441,0.01754385964912286,61,3.0
exeter,400,12,26,0,0,0.0162898265779391,0.0,0.04956292284673441,0.01754385964912286,61,3.0
exeter,400,13,23,0,1,0.0162898265779391,0.0,0.04956292284673441,0.01754385964912286,61,3.0
exeter,400,14,21,0,0,0.0162898265779391,0.0,0.04956292284673441,0.01754385964912286,61,3.0
exeter,400,15,21,0,0,0.0162898265779391,0.0,0.04956292284673441,0.01754385964912286,61,3.0
exeter,400,16,21,0,0,0.0162898265779391,0.0,0.04956292284673441,0.01754385964912286,61,3.0
exeter,400,17,21,0,0,0.0162898265779391,0.0,0.04956292284673441,0.01754385964912286,61,3.0
exeter,400,18,21,0,0,0.0162898265779391,0.0,0.04956292284673441,0.01754385964912286,61,3.0
exeter,400,19,20,1,1,0.05426991137106885,0.0,0.1498143174464316,0.06666666666666676,61,3.0
exeter,400,20,15,0,1,0.05426991137106885,0.0,0.1498143174464316,0.06666666666666676,61,3.0
exeter,400,21,10,0,0,0.05426991137106885,0.0,0.1498143174464316,0.06666666666666676,61,3.0
exeter,400,22,4,0,0,0.05426991137106885,0.0,0.1498143174464316,0.06666666666666676,61,3.0
exeter,400,23,1,0,0,0.05426991137106885,0.0,0.1498143174464316,0.06666666666666676,61,3.0
exeter,400,24,0,0,0,0.05426991137106885,0.0,0.1498143174464316,0.06666666666666676,61,3.0
exeter,400,25,0,0,0,0.05426991137106885,0.0,0.1498143174464316,0.06666666666666676,61,3.0
exeter,400,26,0,0,0,0.05426991137106885,0.0,0.1498143174464316,0.06666666666666676,61,3.0
exeter,400,27,0,0,0,0.05426991137106885,0.0,0.1498143174464316,0.06666666666666676,61,3.0
exeter,400,28,0,0,0,0.05426991137106885,0.0,0.1498143174464316,0.06666666666666676,61,3.0
exeter,400,29,0,0,0,0.05426991137106885,0.0,0.1498143174464316,0.06666666666666676,61,3.0
exeter,400,30,0,0,0,0.05426991137106885,0.0,0.1498143174464316,0.06666666666666676,61,3.0
exeter,400,31,0,0,0,0.05426991137106885,0.0,0.1498143174464316,0.06666666666666676,61,3.0
exeter,400,32,0,0,0,0.05426991137106885,0.0,0.1498143174464316,0.06666666666666676,61,3.0
exeter,400,33,0,0,0,0.05426991137106885,0.0,0.1498143174464316,0.06666666666666676,61,3.0
exeter,400,34,0,0,0,0.05426991137106885,0.0,0.1498143174464316,0.06666666666666676,61,3.0
exeter,400,35,0,0,0,0.05426991137106885,0.0,0.1498143174464316,0.06666666666666676,61,3.0
exeter,400,36,0,0,0,0.05426991137106885,0.0,0.1498143174464316,0.06666666666666676,61,3.0
exeter,420,0,0,0,0,0.0,0.0,0.0,0.0,160,3.0
exeter,420,1,26,0,1,0.0,0.0,0.0,0.0,160,3.0
exeter,420,2,55,0,1,0.0,0.0,0.0,0.0,160,3.0
exeter,420,3,111,0,1,0.0,0.0,0.0,0.0,160,3.0
exeter,420,4,141,0,0,0.0,0.0,0.0,0.0,160,3.0
exeter,420,5,151,2,1,0.01239140311987994,0.0,0.031163992021772644,0.013245033112582738,160,3.0
exeter,420,6,154,1,2,0.018345713709952118,0.0,0.043184034951353034,0.019652532897565966,160,3.0
exeter,420,7,151,1,0,0.024300024300024297,0.005973807929323981,0.052435756620761345,0.026144900229370216,160,3.0
exeter,420,8,150,0,3,0.024300024300024297,0.005973807929323981,0.052435756620761345,0.026144900229370216,160,3.0
exeter,420,9,147,3,1,0.04216295607024083,0.017994065947436976,0.07139872729221385,0.046019494102240266,160,3.0
exeter,420,10,132,2,1,0.05506396234873055,0.02505734663396476,0.0891558163726024,0.06047374419160023,160,3.0
exeter,420,11,116,0,0,0.05506396234873055,0.02505734663396476,0.0891558163726024,0.06047374419160023,160,3.0
exeter,420,12,73,0,0,0.05506396234873055,0.02505734663396476,0.0891558163726024,0.06047374419160023,160,3.0
exeter,420,13,56,2,0,0.08478235181168009,0.038837595066480934,0.14193749863142419,0.09402825332761444,160,3.0
exeter,420,14,50,1,0,0.10083028212167285,0.04477591136981574,0.16512873747817441,0.11214768826106214,160,3.0
exeter,420,15,46,0,1,0.10083028212167285,0.04477591136981574,0.16512873747817441,0.11214768826106214,160,3.0
exeter,420,16,45,1,0,0.1179248165823173,0.06031492984693974,0.18610116938495405,0.13187773963303862,160,3.0
exeter,420,17,44,1,2,0.13501935104296175,0.08061967443965674,0.20846674306593138,0.15160779100501498,160,3.0
exeter,420,18,41,0,0,0.13501935104296175,0.08061967443965674,0.20846674306593138,0.15160779100501498,160,3.0
exeter,420,19,41,0,2,0.13501935104296175,0.08061967443965674,0.20846674306593138,0.15160779100501498,160,3.0
exeter,420,20,33,1,1,0.15522198267826884,0.08178208935371073,0.22992671442822457,0.17731664582304485,160,3.0
exeter,420,21,20,0,0,0.15522198267826884,0.08178208935371073,0.22992671442822457,0.17731664582304485,160,3.0
exeter,420,22,13,1,0,0.20339748888553957,0.10215231569385855,0.341750668371828,0.24059998075973366,160,3.0
exeter,420,23,4,0,0,0.20339748888553957,0.10215231569385855,0.341750668371828,0.24059998075973366,160,3.0
exeter,420,24,1,0,0,0.20339748888553957,0.10215231569385855,0.341750668371828,0.24059998075973366,160,3.0
exeter,420,25,0,0,0,0.20339748888553957,0.10215231569385855,0.341750668371828,0.24059998075973366,160,3.0
exeter,420,26,0,0,0,0.20339748888553957,0.10215231569385855,0.341750668371828,0.24059998075973366,160,3.0
exeter,420,27,0,0,0,0.20339748888553957,0.10215231569385855,0.341750668371828,0.24059998075973366,160,3.0
exeter,420,28,0,0,0,0.20339748888553957,0.10215231569385855,0.341750668371828,0.24059998075973366,160,3.0
exeter,420,29,0,0,0,0.20339748888553957,0.10215231569385855,0.341750668371828,0.24059998075973366,160,3.0
exeter,420,30,0,0,0,0.20339748888553957,0.10215231569385855,0.341750668371828,0.24059998075973366,160,3.0
exeter,420,31,0,0,0,0.20339748888553957,0.10215231569385855,0.341750668371828,0.24059998075973366,160,3.0
exeter,420,32,0,0,0,0.20339748888553957,0.10215231569385855,0.341750668371828,0.24059998075973366,160,3.0
exeter,420,33,0,0,0,0.20339748888553957,0.10215231569385855,0.341750668371828,0.24059998075973366,160,3.0
exeter,420,34,0,0,0,0.20339748888553957,0.10215231569385855,0.341750668371828,0.24059998075973366,160,3.0
exeter,420,35,0,0,0,0.20339748888553957,0.10215231569385855,0.341750668371828,0.24059998075973366,160,3.0
exeter,420,36,0,0,0,0.20339748888553957,0.10215231569385855,0.341750668371828,0.24059998075973366,160,3.0
exeter,440,0,1,0,0,0.0,0.0,0.0,0.0,447,3.0
exeter,440,1,50,0,0,0.0,0.0,0.0,0.0,447,3.0
exeter,440,2,169,0,0,0.0,0.0,0.0,0.0,447,3.0
exeter,440,3,324,0,1,0.0,0.0,0.0,0.0,447,3.0
exeter,440,4,409,0,2,0.0,0.0,0.0,0.0,447,3.0
exeter,440,5,439,2,3,0.004519538483890302,0.0,0.011310342643102026,0.004555808656036442,447,3.0
exeter,440,6,439,4,2,0.013455664688939918,0.004484609870237142,0.02457864243083101,0.013625915183088533,447,3.0
exeter,440,7,433,2,6,0.017923727791464727,0.0067056536101536245,0.029207396514228566,0.018181915574852603,447,3.0
exeter,440,8,425,4,2,0.026859853996514346,0.013412584688839263,0.04031734280871131,0.02742255636944224,447,3.0
exeter,440,9,419,5,4,0.03803001175282637,0.0201327682889007,0.05385433372578139,0.03902849245095252,447,3.0
exeter,440,10,384,3,2,0.045185894065463764,0.027183708827043237,0.061030268768488036,0.04653608235367945,447,3.0
exeter,440,11,309,4,4,0.0568885020330563,0.037572443261812284,0.0757909489747156,0.05887865733939235,447,3.0
exeter,440,12,203,4,2,0.07424064488155559,0.051283420470033154,0.10309481537571757,0.07742292024896091,447,3.0
exeter,440,13,152,3,1,0.09110761268330407,0.06268246357003486,0.12159850236270556,0.09563167840194198,447,3.0
exeter,440,14,135,2,1,0.1034350755705079,0.07231275196910174,0.13768687007040029,0.1090297276108021,447,3.0
exeter,440,15,130,0,0,0.1034350755705079,0.07231275196910174,0.13768687007040029,0.1090297276108021,447,3.0
exeter,440,16,130,2,0,0.11595219173289949,0.08054963532387112,0.15269802618012993,0.12273696257063582,447,3.0
exeter,440,17,128,1,1,0.12221074981409527,0.0864049364724266,0.1598162278081377,0.12959058005055268,447,3.0
exeter,440,18,126,1,1,0.12846930789529107,0.09142573749154059,0.16978030128889637,0.13649859131999276,447,3.0
exeter,440,19,123,3,3,0.14739762989695637,0.10608260913171996,0.1904594714347461,0.15755960128779778,447,3.0
exeter,440,20,99,1,0,0.1548542415945821,0.11099883312335884,0.19650407260705594,0.16606910026468868,447,3.0
exeter,440,21,72,2,0,0.17515279566034103,0.12528189175666762,0.2384112237132766,0.1892338474795584,447,3.0
exeter,440,22,39,1,0,0.19336944674499648,0.12841923821364104,0.25622560896116076,0.21002272318521076,447,3.0
exeter,440,23,14,0,1,0.19336944674499648,0.12841923821364104,0.25622560896116076,0.21002272318521076,447,3.0
exeter,440,24,1,0,0,0.19336944674499648,0.12841923821364104,0.25622560896116076,0.21002272318521076,447,3.0
exeter,440,25,0,0,0,0.19336944674499648,0.12841923821364104,0.25622560896116076,0.21002272318521076,447,3.0
exeter,440,26,0,0,0,0.19336944674499648,0.12841923821364104,0.25622560896116076,0.21002272318521076,447,3.0
exeter,440,27,0,0,0,0.19336944674499648,0.12841923821364104,0.25622560896116076,0.21002272318521076,447,3.0
exeter,440,28,0,0,0,0.19336944674499648,0.12841923821364104,0.25622560896116076,0.21002272318521076,447,3.0
exeter,440,29,0,0,0,0.19336944674499648,0.12841923821364104,0.25622560896116076,0.21002272318521076,447,3.0
exeter,440,30,0,0,0,0.19336944674499648,0.12841923821364104,0.25622560896116076,0.21002272318521076,447,3.0
exeter,440,31,0,0,0,0.19336944674499648,0.12841923821364104,0.25622560896116076,0.21002272318521076,447,3.0
exeter,440,32,0,0,0,0.19336944674499648,0.12841923821364104,0.25622560896116076,0.21002272318521076,447,3.0
exeter,440,33,0,0,0,0.19336944674499648,0.12841923821364104,0.25622560896116076,0.21002272318521076,447,3.0
exeter,440,34,0,0,0,0.19336944674499648,0.12841923821364104,0.25622560896116076,0.21002272318521076,447,3.0
exeter,440,35,0,0,0,0.19336944674499648,0.12841923821364104,0.25622560896116076,0.21002272318521076,447,3.0
exeter,440,36,0,0,0,0.19336944674499648,0.12841923821364104,0.25622560896116076,0.21002272318521076,447,3.0
exeter,460,0,11,0,0,0.0,0.0,0.0,0.0,1031,3.0
exeter,460,1,135,0,1,0.0,0.0,0.0,0.0,1031,3.0
exeter,460,2,375,0,4,0.0,0.0,0.0,0.0,1031,3.0
exeter,460,3,728,0,6,0.0,0.0,0.0,0.0,1031,3.0
exeter,460,4,914,0,13,0.0,0.0,0.0,0.0,1031,3.0
exeter,460,5,986,1,3,0.0009736910326311466,0.0,0.0029397163706755877,0.0010141987829614951,1031,3.0
exeter,460,6,1003,5,13,0.00574021443265002,0.0018976853048282565,0.009634296121927982,0.005994187821929731,1031,3.0
exeter,460,7,985,7,8,0.012413347192676442,0.006661173892781461,0.018040226571769184,0.013058188517611535,1031,3.0
exeter,460,8,970,11,11,0.02289969867271796,0.014242499172244837,0.031246139778825906,0.024250312152978792,1031,3.0
exeter,460,9,948,10,7,0.03243274547275571,0.022124978763414696,0.04321524788795112,0.034543030379213135,1031,3.0
exeter,460,10,878,6,8,0.03849784791296196,0.02727347854972934,0.0495851875755292,0.041140686208056776,1031,3.0
exeter,460,11,763,11,4,0.051089095967072964,0.04051623551092325,0.0643034421236319,0.05496434603991973,1031,3.0
exeter,460,12,532,5,6,0.059136134197143905,0.04613697636275894,0.07521269352782532,0.06384626008089789,1031,3.0
exeter,460,13,424,5,4,0.06902412221098109,0.055884355028222935,0.08620016606602815,0.07488580890069862,1031,3.0
exeter,460,14,393,8,8,0.08573054470764237,0.06600749190535934,0.10856831234178704,0.09371764994088794,1031,3.0
exeter,460,15,371,5,1,0.09634092422455831,0.07588039012776866,0.1168411857260289,0.10593169778535039,1031,3.0
exeter,460,16,365,7,3,0.11119545554824063,0.08967639793520832,0.13417106446434487,0.12307821317028889,1031,3.0
exeter,460,17,355,10,5,0.1324162145820725,0.10871706462395657,0.15954831495610677,0.14778023533450602,1031,3.0
exeter,460,18,340,2,5,0.13666036638883888,0.11485669252629947,0.16583355874558772,0.15279329277371478,1031,3.0
exeter,460,19,327,2,4,0.14098239254068354,0.11602226717681242,0.16835775887061463,0.1579749851726523,1031,3.0
exeter,460,20,276,3,4,0.14852244903384731,0.12139385400924983,0.17549637352654193,0.16712743098599303,1031,3.0
exeter,460,21,189,3,4,0.15925406383099577,0.13122551732428991,0.19154113713170515,0.1803476304941518,1031,3.0
exeter,460,22,107,0,0,0.15925406383099577,0.13122551732428991,0.19154113713170515,0.1803476304941518,1031,3.0
exeter,460,23,56,1,0,0.17087997986123993,0.13504752538996315,0.2106275729008538,0.19498427994961343,1031,3.0
exeter,460,24,9,0,0,0.17087997986123993,0.13504752538996315,0.2106275729008538,0.19498427994961343,1031,3.0
exeter,460,25,0,0,0,0.17087997986123993,0.13504752538996315,0.2106275729008538,0.19498427994961343,1031,3.0
exeter,460,26,0,0,0,0.17087997986123993,0.13504752538996315,0.2106275729008538,0.19498427994961343,1031,3.0
exeter,460,27,0,0,0,0.17087997986123993,0.13504752538996315,0.2106275729008538,0.19498427994961343,1031,3.0
exeter,460,28,0,0,0,0.17087997986123993,0.13504752538996315,0.2106275729008538,0.19498427994961343,1031,3.0
exeter,460,29,0,0,0,0.17087997986123993,0.13504752538996315,0.2106275729008538,0.19498427994961343,1031,3.0
exeter,460,30,0,0,0,0.17087997986123993,0.13504752538996315,0.2106275729008538,0.19498427994961343,1031,3.0
exeter,460,31,0,0,0,0.17087997986123993,0.13504752538996315,0.2106275729008538,0.19498427994961343,1031,3.0
exeter,460,32,0,0,0,0.17087997986123993,0.13504752538996315,0.2106275729008538,0.19498427994961343,1031,3.0
exeter,460,33,0,0,0,0.17087997986123993,0.13504752538996315,0.2106275729008538,0.19498427994961343,1031,3.0
exeter,460,34,0,0,0,0.17087997986123993,0.13504752538996315,0.2106275729008538,0.19498427994961343,1031,3.0
exeter,460,35,0,0,0,0.17087997986123993,0.13504752538996315,0.2106275729008538,0.19498427994961343,1031,3.0
exeter,460,36,0,0,0,0.17087997986123993,0.13504752538996315,0.2106275729008538,0.19498427994961343,1031,3.0
exeter,480,0,25,0,0,0.0,0.0,0.0,0.0,2258,3.0
exeter,480,1,252,0,1,0.0,0.0,0.0,0.0,2258,3.0
exeter,480,2,757,0,4,0.0,0.0,0.0,0.0,2258,3.0
exeter,480,3,1492,0,7,0.0,0.0,0.0,0.0,2258,3.0
exeter,480,4,1963,1,20,0.000502353703456099,0.0,0.001525548748624594,0.0005094243504839557,2258,3.0
exeter,480,5,2186,6,12,0.003180041421969578,0.0008952785320725437,0.005457368516501706,0.003252765363245702,2258,3.0
exeter,480,6,2207,10,17,0.007563991711757542,0.004023171530300626,0.010725986352461038,0.007769064568668327,2258,3.0
exeter,480,7,2180,13,20,0.013263127088481895,0.008489766653202576,0.018032580257097797,0.013686038036836878,2258,3.0
exeter,480,8,2147,11,18,0.018085472407248657,0.01284263581940942,0.0233898536604271,0.018739346644938815,2258,3.0
exeter,480,9,2118,18,17,0.025976582928866995,0.01930707851981606,0.03221008458245554,0.02707867231084593,2258,3.0
exeter,480,10,1998,19,22,0.03466044682370875,0.027078684066048086,0.041845028580702166,0.03633067692851055,2258,3.0
exeter,480,11,1722,9,14,0.03933520979148942,0.031013578675851357,0.04738695401630569,0.04136727617801306,2258,3.0
exeter,480,12,1282,16,13,0.0503491425802006,0.040904611576248966,0.0597321808474819,0.05333149113990987,2258,3.0
exeter,480,13,1042,17,3,0.06442110649168914,0.052099115313279536,0.07666199300356868,0.06877617890442189,2258,3.0
exeter,480,14,941,16,5,0.07880535065501104,0.06511405774275074,0.0922211987568352,0.08460995269563254,2258,3.0
exeter,480,15,911,13,10,0.09060800983402655,0.07586352688545345,0.10591581976671069,0.09767259881523394,2258,3.0
exeter,480,16,888,13,6,0.10241066901304205,0.08577495437451364,0.11954867895208175,0.11088234680555142,2258,3.0
exeter,480,17,869,8,6,0.1096738438924362,0.09178261526278422,0.127200092949815,0.1190675495967547,2258,3.0
exeter,480,18,855,9,14,0.11784491563175463,0.09933570052446732,0.13685980747993262,0.12834052275889418,2258,3.0
exeter,480,19,813,8,10,0.12527783260550118,0.10735127716930541,0.1448700877286892,0.13691773778709693,2258,3.0
exeter,480,20,697,15,2,0.14117409066000755,0.12103962609535131,0.1621917839277891,0.15549196150760414,2258,3.0
exeter,480,21,510,7,4,0.1510650956717004,0.12841612934379845,0.17495469328918611,0.16708324831044086,2258,3.0
exeter,480,22,313,7,1,0.16683382251142798,0.1433005578897385,0.1916767373696415,0.1857107794983862,2258,3.0
exeter,480,23,131,1,0,0.17207860079508874,0.14555288065383223,0.19759505033919814,0.1919267277464901,2258,3.0
exeter,480,24,15,0,0,0.17207860079508874,0.14555288065383223,0.19759505033919814,0.1919267277464901,2258,3.0
exeter,480,25,0,0,0,0.17207860079508874,0.14555288065383223,0.19759505033919814,0.1919267277464901,2258,3.0
exeter,480,26,0,0,0,0.17207860079508874,0.14555288065383223,0.19759505033919814,0.1919267277464901,2258,3.0
exeter,480,27,0,0,0,0.17207860079508874,0.14555288065383223,0.19759505033919814,0.1919267277464901,2258,3.0
exeter,480,28,0,0,0,0.17207860079508874,0.14555288065383223,0.19759505033919814,0.1919267277464901,2258,3.0
exeter,480,29,0,0,0,0.17207860079508874,0.14555288065383223,0.19759505033919814,0.1919267277464901,2258,3.0
exeter,480,30,0,0,0,0.17207860079508874,0.14555288065383223,0.19759505033919814,0.1919267277464901,2258,3.0
exeter,480,31,0,0,0,0.17207860079508874,0.14555288065383223,0.19759505033919814,0.1919267277464901,2258,3.0
exeter,480,32,0,0,0,0.17207860079508874,0.14555288065383223,0.19759505033919814,0.1919267277464901,2258,3.0
exeter,480,33,0,0,0,0.17207860079508874,0.14555288065383223,0.19759505033919814,0.1919267277464901,2258,3.0
exeter,480,34,0,0,0,0.17207860079508874,0.14555288065383223,0.19759505033919814,0.1919267277464901,2258,3.0
exeter,480,35,0,0,0,0.17207860079508874,0.14555288065383223,0.19759505033919814,0.1919267277464901,2258,3.0
exeter,480,36,0,0,0,0.17207860079508874,0.14555288065383223,0.19759505033919814,0.1919267277464901,2258,3.0
exeter,500,0,35,0,1,0.0,0.0,0.0,0.0,4078,3.0
exeter,500,1,458,0,3,0.0,0.0,0.0,0.0,4078,3.0
exeter,500,2,1413,0,9,0.0,0.0,0.0,0.0,4078,3.0
exeter,500,3,2756,0,12,0.0,0.0,0.0,0.0,4078,3.0
exeter,500,4,3574,1,28,0.0002671357934524451,0.0,0.0010685976188182004,0.0002797985450475604,4078,3.0
exeter,500,5,3967,17,35,0.0043253507146552685,0.0026152161036121233,0.006429993522368909,0.004563953681103627,4078,3.0
exeter,500,6,3972,17,25,0.008325328412668625,0.005970640485327926,0.010623234156357322,0.008824379861219755,4078,3.0
exeter,500,7,3930,23,27,0.013737062945274933,0.010516580611268398,0.017030149790008983,0.014625153210632402,4078,3.0
exeter,500,8,3880,26,45,0.019854675895177712,0.01577352409906163,0.02355513762532292,0.021228180534478613,4078,3.0
exeter,500,9,3809,38,35,0.028795802514266392,0.023675130900725004,0.03376746787925698,0.030992772064982632,4078,3.0
exeter,500,10,3590,39,37,0.03834541336976923,0.03264332726128067,0.044046409462470154,0.04151959153280038,4078,3.0
exeter,500,11,3092,33,18,0.047528681804653465,0.041228314584314314,0.0546606665660843,0.05174916898409976,4078,3.0
exeter,500,12,2332,37,22,0.06095549471706925,0.053105540954855465,0.06974693439420097,0.06679431510227651,4078,3.0
exeter,500,13,1941,32,13,0.074554122674203,0.06527406304243455,0.08293574938286019,0.0821794680732848,4078,3.0
exeter,500,14,1761,21,10,0.08416235256384734,0.07431165459934458,0.09483779132463309,0.09312451700597135,4078,3.0
exeter,500,15,1715,26,17,0.09616230204145951,0.0855072450055288,0.10719012587454635,0.10687306660238227,4078,3.0
exeter,500,16,1672,20,10,0.10539303240885348,0.09332367541499302,0.11690187288785672,0.11755640312627724,4078,3.0
exeter,500,17,1642,20,20,0.11462376277624745,0.10064577948297679,0.1270051693466347,0.12830480260098764,4078,3.0
exeter,500,18,1602,29,13,0.1280083218089687,0.11479573867581544,0.14118522346178047,0.14408455336538928,4078,3.0
exeter,500,19,1538,29,20,0.14158433747284724,0.12821640551658786,0.15572096566818722,0.16022340118879863,4078,3.0
exeter,500,20,1294,19,17,0.15181934944179643,0.1360689946388606,0.16725656081190732,0.1725539694866447,4078,3.0
exeter,500,21,944,14,6,0.16186947381719413,0.14521165689766563,0.17922841516303767,0.1848254148544275,4078,3.0
exeter,500,22,546,10,7,0.17401797580943312,0.15684577660978996,0.19030360836367674,0.19975535231130614,4078,3.0
exeter,500,23,217,5,0,0.18882571210872903,0.16692583175036965,0.21280600607240502,0.21819416907832678,4078,3.0
exeter,500,24,30,1,0,0.2097539794117339,0.17019117883323745,0.2530789222211483,0.2442543634423826,4078,3.0
exeter,500,25,0,0,0,0.2097539794117339,0.17019117883323745,0.2530789222211483,0.2442543634423826,4078,3.0
exeter,500,26,0,0,0,0.2097539794117339,0.17019117883323745,0.2530789222211483,0.2442543634423826,4078,3.0
exeter,500,27,0,0,0,0.2097539794117339,0.17019117883323745,0.2530789222211483,0.2442543634423826,4078,3.0
exeter,500,28,0,0,0,0.2097539794117339,0.17019117883323745,0.2530789222211483,0.2442543634423826,4078,3.0
exeter,500,29,0,0,0,0.2097539794117339,0.17019117883323745,0.2530789222211483,0.2442543634423826,4078,3.0
exeter,500,30,0,0,0,0.2097539794117339,0.17019117883323745,0.2530789222211483,0.2442543634423826,4078,3.0
exeter,500,31,0,0,0,0.2097539794117339,0.17019117883323745,0.2530789222211483,0.2442543634423826,4078,3.0
exeter,500,32,0,0,0,0.2097539794117339,0.17019117883323745,0.2530789222211483,0.2442543634423826,4078,3.0
exeter,500,33,0,0,0,0.2097539794117339,0.17019117883323745,0.2530789222211483,0.2442543634423826,4078,3.0
exeter,500,34,0,0,0,0.2097539794117339,0.17019117883323745,0.2530789222211483,0.2442543634423826,4078,3.0
exeter,500,35,0,0,0,0.2097539794117339,0.17019117883323745,0.2530789222211483,0.2442543634423826,4078,3.0
exeter,500,36,0,0,0,0.2097539794117339,0.17019117883323745,0.2530789222211483,0.2442543634423826,4078,3.0
exeter,520,0,83,0,0,0.0,0.0,0.0,0.0,7321,3.0
exeter,520,1,766,0,9,0.0,0.0,0.0,0.0,7321,3.0
exeter,520,2,2341,0,21,0.0,0.0,0.0,0.0,7321,3.0
exeter,520,3,4714,0,35,0.0,0.0,0.0,0.0,7321,3.0
exeter,520,4,6321,2,35,0.000307582309404382,0.0,0.000778755225595723,0.00031640563202028904,7321,3.0
exeter,520,5,7052,10,53,0.0016780071763195382,0.0008454185020317793,0.002651393291632439,0.0017339943931773405,7321,3.0
exeter,520,6,7156,31,50,0.005827181033795375,0.00429147858084121,0.00784592168758219,0.006058511745582584,7321,3.0
exeter,520,7,7075,56,68,0.013322462840848499,0.011081580387509104,0.016529897004804183,0.01392575179395672,7321,3.0
exeter,520,8,6951,54,56,0.02055005601193544,0.017577268073903723,0.024350262965741998,0.021586233653131837,7321,3.0
exeter,520,9,6841,71,61,0.030053002588734938,0.0259459979889931,0.03462691935441125,0.03174079839668209,7321,3.0
exeter,520,10,6480,65,49,0.03906033274423748,0.035427224545443566,0.04344528073726935,0.04145327495597462,7321,3.0
exeter,520,11,5645,73,46,0.050468300190458996,0.04557491213773181,0.05545523866595983,0.053849007627048806,7321,3.0
exeter,520,12,4301,57,34,0.06191292887555531,0.05578218877700334,0.06786638744763386,0.06638809308746685,7321,3.0
exeter,520,13,3505,58,28,0.07590071290502107,0.06882775906447822,0.0836499911972223,0.08183730581241033,7321,3.0
exeter,520,14,3207,34,34,0.08464249511790278,0.0772564435425115,0.09253312192412935,0.09157149090825634,7321,3.0
exeter,520,15,3115,41,24,0.0952652751104971,0.08723692046530866,0.10401772801157076,0.10352833484814772,7321,3.0
exeter,520,16,3050,50,31,0.10821988485756334,0.0993001928243918,0.11715792786679495,0.11822459165391586,7321,3.0
exeter,520,17,2969,38,29,0.11806538826533369,0.10857072668551901,0.1278777710087432,0.12951036649970615,7321,3.0
exeter,520,18,2902,44,36,0.129465444842752,0.11990509574981677,0.13956338421081405,0.14270869312755352,7321,3.0
exeter,520,19,2754,37,17,0.1392885575670089,0.1298817315336713,0.149745213449626,0.15422640494827988,7321,3.0
exeter,520,20,2395,39,22,0.15096122889651575,0.1411918266935277,0.1612291871773922,0.16799891860465443,7321,3.0
exeter,520,21,1803,38,12,0.16568416311664208,0.15444027955714595,0.1764626836115033,0.18553416047543814,7321,3.0
exeter,520,22,1048,19,10,0.17799776220437177,0.16561368798836507,0.1888365139441435,0.20030023962712395,7321,3.0
exeter,520,23,457,15,1,0.19967383753040524,0.18375944415873488,0.2155888711859422,0.22654859062404542,7321,3.0
exeter,520,24,91,1,0,0.20667687725112374,0.18820095097901712,0.22883790820167232,0.2350480566611438,7321,3.0
exeter,520,25,0,0,0,0.20667687725112374,0.18820095097901712,0.22883790820167232,0.2350480566611438,7321,3.0
exeter,520,26,0,0,0,0.20667687725112374,0.18820095097901712,0.22883790820167232,0.2350480566611438,7321,3.0
exeter,520,27,0,0,0,0.20667687725112374,0.18820095097901712,0.22883790820167232,0.2350480566611438,7321,3.0
exeter,520,28,0,0,0,0.20667687725112374,0.18820095097901712,0.22883790820167232,0.2350480566611438,7321,3.0
exeter,520,29,0,0,0,0.20667687725112374,0.18820095097901712,0.22883790820167232,0.2350480566611438,7321,3.0
exeter,520,30,0,0,0,0.20667687725112374,0.18820095097901712,0.22883790820167232,0.2350480566611438,7321,3.0
exeter,520,31,0,0,0,0.20667687725112374,0.18820095097901712,0.22883790820167232,0.2350480566611438,7321,3.0
exeter,520,32,0,0,0,0.20667687725112374,0.18820095097901712,0.22883790820167232,0.2350480566611438,7321,3.0
exeter,520,33,0,0,0,0.20667687725112374,0.18820095097901712,0.22883790820167232,0.2350480566611438,7321,3.0
exeter,520,34,0,0,0,0.20667687725112374,0.18820095097901712,0.22883790820167232,0.2350480566611438,7321,3.0
exeter,520,35,0,0,0,0.20667687725112374,0.18820095097901712,0.22883790820167232,0.2350480566611438,7321,3.0
exeter,520,36,0,0,0,0.20667687725112374,0.18820095097901712,0.22883790820167232,0.2350480566611438,7321,3.0
exeter,540,0,116,0,2,0.0,0.0,0.0,0.0,11862,3.0
exeter,540,1,1202,0,11,0.0,0.0,0.0,0.0,11862,3.0
exeter,540,2,3660,0,20,0.0,0.0,0.0,0.0,11862,3.0
exeter,540,3,7607,1,46,0.0001273095660871474,0.0,0.000385939587210501,0.00013145786775337065,11862,3.0
exeter,540,4,10215,3,59,0.00040997045290618836,9.307953345527981e-05,0.000905415521375593,0.0004251050166907966,11862,3.0
exeter,540,5,11448,30,75,0.0029168327728517885,0.0020673429484568935,0.003929525644748556,0.003044536083208871,11862,3.0
exeter,540,6,11615,61,83,0.007894751260450352,0.006392521553413896,0.009130881438383661,0.008280376229478748,11862,3.0
exeter,540,7,11471,84,100,0.0147495898335369,0.012493343769141142,0.01681595418927038,0.015542554626891691,11862,3.0
exeter,540,8,11287,110,121,0.02372616415543595,0.02071429543265488,0.026478822692597093,0.02513680633159987,11862,3.0
exeter,540,9,11056,113,98,0.032947554140659516,0.029571320001735565,0.036040823724942175,0.03510058535516436,11862,3.0
exeter,540,10,10473,138,111,0.04460908282992745,0.04063420299316281,0.04815939744670704,0.04781481425051304,11862,3.0
exeter,540,11,9168,90,83,0.05309043592854139,0.04825677574765198,0.05689803999989263,0.05716218191166633,11862,3.0
exeter,540,12,7003,91,84,0.06410534885808737,0.05870091165145289,0.06928135162211548,0.06941382284355813,11862,3.0
exeter,540,13,5740,82,61,0.0759122288397106,0.07033532076330752,0.08035620204972699,0.08270791108865005,11862,3.0
exeter,540,14,5255,68,38,0.0863405115286384,0.08090069849817584,0.09139438507843693,0.09457772308598056,11862,3.0
exeter,540,15,5115,71,38,0.09730124166818051,0.09094229213971394,0.10324982704749598,0.10714565693952804,11862,3.0
exeter,540,16,5006,66,32,0.1074900894035295,0.10111841632755994,0.11412386854245757,0.11891720840616626,11862,3.0
exeter,540,17,4908,63,48,0.11721580769636264,0.11025079006004937,0.12399872350492845,0.1302269508410504,11862,3.0
exeter,540,18,4797,99,45,0.13249907929938615,0.1253455776101033,0.1393189207302096,0.1481772389099969,11862,3.0
exeter,540,19,4560,64,33,0.142580676005942,0.13453989156782423,0.1498886202239443,0.16013264608319,11862,3.0
exeter,540,20,3986,78,36,0.15633798657694825,0.14767682141163535,0.1635939206420137,0.17656758175943466,11862,3.0
exeter,540,21,2999,57,27,0.16931792635287085,0.15955314791080175,0.17710380235256692,0.19221801451692455,11862,3.0
exeter,540,22,1797,38,24,0.18335484879650446,0.17340089170083683,0.19240153434413274,0.20929965917377302,11862,3.0
exeter,540,23,759,15,6,0.19602078411983725,0.18260608636206868,0.20791105483903422,0.2249261481229079,11862,3.0
exeter,540,24,160,1,1,0.1999155592317621,0.18601128311484577,0.21319202575868504,0.22977035969713966,11862,3.0
exeter,540,25,0,0,0,0.1999155592317621,0.18601128311484577,0.21319202575868504,0.22977035969713966,11862,3.0
exeter,540,26,0,0,0,0.1999155592317621,0.18601128311484577,0.21319202575868504,0.22977035969713966,11862,3.0
exeter,540,27,0,0,0,0.1999155592317621,0.18601128311484577,0.21319202575868504,0.22977035969713966,11862,3.0
exeter,540,28,0,0,0,0.1999155592317621,0.18601128311484577,0.21319202575868504,0.22977035969713966,11862,3.0
exeter,540,29,0,0,0,0.1999155592317621,0.18601128311484577,0.21319202575868504,0.22977035969713966,11862,3.0
exeter,540,30,0,0,0,0.1999155592317621,0.18601128311484577,0.21319202575868504,0.22977035969713966,11862,3.0
exeter,540,31,0,0,0,0.1999155592317621,0.18601128311484577,0.21319202575868504,0.22977035969713966,11862,3.0
exeter,540,32,0,0,0,0.1999155592317621,0.18601128311484577,0.21319202575868504,0.22977035969713966,11862,3.0
exeter,540,33,0,0,0,0.1999155592317621,0.18601128311484577,0.21319202575868504,0.22977035969713966,11862,3.0
exeter,540,34,0,0,0,0.1999155592317621,0.18601128311484577,0.21319202575868504,0.22977035969713966,11862,3.0
exeter,540,35,0,0,0,0.1999155592317621,0.18601128311484577,0.21319202575868504,0.22977035969713966,11862,3.0
exeter,540,36,0,0,0,0.1999155592317621,0.18601128311484577,0.21319202575868504,0.22977035969713966,11862,3.0
exeter,560,0,150,0,5,0.0,0.0,0.0,0.0,15945,3.0
exeter,560,1,1628,0,8,0.0,0.0,0.0,0.0,15945,3.0
exeter,560,2,5104,0,28,0.0,0.0,0.0,0.0,15945,3.0
exeter,560,3,10426,1,55,9.175517847020908e-05,0.0,0.00027553348769873215,9.591406100128985e-05,15945,3.0
exeter,560,4,13930,3,102,0.0002966728814284434,6.753575330405433e-05,0.0006170771375116089,0.00031125593162706355,15945,3.0
exeter,560,5,15421,22,101,0.001643877328929621,0.0009564493305953983,0.0022250105368201017,0.0017374379152534924,15945,3.0
exeter,560,6,15620,56,129,0.005002432455576369,0.003913816685344299,0.006174677825232868,0.005316356191613747,15945,3.0
exeter,560,7,15435,104,126,0.011239749119348903,0.009736060350546938,0.013095450563960793,0.012018468206908328,15945,3.0
exeter,560,8,15205,124,144,0.018676549756923844,0.016768517682077624,0.020844969346892155,0.020075667150830867,15945,3.0
exeter,560,9,14937,146,137,0.027432782765681438,0.025129427164495118,0.030278551531759335,0.029653825589337823,15945,3.0
exeter,560,10,14107,156,147,0.037151536404753105,0.034025566140823436,0.04053813903404276,0.0403842433399626,15945,3.0
exeter,560,11,12187,154,136,0.04801866572603323,0.04401886668021849,0.05222399027485024,0.052510347100169885,15945,3.0
exeter,560,12,9113,108,89,0.057967998599870604,0.053911697127097105,0.06251420279087588,0.06373923797180181,15945,3.0
exeter,560,13,7436,102,80,0.06923481082234145,0.06410576071336095,0.07404486792218477,0.07658197569730962,15945,3.0
exeter,560,14,6780,90,55,0.07987112730617846,0.07438697919447079,0.08483890492238877,0.08883973708185866,15945,3.0
exeter,560,15,6591,103,65,0.0921250625826272,0.08646916564170248,0.09781310923319722,0.10307877623837036,15945,3.0
exeter,560,16,6423,99,62,0.10390311687746628,0.09781472522137033,0.11097984285931943,0.11690334437668604,15945,3.0
exeter,560,17,6262,87,62,0.11425352822747639,0.10707467755958952,0.12143779312149089,0.12917249305749545,15945,3.0
exeter,560,18,6113,99,67,0.12603158252231547,0.1191356329241151,0.13411362159847867,0.14327553954650385,15945,3.0
exeter,560,19,5842,97,49,0.1377791102170419,0.13029980990672674,0.14663088294674742,0.15750050919114422,15945,3.0
exeter,560,20,5078,80,51,0.1486469196475201,0.1407206452930562,0.15884467299621602,0.17077344327241806,15945,3.0
exeter,560,21,3775,68,39,0.1607525077971067,0.1529912682045475,0.17061545778161352,0.18571050442671622,15945,3.0
exeter,560,22,2220,36,32,0.1713415294185734,0.16378970137774493,0.18259554282198096,0.19891519894952625,15945,3.0
exeter,560,23,910,22,10,0.18664454039680045,0.172951474284138,0.19777404374381316,0.21828208424964757,15945,3.0
exeter,560,24,170,6,1,0.20819969061960797,0.19132568677712897,0.2273889098659072,0.2458721283349541,15945,3.0
exeter,560,25,0,0,0,0.20819969061960797,0.19132568677712897,0.2273889098659072,0.2458721283349541,15945,3.0
exeter,560,26,0,0,0,0.20819969061960797,0.19132568677712897,0.2273889098659072,0.2458721283349541,15945,3.0
exeter,560,27,0,0,0,0.20819969061960797,0.19132568677712897,0.2273889098659072,0.2458721283349541,15945,3.0
exeter,560,28,0,0,0,0.20819969061960797,0.19132568677712897,0.2273889098659072,0.2458721283349541,15945,3.0
exeter,560,29,0,0,0,0.20819969061960797,0.19132568677712897,0.2273889098659072,0.2458721283349541,15945,3.0
exeter,560,30,0,0,0,0.20819969061960797,0.19132568677712897,0.2273889098659072,0.2458721283349541,15945,3.0
exeter,560,31,0,0,0,0.20819969061960797,0.19132568677712897,0.2273889098659072,0.2458721283349541,15945,3.0
exeter,560,32,0,0,0,0.20819969061960797,0.19132568677712897,0.2273889098659072,0.2458721283349541,15945,3.0
exeter,560,33,0,0,0,0.20819969061960797,0.19132568677712897,0.2273889098659072,0.2458721283349541,15945,3.0
exeter,560,34,0,0,0,0.20819969061960797,0.19132568677712897,0.2273889098659072,0.2458721283349541,15945,3.0
exeter,560,35,0,0,0,0.20819969061960797,0.19132568677712897,0.2273889098659072,0.2458721283349541,15945,3.0
exeter,560,36,0,0,0,0.20819969061960797,0.19132568677712897,0.2273889098659072,0.2458721283349541,15945,3.0
exeter,580,0,194,0,5,0.0,0.0,0.0,0.0,16991,3.0
exeter,580,1,1881,0,14,0.0,0.0,0.0,0.0,16991,3.0
exeter,580,2,5597,0,34,0.0,0.0,0.0,0.0,16991,3.0
exeter,580,3,11179,2,70,0.0001719477071990046,0.0,0.0004354597911850837,0.00017890687896948698,16991,3.0
exeter,580,4,14913,7,100,0.000620172822434551,0.00025736087551059164,0.0010576598841308478,0.0006482120256097179,16991,3.0
exeter,580,5,16473,37,134,0.002749610422304186,0.0019228016976286712,0.0035076795305192033,0.0028928557550489398,16991,3.0
exeter,580,6,16588,80,124,0.0072744172514773164,0.005975511002463655,0.008546031557053392,0.007701667639519405,16991,3.0
exeter,580,7,16384,101,167,0.012986985873308394,0.01098862457223139,0.014578495231363578,0.013818741099505316,16991,3.0
exeter,580,8,16116,127,154,0.02017011671462074,0.01787134427147158,0.02233604581195289,0.021590211680317162,16991,3.0
exeter,580,9,15835,154,160,0.028880369860779014,0.02626438781734889,0.03133778836183317,0.03110553264029381,16991,3.0
exeter,580,10,14922,168,172,0.03876389795826943,0.03558534912275763,0.04198100912877636,0.0420138740500533,16991,3.0
exeter,580,11,12857,159,146,0.04937296744242074,0.04549063213154211,0.05302480708371628,0.05386110077682016,16991,3.0
exeter,580,12,9678,118,99,0.059584466218402285,0.0553731934942032,0.0636649185822265,0.06539699560099199,16991,3.0
exeter,580,13,7968,95,92,0.06934601670249792,0.06452239981837614,0.07434554515408404,0.07653997820866087,16991,3.0
exeter,580,14,7298,103,66,0.08063004016188124,0.07596267832714759,0.08558768555964111,0.08957319035507194,16991,3.0
exeter,580,15,7087,96,61,0.09120951647804965,0.08565158976212774,0.09664455490691859,0.10190576742942126,16991,3.0
exeter,580,16,6930,82,63,0.10024615249811014,0.0937094960822115,0.10618642812238291,0.1125325678725364,16991,3.0
exeter,580,17,6785,80,52,0.10906238276158381,0.10161069746824529,0.11478978035160411,0.12299644326976511,16991,3.0
exeter,580,18,6653,103,80,0.12041327922580615,0.11299816961934811,0.12715294078275277,0.13657398217600503,16991,3.0
exeter,580,19,6330,79,63,0.12931185697969497,0.1220520988807783,0.13593152098433048,0.14734975712199172,16991,3.0
exeter,580,20,5487,108,50,0.14303117769225354,0.1351480710986008,0.1508106637539713,0.1641323753525048,16991,3.0
exeter,580,21,4083,77,37,0.15579750334683373,0.14744662355397523,0.16472578872477187,0.1798957373652056,16991,3.0
exeter,580,22,2369,41,30,0.16718622787548126,0.15780286878747313,0.17599827981665012,0.1940891838692269,16991,3.0
exeter,580,23,909,17,4,0.1791240827263263,0.1662369922699729,0.1885944107502149,0.209161223334819,16991,3.0
exeter,580,24,156,5,0,0.19911053654900804,0.181839321591489,0.220906440931656,0.2345086200228056,16991,3.0
exeter,580,25,0,0,0,0.19911053654900804,0.181839321591489,0.220906440931656,0.2345086200228056,16991,3.0
exeter,580,26,0,0,0,0.19911053654900804,0.181839321591489,0.220906440931656,0.2345086200228056,16991,3.0
exeter,580,27,0,0,0,0.19911053654900804,0.181839321591489,0.220906440931656,0.2345086200228056,16991,3.0
exeter,580,28,0,0,0,0.19911053654900804,0.181839321591489,0.220906440931656,0.2345086200228056,16991,3.0
exeter,580,29,0,0,0,0.19911053654900804,0.181839321591489,0.220906440931656,0.2345086200228056,16991,3.0
exeter,580,30,0,0,0,0.19911053654900804,0.181839321591489,0.220906440931656,0.2345086200228056,16991,3.0
exeter,580,31,0,0,0,0.19911053654900804,0.181839321591489,0.220906440931656,0.2345086200228056,16991,3.0
exeter,580,32,0,0,0,0.19911053654900804,0.181839321591489,0.220906440931656,0.2345086200228056,16991,3.0
exeter,580,33,0,0,0,0.19911053654900804,0.181839321591489,0.220906440931656,0.2345086200228056,16991,3.0
exeter,580,34,0,0,0,0.19911053654900804,0.181839321591489,0.220906440931656,0.2345086200228056,16991,3.0
exeter,580,35,0,0,0,0.19911053654900804,0.181839321591489,0.220906440931656,0.2345086200228056,16991,3.0
exeter,580,36,0,0,0,0.19911053654900804,0.181839321591489,0.220906440931656,0.2345086200228056,16991,3.0
exeter,600,0,176,0,1,0.0,0.0,0.0,0.0,15868,3.0
exeter,600,1,1837,0,13,0.0,0.0,0.0,0.0,15868,3.0
exeter,600,2,5354,1,40,0.0001844007536565098,0.0,0.000559780482786935,0.00018677624206198118,15868,3.0
exeter,600,3,10755,1,75,0.00027549524033033935,0.0,0.0007340998704454285,0.00027973888490329113,15868,3.0
exeter,600,4,14116,8,87,0.0008268117737334708,0.00036396026453945656,0.0013877538255245676,0.000846313133197496,15868,3.0
exeter,600,5,15416,33,122,0.0028952009537241874,0.0021211419985579056,0.003779874349467981,0.002985134595743122,15868,3.0
exeter,600,6,15487,51,158,0.006045154778276461,0.005023661597118249,0.007572100646622068,0.006268388817711079,15868,3.0
exeter,600,7,15278,116,155,0.013209755634120846,0.011478155234931387,0.015201327792092207,0.013813412177911766,15868,3.0
exeter,600,8,15007,113,165,0.02018906508852098,0.018254439326270695,0.022405407047390396,0.02123921909627624,15868,3.0
exeter,600,9,14729,147,174,0.0292683437592893,0.02675366735554283,0.03193545980632992,0.031007556036519834,15868,3.0
exeter,600,10,13830,134,169,0.03789058817021183,0.03512667378644256,0.04070573451905962,0.040396202999000375,15868,3.0
exeter,600,11,11897,128,141,0.04725519458595082,0.043929777901323304,0.0507374274538383,0.05072059452763178,15868,3.0
exeter,600,12,8825,104,119,0.05728062917680613,0.053346571948944266,0.0619361116027714,0.06190756995756108,15868,3.0
exeter,600,13,7194,85,97,0.0670781861818366,0.06285344897338103,0.07181492562695538,0.07299150887243555,15868,3.0
exeter,600,14,6627,79,61,0.07671316804360107,0.072141978167073,0.08153202664996959,0.08404231176953492,15868,3.0
exeter,600,15,6450,94,72,0.08824334166680392,0.08369160032908578,0.0940151796055364,0.09739115249723473,15868,3.0
exeter,600,16,6284,97,81,0.10014149955457707,0.09429553356025233,0.105950372035872,0.11132384794722971,15868,3.0
exeter,600,17,6106,81,73,0.11007707469797529,0.10413932186532218,0.11582596114836805,0.12311270617131664,15868,3.0
exeter,600,18,5952,79,80,0.11976732699832662,0.11346179366391314,0.12611480919005308,0.13475149921776597,15868,3.0
exeter,600,19,5665,81,80,0.12992739527823938,0.12251437680679295,0.13735603321956422,0.14712310178852694,15868,3.0
exeter,600,20,4790,65,58,0.1392958481451215,0.1314932661753571,0.14781410028098485,0.15869658788116703,15868,3.0
exeter,600,21,3551,68,38,0.15217687722911621,0.14455620383967727,0.15962927043467545,0.17480715730501406,15868,3.0
exeter,600,22,1981,30,21,0.16205939612800013,0.1541056071840001,0.170114039204527,0.187303767744615,15868,3.0
exeter,600,23,756,16,5,0.1755149597786851,0.1652329391787431,0.18689474180892093,0.20450368800398822,15868,3.0
exeter,600,24,114,6,1,0.2080473258420188,0.17808929486924843,0.2357209198048159,0.24637191495114663,15868,3.0
exeter,600,25,0,0,0,0.2080473258420188,0.17808929486924843,0.2357209198048159,0.24637191495114663,15868,3.0
exeter,600,26,0,0,0,0.2080473258420188,0.17808929486924843,0.2357209198048159,0.24637191495114663,15868,3.0
exeter,600,27,0,0,0,0.2080473258420188,0.17808929486924843,0.2357209198048159,0.24637191495114663,15868,3.0
exeter,600,28,0,0,0,0.2080473258420188,0.17808929486924843,0.2357209198048159,0.24637191495114663,15868,3.0
exeter,600,29,0,0,0,0.2080473258420188,0.17808929486924843,0.2357209198048159,0.24637191495114663,15868,3.0
exeter,600,30,0,0,0,0.2080473258420188,0.17808929486924843,0.2357209198048159,0.24637191495114663,15868,3.0
exeter,600,31,0,0,0,0.2080473258420188,0.17808929486924843,0.2357209198048159,0.24637191495114663,15868,3.0
exeter,600,32,0,0,0,0.2080473258420188,0.17808929486924843,0.2357209198048159,0.24637191495114663,15868,3.0
exeter,600,33,0,0,0,0.2080473258420188,0.17808929486924843,0.2357209198048159,0.24637191495114663,15868,3.0
exeter,600,34,0,0,0,0.2080473258420188,0.17808929486924843,0.2357209198048159,0.24637191495114663,15868,3.0
exeter,600,35,0,0,0,0.2080473258420188,0.17808929486924843,0.2357209198048159,0.24637191495114663,15868,3.0
exeter,600,36,0,0,0,0.2080473258420188,0.17808929486924843,0.2357209198048159,0.24637191495114663,15868,3.0
exeter,620,0,247,0,7,0.0,0.0,0.0,0.0,16779,3.0
exeter,620,1,2617,0,25,0.0,0.0,0.0,0.0,16779,3.0
exeter,620,2,6899,2,49,0.00027899049904353985,0.0,0.0005717829108106567,0.00028989708653426316,16779,3.0
exeter,620,3,12384,0,87,0.00027899049904353985,0.0,0.0005717829108106567,0.00028989708653426316,16779,3.0
exeter,620,4,15445,6,106,0.0006474796765360777,0.00020187261717348248,0.0011491645302678993,0.0006782597033992976,16779,3.0
exeter,620,5,16334,44,157,0.003184130839485504,0.002383431195691995,0.004288326425878055,0.003370200230707443,16779,3.0
exeter,620,6,16296,86,197,0.00809253866993501,0.00700943447928699,0.009537486510090698,0.008629783120997048,16779,3.0
exeter,620,7,16013,109,186,0.014313660222481477,0.012690794494639212,0.016446745670473023,0.015378009789317248,16779,3.0
exeter,620,8,15718,132,191,0.021847495497124902,0.020015081943777085,0.024355383687711483,0.023646880046844232,16779,3.0
exeter,620,9,15395,127,184,0.02909595822348638,0.026639122576173346,0.03229932241937136,0.031701238360196116,16779,3.0
exeter,620,10,14303,144,153,0.03776346253213528,0.034835627123930755,0.04165902608595687,0.041449894004196075,16779,3.0
exeter,620,11,11952,124,149,0.04650981141320361,0.04334375087064533,0.050383563061847055,0.05139469095395177,16779,3.0
exeter,620,12,8892,100,117,0.055774083809376776,0.052397350887070725,0.06057960869779242,0.062062766854154794,16779,3.0
exeter,620,13,7642,69,115,0.0630305112492346,0.05878776578901837,0.06780277707953673,0.07053144901681685,16779,3.0
exeter,620,14,7200,57,73,0.06923975207702888,0.06530020340067282,0.07393414597593644,0.07788974171210039,16779,3.0
exeter,620,15,7038,87,92,0.07876010509988722,0.074030751934037,0.08396098752487095,0.08928837661847255,16779,3.0
exeter,620,16,6859,72,95,0.08663901794639067,0.08196148149281253,0.09205785778513786,0.09884825952902365,16779,3.0
exeter,620,17,6692,78,78,0.09517450686343608,0.0906578015863402,0.10138017321858175,0.10935182135758559,16779,3.0
exeter,620,18,6536,77,86,0.10360056643539116,0.09845161467510383,0.10970420517982214,0.11984446360903389,16779,3.0
exeter,620,19,6196,98,97,0.11463099496888748,0.10860426730420072,0.12100487653104672,0.1337655808728032,16779,3.0
exeter,620,20,4959,60,61,0.12280334723249126,0.11596043102535511,0.12888822307944955,0.14424633609515292,16779,3.0
exeter,620,21,3521,65,38,0.13496826068669687,0.12846551726243802,0.14260169734578013,0.16004411745096525,16779,3.0
exeter,620,22,1849,36,24,0.14742296194486632,0.14000387837574557,0.15650242324072688,0.17639804485592214,16779,3.0
exeter,620,23,529,13,3,0.1626329486683092,0.15150697545575031,0.17403120898564944,0.19663779044547414,16779,3.0
exeter,620,24,77,1,1,0.17042787692917455,0.1518649464215847,0.19393107056108227,0.20707106589423419,16779,3.0
exeter,620,25,0,0,0,0.17042787692917455,0.1518649464215847,0.19393107056108227,0.20707106589423419,16779,3.0
exeter,620,26,0,0,0,0.17042787692917455,0.1518649464215847,0.19393107056108227,0.20707106589423419,16779,3.0
exeter,620,27,0,0,0,0.17042787692917455,0.1518649464215847,0.19393107056108227,0.20707106589423419,16779,3.0
exeter,620,28,0,0,0,0.17042787692917455,0.1518649464215847,0.19393107056108227,0.20707106589423419,16779,3.0
exeter,620,29,0,0,0,0.17042787692917455,0.1518649464215847,0.19393107056108227,0.20707106589423419,16779,3.0
exeter,620,30,0,0,0,0.17042787692917455,0.1518649464215847,0.19393107056108227,0.20707106589423419,16779,3.0
exeter,620,31,0,0,0,0.17042787692917455,0.1518649464215847,0.19393107056108227,0.20707106589423419,16779,3.0
exeter,620,32,0,0,0,0.17042787692917455,0.1518649464215847,0.19393107056108227,0.20707106589423419,16779,3.0
exeter,620,33,0,0,0,0.17042787692917455,0.1518649464215847,0.19393107056108227,0.20707106589423419,16779,3.0
exeter,620,34,0,0,0,0.17042787692917455,0.1518649464215847,0.19393107056108227,0.20707106589423419,16779,3.0
exeter,620,35,0,0,0,0.17042787692917455,0.1518649464215847,0.19393107056108227,0.20707106589423419,16779,3.0
exeter,620,36,0,0,0,0.17042787692917455,0.1518649464215847,0.19393107056108227,0.20707106589423419,16779,3.0
exeter,640,0,175,0,5,0.0,0.0,0.0,0.0,7184,3.0
exeter,640,1,1330,0,14,0.0,0.0,0.0,0.0,7184,3.0
exeter,640,2,3028,1,21,0.00031743824554781935,0.0,0.0009670133961519939,0.00033025099075301156,7184,3.0
exeter,640,3,5104,0,44,0.00031743824554781935,0.0,0.0009670133961519939,0.00033025099075301156,7184,3.0
exeter,640,4,6559,4,61,0.0008943513951733703,0.0002767550552130695,0.0017686756152999051,0.0009398986498529993,7184,3.0
exeter,640,5,6967,11,61,0.0023731519524559743,0.001393742100478417,0.003617369542366005,0.0025172864946716444,7184,3.0
exeter,640,6,6962,40,78,0.007698857649598151,0.005729331567089177,0.009683717889088783,0.008248298925038311,7184,3.0
exeter,640,7,6844,38,78,0.012758278061883219,0.010169525884999529,0.01548627217187019,0.013754810415518737,7184,3.0
exeter,640,8,6728,55,89,0.02008112339545371,0.016964924620430477,0.023276177493719238,0.021817159616937642,7184,3.0
exeter,640,9,6584,57,92,0.027670254013881315,0.02334860948723834,0.031819799078644774,0.030285631959257597,7184,3.0
exeter,640,10,6322,53,70,0.0348529436553667,0.030047358501504428,0.03864715225117337,0.03841515766412307,7184,3.0
exeter,640,11,5867,46,82,0.04143974569822273,0.03694310940785114,0.0459286921106299,0.045954428628406374,7184,3.0
exeter,640,12,5225,63,72,0.0513482307667016,0.04613611786739892,0.0570432251569846,0.05745775322102076,7184,3.0
exeter,640,13,4876,43,69,0.05840797960760024,0.052203975983648836,0.06410110596254992,0.06576975416677466,7184,3.0
exeter,640,14,4694,48,66,0.06640615088486648,0.05938824640483087,0.07297315206647911,0.07532302468232532,7184,3.0
exeter,640,15,4576,57,68,0.07591228157416538,0.06897790421110034,0.08311886342458104,0.08684107267032959,7184,3.0
exeter,640,16,4451,48,62,0.08391744425989077,0.07707446226353867,0.09108904644274375,0.09668866388844333,7184,3.0
exeter,640,17,4341,54,59,0.09292325228133183,0.08542072563456966,0.10033710885214112,0.10792543240952701,7184,3.0
exeter,640,18,4228,60,53,0.10292970563848858,0.09445031365318182,0.11077108408183367,0.12058495796662927,7184,3.0
exeter,640,19,3985,45,52,0.11067937105217114,0.10278304435776528,0.1188661391568916,0.1305156171614854,7184,3.0
exeter,640,20,3151,38,45,0.1187541731741015,0.11011344784744037,0.1276935741633036,0.14100130632297814,7184,3.0
exeter,640,21,2201,27,37,0.12675154648016124,0.11889278349875923,0.13628698919843205,0.15153877326040643,7184,3.0
exeter,640,22,1155,17,17,0.13606809529644612,0.12651374764814405,0.1476194776686504,0.16402694716046973,7184,3.0
exeter,640,23,303,6,6,0.14823332677350534,0.1350971408424902,0.16211443589334112,0.18058086899887626,7184,3.0
exeter,640,24,39,2,0,0.17849044096003724,0.14243300652535654,0.22926130577985113,0.2226023628963698,7184,3.0
exeter,640,25,0,0,0,0.17849044096003724,0.14243300652535654,0.22926130577985113,0.2226023628963698,7184,3.0
exeter,640,26,0,0,0,0.17849044096003724,0.14243300652535654,0.22926130577985113,0.2226023628963698,7184,3.0
exeter,640,27,0,0,0,0.17849044096003724,0.14243300652535654,0.22926130577985113,0.2226023628963698,7184,3.0
exeter,640,28,0,0,0,0.17849044096003724,0.14243300652535654,0.22926130577985113,0.2226023628963698,7184,3.0
exeter,640,29,0,0,0,0.17849044096003724,0.14243300652535654,0.22926130577985113,0.2226023628963698,7184,3.0
exeter,640,30,0,0,0,0.17849044096003724,0.14243300652535654,0.22926130577985113,0.2226023628963698,7184,3.0
exeter,640,31,0,0,0,0.17849044096003724,0.14243300652535654,0.22926130577985113,0.2226023628963698,7184,3.0
exeter,640,32,0,0,0,0.17849044096003724,0.14243300652535654,0.22926130577985113,0.2226023628963698,7184,3.0
exeter,640,33,0,0,0,0.17849044096003724,0.14243300652535654,0.22926130577985113,0.2226023628963698,7184,3.0
exeter,640,34,0,0,0,0.17849044096003724,0.14243300652535654,0.22926130577985113,0.2226023628963698,7184,3.0
exeter,640,35,0,0,0,0.17849044096003724,0.14243300652535654,0.22926130577985113,0.2226023628963698,7184,3.0
exeter,640,36,0,0,0,0.17849044096003724,0.14243300652535654,0.22926130577985113,0.2226023628963698,7184,3.0
exeter,660,0,92,0,1,0.0,0.0,0.0,0.0,4376,3.0
exeter,660,1,802,0,4,0.0,0.0,0.0,0.0,4376,3.0
exeter,660,2,1756,0,7,0.0,0.0,0.0,0.0,4376,3.0
exeter,660,3,3016,1,19,0.00032502446249452373,0.0,0.0010106723697361469,0.0003315649867373649,4376,3.0
exeter,660,4,3990,1,28,0.0005690779185430434,0.0,0.001538819291740185,0.0005821084541592914,4376,3.0
exeter,660,5,4258,10,37,0.00283938261419402,0.0015835284186930718,0.004638334795196755,0.002929261792688709,4376,3.0
exeter,660,6,4268,25,34,0.008439343411632085,0.00581204079874473,0.011741938923697886,0.008769648028673416,4376,3.0
exeter,660,7,4209,23,58,0.013591307345275104,0.010333964100414128,0.017605213701576104,0.014186207329063172,4376,3.0
exeter,660,8,4128,28,56,0.019863263438405738,0.01595972742736991,0.02383307383898663,0.020872928790978462,4376,3.0
exeter,660,9,4044,22,53,0.024791228940151233,0.020493465529828902,0.029709147330045583,0.026199535014172937,4376,3.0
exeter,660,10,3901,36,65,0.03299573853852232,0.028266453380447858,0.038280994603506396,0.03518615812093784,4376,3.0
exeter,660,11,3613,35,46,0.04138519464289353,0.035435895247257515,0.04680205089349578,0.04453254186457667,4376,3.0
exeter,660,12,3254,33,52,0.049971035767672624,0.042871183363024895,0.05621359876315759,0.05422228560104536,4376,3.0
exeter,660,13,3020,27,54,0.05734240165327842,0.05089845373354317,0.06431969907385292,0.06267791417348634,4376,3.0
exeter,660,14,2905,36,48,0.0672859217165236,0.061066295732792805,0.07532766605880092,0.07429360955722286,4376,3.0
exeter,660,15,2812,35,29,0.0769841737854792,0.06910007778727825,0.08459042171855741,0.08581555965163856,4376,3.0
exeter,660,16,2748,35,39,0.0866824258544348,0.07786540273145486,0.09491355242084683,0.0974591023780551,4376,3.0
exeter,660,17,2674,32,36,0.09554939917462277,0.08543957329391129,0.10409108748973404,0.10825989098086075,4376,3.0
exeter,660,18,2606,21,46,0.10136835041599612,0.09238497030496444,0.11078404513938903,0.11544582432291828,4376,3.0
exeter,660,19,2475,27,46,0.10904332039098155,0.09961230731016994,0.11920875003596687,0.12509550623939547,4376,3.0
exeter,660,20,1950,17,25,0.11499583176721241,0.10406220516405887,0.12454808496830745,0.13272287874910327,4376,3.0
exeter,660,21,1414,18,22,0.12350040996445315,0.1136865987236503,0.13329393514412793,0.14376318156559276,4376,3.0
exeter,660,22,749,8,10,0.13043427167221686,0.11961472928337176,0.14197518400578066,0.1529085681443314,4376,3.0
exeter,660,23,207,5,3,0.14573817538107936,0.13150320797244383,0.1640729825542004,0.17336971384132827,4376,3.0
exeter,660,24,26,1,0,0.1691649202892612,0.13440583093680558,0.22421835251375383,0.2051631863858926,4376,3.0
exeter,660,25,0,0,0,0.1691649202892612,0.13440583093680558,0.22421835251375383,0.2051631863858926,4376,3.0
exeter,660,26,0,0,0,0.1691649202892612,0.13440583093680558,0.22421835251375383,0.2051631863858926,4376,3.0
exeter,660,27,0,0,0,0.1691649202892612,0.13440583093680558,0.22421835251375383,0.2051631863858926,4376,3.0
exeter,660,28,0,0,0,0.1691649202892612,0.13440583093680558,0.22421835251375383,0.2051631863858926,4376,3.0
exeter,660,29,0,0,0,0.1691649202892612,0.13440583093680558,0.22421835251375383,0.2051631863858926,4376,3.0
exeter,660,30,0,0,0,0.1691649202892612,0.13440583093680558,0.22421835251375383,0.2051631863858926,4376,3.0
exeter,660,31,0,0,0,0.1691649202892612,0.13440583093680558,0.22421835251375383,0.2051631863858926,4376,3.0
exeter,660,32,0,0,0,0.1691649202892612,0.13440583093680558,0.22421835251375383,0.2051631863858926,4376,3.0
exeter,660,33,0,0,0,0.1691649202892612,0.13440583093680558,0.22421835251375383,0.2051631863858926,4376,3.0
exeter,660,34,0,0,0,0.1691649202892612,0.13440583093680558,0.22421835251375383,0.2051631863858926,4376,3.0
exeter,660,35,0,0,0,0.1691649202892612,0.13440583093680558,0.22421835251375383,0.2051631863858926,4376,3.0
exeter,660,36,0,0,0,0.1691649202892612,0.13440583093680558,0.22421835251375383,0.2051631863858926,4376,3.0
exeter,680,0,54,0,2,0.0,0.0,0.0,0.0,2957,3.0
exeter,680,1,528,0,3,0.0,0.0,0.0,0.0,2957,3.0
exeter,680,2,1200,0,12,0.0,0.0,0.0,0.0,2957,3.0
exeter,680,3,2063,0,19,0.0,0.0,0.0,0.0,2957,3.0
exeter,680,4,2696,2,24,0.0006967258604214523,0.0,0.0017301693822857334,0.0007418397626113293,2957,3.0
exeter,680,5,2866,5,29,0.002319421295980836,0.0006537102582608373,0.004315004341280071,0.002485137320596964,2957,3.0
exeter,680,6,2861,10,35,0.0055319158597726395,0.002877602209235553,0.008295916169574135,0.005971732436568344,2957,3.0
exeter,680,7,2816,12,35,0.009386909336322804,0.006164828763027144,0.013062617966699885,0.010207648349480736,2957,3.0
exeter,680,8,2769,23,42,0.01677564683304395,0.011879289296124643,0.021769485626687648,0.018429108836285346,2957,3.0
exeter,680,9,2704,24,41,0.02448563378614428,0.018523735573706207,0.030648498772646214,0.027141276509336065,2957,3.0
exeter,680,10,2604,27,33,0.03327595157239072,0.026619923674037822,0.040514915939921785,0.03722852133815635,2957,3.0
exeter,680,11,2403,19,38,0.03982469158126864,0.032885099762237906,0.04707997873147804,0.04484094667921956,2957,3.0
exeter,680,12,2164,18,34,0.04655054509559145,0.03891377097298804,0.05486526886896007,0.05278589259408739,2957,3.0
exeter,680,13,2021,17,46,0.05318876172592424,0.044065979052965054,0.062041117754580766,0.06075355208241029,2957,3.0
exeter,680,14,1930,23,31,0.06230017433581167,0.0518816849127885,0.0716576656642515,0.07194664446692045,2957,3.0
exeter,680,15,1871,17,38,0.0690526938198014,0.05948234552480523,0.07935765878070383,0.08037898388117082,2957,3.0
exeter,680,16,1816,25,33,0.07898286953155101,0.06792911279164139,0.09012617759564903,0.09303896482994323,2957,3.0
exeter,680,17,1758,17,39,0.08573538901554074,0.07490490433609738,0.09725231024594354,0.1018093502667412,2957,3.0
exeter,680,18,1702,25,23,0.09566556472729035,0.08341811859838164,0.10675002166862264,0.1150025149220476,2957,3.0
exeter,680,19,1619,21,37,0.1041872379372202,0.09124121425734416,0.11500632778559092,0.12648179051601727,2957,3.0
exeter,680,20,1276,22,22,0.11510869268327972,0.10277799503032889,0.1270540918813094,0.14154244930022386,2957,3.0
exeter,680,21,893,9,20,0.12127264922528869,0.10822708802786865,0.13433834534010106,0.1501943171124276,2957,3.0
exeter,680,22,439,6,5,0.12936020951730956,0.1132420335214447,0.14389890853465392,0.1618089733705721,2957,3.0
exeter,680,23,92,2,1,0.14190178852087815,0.1214900660944418,0.16824238332964458,0.18003051742773357,2957,3.0
exeter,680,24,6,0,0,0.14190178852087815,0.1214900660944418,0.16824238332964458,0.18003051742773357,2957,3.0
exeter,680,25,0,0,0,0.14190178852087815,0.1214900660944418,0.16824238332964458,0.18003051742773357,2957,3.0
exeter,680,26,0,0,0,0.14190178852087815,0.1214900660944418,0.16824238332964458,0.18003051742773357,2957,3.0
exeter,680,27,0,0,0,0.14190178852087815,0.1214900660944418,0.16824238332964458,0.18003051742773357,2957,3.0
exeter,680,28,0,0,0,0.14190178852087815,0.1214900660944418,0.16824238332964458,0.18003051742773357,2957,3.0
exeter,680,29,0,0,0,0.14190178852087815,0.1214900660944418,0.16824238332964458,0.18003051742773357,2957,3.0
exeter,680,30,0,0,0,0.14190178852087815,0.1214900660944418,0.16824238332964458,0.18003051742773357,2957,3.0
exeter,680,31,0,0,0,0.14190178852087815,0.1214900660944418,0.16824238332964458,0.18003051742773357,2957,3.0
exeter,680,32,0,0,0,0.14190178852087815,0.1214900660944418,0.16824238332964458,0.18003051742773357,2957,3.0
exeter,680,33,0,0,0,0.14190178852087815,0.1214900660944418,0.16824238332964458,0.18003051742773357,2957,3.0
exeter,680,34,0,0,0,0.14190178852087815,0.1214900660944418,0.16824238332964458,0.18003051742773357,2957,3.0
exeter,680,35,0,0,0,0.14190178852087815,0.1214900660944418,0.16824238332964458,0.18003051742773357,2957,3.0
exeter,680,36,0,0,0,0.14190178852087815,0.1214900660944418,0.16824238332964458,0.18003051742773357,2957,3.0
exeter,700,0,32,0,0,0.0,0.0,0.0,0.0,1560,3.0
exeter,700,1,272,0,4,0.0,0.0,0.0,0.0,1560,3.0
exeter,700,2,638,0,8,0.0,0.0,0.0,0.0,1560,3.0
exeter,700,3,1101,1,5,0.0008836869504748421,0.0,0.0027213450069090415,0.0009082652134423386,1560,3.0
exeter,700,4,1420,0,16,0.0008836869504748421,0.0,0.0027213450069090415,0.0009082652134423386,1560,3.0
exeter,700,5,1508,2,10,0.0021525652744568092,0.0,0.005096160782862844,0.002233320564618113,1560,3.0
exeter,700,6,1514,12,24,0.009675320780442368,0.004424356918687436,0.017039413663454652,0.010141642990790234,1560,3.0
exeter,700,7,1478,8,18,0.014690491117766075,0.008730888511979309,0.02167505412075523,0.015499469009784606,1560,3.0
exeter,700,8,1452,11,17,0.021586350331586172,0.013726681331032501,0.02971751653128441,0.02295780636577105,1560,3.0
exeter,700,9,1424,15,25,0.030989794714068125,0.022646826679561374,0.04017377846414661,0.03324968340545742,1560,3.0
exeter,700,10,1363,15,20,0.04053811975101238,0.03053955281483342,0.05108486108386274,0.04388890185660799,1560,3.0
exeter,700,11,1252,12,23,0.04864046840855997,0.03779604063497969,0.06065363860606188,0.05305290599216772,1560,3.0
exeter,700,12,1099,12,19,0.05761276896928373,0.04477852846419409,0.07014224913711235,0.06339263768288106,1560,3.0
exeter,700,13,1007,16,16,0.07030051077511355,0.05696103135924345,0.08371700835550097,0.07827418465117686,1560,3.0
exeter,700,14,963,5,15,0.07431483718369483,0.06077916170387624,0.08982523562060936,0.08305988462702751,1560,3.0
exeter,700,15,941,9,17,0.0815559823972186,0.06585178525702268,0.09595754571460301,0.0918297688335703,1560,3.0
exeter,700,16,915,12,10,0.09121084268191697,0.0763674514521548,0.10748775338037274,0.10374019809476931,1560,3.0
exeter,700,17,893,10,13,0.09925655958583227,0.0824075216877805,0.11631465913039767,0.1137767020354774,1560,3.0
exeter,700,18,870,9,17,0.10649770479935604,0.08929757720274792,0.12277599698367551,0.12294452925580002,1560,3.0
exeter,700,19,822,16,17,0.11971538862788064,0.10091625284232596,0.1373919328579249,0.14001616858902044,1560,3.0
exeter,700,20,653,8,8,0.12770065091019758,0.11081769062677287,0.14947334118089087,0.15055195825408596,1560,3.0
exeter,700,21,452,6,6,0.13614082581147394,0.11601165399580382,0.15761047290337962,0.16182781721531492,1560,3.0
exeter,700,22,220,3,2,0.1445810007127503,0.12440559138296955,0.16909248823185863,0.17325743788965153,1560,3.0
exeter,700,23,65,2,0,0.16319266844376995,0.13272287550922418,0.19809016325224296,0.19869567056996995,1560,3.0
exeter,700,24,10,0,0,0.16319266844376995,0.13272287550922418,0.19809016325224296,0.19869567056996995,1560,3.0
exeter,700,25,0,0,0,0.16319266844376995,0.13272287550922418,0.19809016325224296,0.19869567056996995,1560,3.0
exeter,700,26,0,0,0,0.16319266844376995,0.13272287550922418,0.19809016325224296,0.19869567056996995,1560,3.0
exeter,700,27,0,0,0,0.16319266844376995,0.13272287550922418,0.19809016325224296,0.19869567056996995,1560,3.0
exeter,700,28,0,0,0,0.16319266844376995,0.13272287550922418,0.19809016325224296,0.19869567056996995,1560,3.0
exeter,700,29,0,0,0,0.16319266844376995,0.13272287550922418,0.19809016325224296,0.19869567056996995,1560,3.0
exeter,700,30,0,0,0,0.16319266844376995,0.13272287550922418,0.19809016325224296,0.19869567056996995,1560,3.0
exeter,700,31,0,0,0,0.16319266844376995,0.13272287550922418,0.19809016325224296,0.19869567056996995,1560,3.0
exeter,700,32,0,0,0,0.16319266844376995,0.13272287550922418,0.19809016325224296,0.19869567056996995,1560,3.0
exeter,700,33,0,0,0,0.16319266844376995,0.13272287550922418,0.19809016325224296,0.19869567056996995,1560,3.0
exeter,700,34,0,0,0,0.16319266844376995,0.13272287550922418,0.19809016325224296,0.19869567056996995,1560,3.0
exeter,700,35,0,0,0,0.16319266844376995,0.13272287550922418,0.19809016325224296,0.19869567056996995,1560,3.0
exeter,700,36,0,0,0,0.16319266844376995,0.13272287550922418,0.19809016325224296,0.19869567056996995,1560,3.0
exeter,720,0,30,0,0,0.0,0.0,0.0,0.0,841,3.0
exeter,720,1,164,0,4,0.0,0.0,0.0,0.0,841,3.0
exeter,720,2,337,0,4,0.0,0.0,0.0,0.0,841,3.0
exeter,720,3,568,0,5,0.0,0.0,0.0,0.0,841,3.0
exeter,720,4,764,0,7,0.0,0.0,0.0,0.0,841,3.0
exeter,720,5,816,1,12,0.0011602802198079757,0.0,0.00460451754289243,0.001225490196078427,841,3.0
exeter,720,6,808,5,13,0.006925781559571619,0.002271417051090912,0.01273412715256223,0.0074060255290234744,841,3.0
exeter,720,7,790,8,11,0.016150583703193448,0.009106238686914545,0.02521679059613001,0.017457610080628405,841,3.0
exeter,720,8,771,5,14,0.02191608504295709,0.013678316790039969,0.031172677745190804,0.023829480313568574,841,3.0
exeter,720,9,752,5,12,0.02768158638272073,0.01845609620822623,0.03706699525657751,0.030319975790207065,841,3.0
exeter,720,10,727,6,19,0.03467632115805984,0.025101307061752967,0.04620084948346142,0.03832283706291506,841,3.0
exeter,720,11,669,8,9,0.04446267653880335,0.032311402422539666,0.060475520784884045,0.04982271345080247,841,3.0
exeter,720,12,596,7,8,0.05383032040577343,0.037564893101637756,0.07108457721629725,0.06098251379617892,841,3.0
exeter,720,13,559,7,7,0.06356663719774056,0.045091588940991766,0.07947654719917306,0.07274123008137878,841,3.0
exeter,720,14,534,9,11,0.0763426227152897,0.058398172553588035,0.09674806825735253,0.08836918687776008,841,3.0
exeter,720,15,514,6,8,0.0848599463936558,0.06752049389752603,0.10490940594889069,0.09901079170019866,841,3.0
exeter,720,16,500,9,15,0.09763593191120494,0.07805151772397242,0.11982592713686727,0.11522859744959513,841,3.0
exeter,720,17,476,4,7,0.10331414769678234,0.08355917609537479,0.12596793628723135,0.12266365125253964,841,3.0
exeter,720,18,465,2,8,0.10615325558957103,0.08496247861198047,0.1288466524142095,0.1264371409245717,841,3.0
exeter,720,19,437,9,15,0.11945548307351808,0.0952600108854922,0.1416234231607916,0.14442813802223498,841,3.0
exeter,720,20,341,2,9,0.12303568506170325,0.10034218224735386,0.14652236425044973,0.14944615480802836,841,3.0
exeter,720,21,243,1,6,0.12546668641170552,0.10098641081207327,0.14898611079253213,0.15294637639318054,841,3.0
exeter,720,22,128,2,2,0.1344310038898389,0.10767041871699444,0.16384399151681717,0.16618158926203708,841,3.0
exeter,720,23,27,0,1,0.1344310038898389,0.10767041871699444,0.16384399151681717,0.16618158926203708,841,3.0
exeter,720,24,4,0,0,0.1344310038898389,0.10767041871699444,0.16384399151681717,0.16618158926203708,841,3.0
exeter,720,25,0,0,0,0.1344310038898389,0.10767041871699444,0.16384399151681717,0.16618158926203708,841,3.0
exeter,720,26,0,0,0,0.1344310038898389,0.10767041871699444,0.16384399151681717,0.16618158926203708,841,3.0
exeter,720,27,0,0,0,0.1344310038898389,0.10767041871699444,0.16384399151681717,0.16618158926203708,841,3.0
exeter,720,28,0,0,0,0.1344310038898389,0.10767041871699444,0.16384399151681717,0.16618158926203708,841,3.0
exeter,720,29,0,0,0,0.1344310038898389,0.10767041871699444,0.16384399151681717,0.16618158926203708,841,3.0
exeter,720,30,0,0,0,0.1344310038898389,0.10767041871699444,0.16384399151681717,0.16618158926203708,841,3.0
exeter,720,31,0,0,0,0.1344310038898389,0.10767041871699444,0.16384399151681717,0.16618158926203708,841,3.0
exeter,720,32,0,0,0,0.1344310038898389,0.10767041871699444,0.16384399151681717,0.16618158926203708,841,3.0
exeter,720,33,0,0,0,0.1344310038898389,0.10767041871699444,0.16384399151681717,0.16618158926203708,841,3.0
exeter,720,34,0,0,0,0.1344310038898389,0.10767041871699444,0.16384399151681717,0.16618158926203708,841,3.0
exeter,720,35,0,0,0,0.1344310038898389,0.10767041871699444,0.16384399151681717,0.16618158926203708,841,3.0
exeter,720,36,0,0,0,0.1344310038898389,0.10767041871699444,0.16384399151681717,0.16618158926203708,841,3.0
exeter,740,0,6,0,0,0.0,0.0,0.0,0.0,371,3.0
exeter,740,1,67,0,0,0.0,0.0,0.0,0.0,371,3.0
exeter,740,2,154,0,2,0.0,0.0,0.0,0.0,371,3.0
exeter,740,3,253,0,2,0.0,0.0,0.0,0.0,371,3.0
exeter,740,4,338,0,2,0.0,0.0,0.0,0.0,371,3.0
exeter,740,5,359,0,5,0.0,0.0,0.0,0.0,371,3.0
exeter,740,6,360,2,5,0.005332550204076886,0.0,0.01593811001612432,0.005555555555555536,371,3.0
exeter,740,7,353,1,8,0.007998825306115329,0.0,0.018635606735926548,0.008372678627636132,371,3.0
exeter,740,8,344,2,4,0.013331375510192214,0.0026772046216568773,0.02424826849709969,0.014137953751894083,371,3.0
exeter,740,9,338,1,10,0.015997650612230657,0.00536104535608264,0.026886969367016934,0.01705470536801279,371,3.0
exeter,740,10,325,6,7,0.032093748305151965,0.016005056921104537,0.05615924849572504,0.03520138773044945,371,3.0
exeter,740,11,295,5,6,0.04628013949213345,0.024359202528126064,0.07205521507694106,0.05155390658247572,371,3.0
exeter,740,12,261,2,4,0.05245475266776984,0.031005875203490987,0.07483214583912441,0.058821692738931786,371,3.0
exeter,740,13,246,2,4,0.058855266325441705,0.0369094580278656,0.08522623692858075,0.06647354889552592,371,3.0
exeter,740,14,235,1,7,0.062123613725103936,0.03913673386936366,0.08629608068263613,0.07044600187894923,371,3.0
exeter,740,15,227,1,8,0.06539196112476617,0.042200504710812665,0.09078791677660607,0.0745409534125222,371,3.0
exeter,740,16,218,2,4,0.07192865592409063,0.04619879058622518,0.10043278080737085,0.08303140338121462,371,3.0
exeter,740,17,212,1,5,0.07519700332375286,0.04952717731683453,0.10720661641859751,0.08735672695017116,371,3.0
exeter,740,18,206,2,5,0.0817336981230773,0.05432606723872361,0.1118416288230479,0.09621734125162584,371,3.0
exeter,740,19,194,3,4,0.09179144759523375,0.05914395451752272,0.12260167867355128,0.11019336174773464,371,3.0
exeter,740,20,152,0,0,0.09179144759523375,0.05914395451752272,0.12260167867355128,0.11019336174773464,371,3.0
exeter,740,21,108,0,0,0.09179144759523375,0.05914395451752272,0.12260167867355128,0.11019336174773464,371,3.0
exeter,740,22,59,2,0,0.11304341540645697,0.07669931220317852,0.1581218976119043,0.14035629863764199,371,3.0
exeter,740,23,15,0,1,0.11304341540645697,0.07669931220317852,0.1581218976119043,0.14035629863764199,371,3.0
exeter,740,24,3,0,0,0.11304341540645697,0.07669931220317852,0.1581218976119043,0.14035629863764199,371,3.0
exeter,740,25,0,0,0,0.11304341540645697,0.07669931220317852,0.1581218976119043,0.14035629863764199,371,3.0
exeter,740,26,0,0,0,0.11304341540645697,0.07669931220317852,0.1581218976119043,0.14035629863764199,371,3.0
exeter,740,27,0,0,0,0.11304341540645697,0.07669931220317852,0.1581218976119043,0.14035629863764199,371,3.0
exeter,740,28,0,0,0,0.11304341540645697,0.07669931220317852,0.1581218976119043,0.14035629863764199,371,3.0
exeter,740,29,0,0,0,0.11304341540645697,0.07669931220317852,0.1581218976119043,0.14035629863764199,371,3.0
exeter,740,30,0,0,0,0.11304341540645697,0.07669931220317852,0.1581218976119043,0.14035629863764199,371,3.0
exeter,740,31,0,0,0,0.11304341540645697,0.07669931220317852,0.1581218976119043,0.14035629863764199,371,3.0
exeter,740,32,0,0,0,0.11304341540645697,0.07669931220317852,0.1581218976119043,0.14035629863764199,371,3.0
exeter,740,33,0,0,0,0.11304341540645697,0.07669931220317852,0.1581218976119043,0.14035629863764199,371,3.0
exeter,740,34,0,0,0,0.11304341540645697,0.07669931220317852,0.1581218976119043,0.14035629863764199,371,3.0
exeter,740,35,0,0,0,0.11304341540645697,0.07669931220317852,0.1581218976119043,0.14035629863764199,371,3.0
exeter,740,36,0,0,0,0.11304341540645697,0.07669931220317852,0.1581218976119043,0.14035629863764199,371,3.0
exeter,760,0,8,0,0,0.0,0.0,0.0,0.0,191,2.0
exeter,760,1,43,0,2,0.0,0.0,0.0,0.0,191,2.0
exeter,760,2,95,0,3,0.0,0.0,0.0,0.0,191,2.0
exeter,760,3,142,0,5,0.0,0.0,0.0,0.0,191,2.0
exeter,760,4,170,0,4,0.0,0.0,0.0,0.0,191,2.0
exeter,760,5,174,1,4,0.004999444647473418,0.0,0.015247842756724615,0.005747126436781658,191,2.0
exeter,760,6,172,1,5,0.009911689679002533,0.0,0.025758369634871554,0.011527666399358538,191,2.0
exeter,760,7,166,1,5,0.014823934710531648,0.0,0.030536186507276346,0.017482319011410508,191,2.0
exeter,760,8,160,3,1,0.02956066980511899,0.009442318995427395,0.05535514256380406,0.03590452552994661,191,2.0
exeter,760,9,156,1,6,0.034472914836648105,0.014376635692191667,0.061687093832016704,0.04208462472526742,191,2.0
exeter,760,10,146,0,3,0.034472914836648105,0.014376635692191667,0.061687093832016704,0.04208462472526742,191,2.0
exeter,760,11,137,4,1,0.05540386271921802,0.025438528631408833,0.09127757849344718,0.07005295685007706,191,2.0
exeter,760,12,123,0,1,0.05540386271921802,0.025438528631408833,0.09127757849344718,0.07005295685007706,191,2.0
exeter,760,13,119,0,3,0.05540386271921802,0.025438528631408833,0.09127757849344718,0.07005295685007706,191,2.0
exeter,760,14,116,2,2,0.06691824355890189,0.031216275676940967,0.10365235185050932,0.08608652655955851,191,2.0
exeter,760,15,112,0,2,0.06691824355890189,0.031216275676940967,0.10365235185050932,0.08608652655955851,191,2.0
exeter,760,16,110,0,1,0.06691824355890189,0.031216275676940967,0.10365235185050932,0.08608652655955851,191,2.0
exeter,760,17,109,1,2,0.07267543397874382,0.036832984610421594,0.109726776542526,0.09447105383882859,191,2.0
exeter,760,18,106,1,2,0.07843262439858575,0.04230560527799324,0.11527776383872725,0.10301377974600945,191,2.0
exeter,760,19,101,0,2,0.07843262439858575,0.04230560527799324,0.11527776383872725,0.10301377974600945,191,2.0
exeter,760,20,76,1,2,0.08608062735730491,0.04913567581607029,0.12393466742936346,0.1148162300125094,191,2.0
exeter,760,21,45,0,2,0.08608062735730491,0.04913567581607029,0.12393466742936346,0.1148162300125094,191,2.0
exeter,760,22,20,0,0,0.08608062735730491,0.04913567581607029,0.12393466742936346,0.1148162300125094,191,2.0
exeter,760,23,5,1,0,0.1927787664125024,0.061058991703650624,0.452704481864701,0.2918529840100075,191,2.0
exeter,760,24,2,0,0,0.1927787664125024,0.061058991703650624,0.452704481864701,0.2918529840100075,191,2.0
exeter,760,25,0,0,0,0.1927787664125024,0.061058991703650624,0.452704481864701,0.2918529840100075,191,2.0
exeter,760,26,0,0,0,0.1927787664125024,0.061058991703650624,0.452704481864701,0.2918529840100075,191,2.0
exeter,760,27,0,0,0,0.1927787664125024,0.061058991703650624,0.452704481864701,0.2918529840100075,191,2.0
exeter,760,28,0,0,0,0.1927787664125024,0.061058991703650624,0.452704481864701,0.2918529840100075,191,2.0
exeter,760,29,0,0,0,0.1927787664125024,0.061058991703650624,0.452704481864701,0.2918529840100075,191,2.0
exeter,760,30,0,0,0,0.1927787664125024,0.061058991703650624,0.452704481864701,0.2918529840100075,191,2.0
exeter,760,31,0,0,0,0.1927787664125024,0.061058991703650624,0.452704481864701,0.2918529840100075,191,2.0
exeter,760,32,0,0,0,0.1927787664125024,0.061058991703650624,0.452704481864701,0.2918529840100075,191,2.0
exeter,760,33,0,0,0,0.1927787664125024,0.061058991703650624,0.452704481864701,0.2918529840100075,191,2.0
exeter,760,34,0,0,0,0.1927787664125024,0.061058991703650624,0.452704481864701,0.2918529840100075,191,2.0
exeter,760,35,0,0,0,0.1927787664125024,0.061058991703650624,0.452704481864701,0.2918529840100075,191,2.0
exeter,760,36,0,0,0,0.1927787664125024,0.061058991703650624,0.452704481864701,0.2918529840100075,191,2.0
exeter,780,0,7,0,0,0.0,0.0,0.0,0.0,178,3.0
exeter,780,1,47,0,1,0.0,0.0,0.0,0.0,178,3.0
exeter,780,2,75,0,2,0.0,0.0,0.0,0.0,178,3.0
exeter,780,3,121,0,1,0.0,0.0,0.0,0.0,178,3.0
exeter,780,4,163,0,1,0.0,0.0,0.0,0.0,178,3.0
exeter,780,5,173,0,2,0.0,0.0,0.0,0.0,178,3.0
exeter,780,6,171,1,1,0.005427486516565838,0.0,0.016596538701434665,0.005847953216374213,178,3.0
exeter,780,7,169,0,2,0.005427486516565838,0.0,0.016596538701434665,0.005847953216374213,178,3.0
exeter,780,8,167,2,3,0.016282459549697516,0.0,0.03683312659514476,0.017753965752705048,178,3.0
exeter,780,9,162,0,6,0.016282459549697516,0.0,0.03683312659514476,0.017753965752705048,178,3.0
exeter,780,10,151,0,4,0.016282459549697516,0.0,0.03683312659514476,0.017753965752705048,178,3.0
exeter,780,11,142,1,1,0.02208710094499123,0.0,0.04384066133339111,0.024671191345995824,178,3.0
exeter,780,12,128,0,3,0.02208710094499123,0.0,0.04384066133339111,0.024671191345995824,178,3.0
exeter,780,13,123,0,3,0.02208710094499123,0.0,0.04384066133339111,0.024671191345995824,178,3.0
exeter,780,14,120,1,4,0.028539160422737672,0.010314285366261057,0.05591899288742508,0.03279893141811252,178,3.0
exeter,780,15,115,1,1,0.034991219900484115,0.011496346567805465,0.0630087172402051,0.04120937549273762,178,3.0
exeter,780,16,113,3,1,0.05434739833372344,0.026242258775384726,0.08343330057631626,0.066663993842488,178,3.0
exeter,780,17,109,3,2,0.07370357676696276,0.03831977677827882,0.1124761074107265,0.09235214080095167,178,3.0
exeter,780,18,104,2,1,0.08660769572245565,0.05165691372699115,0.132340444929063,0.10980690732401033,178,3.0
exeter,780,19,99,0,4,0.08660769572245565,0.05165691372699115,0.132340444929063,0.10980690732401033,178,3.0
exeter,780,20,73,0,4,0.08660769572245565,0.05165691372699115,0.132340444929063,0.10980690732401033,178,3.0
exeter,780,21,53,0,1,0.08660769572245565,0.05165691372699115,0.132340444929063,0.10980690732401033,178,3.0
exeter,780,22,31,0,1,0.08660769572245565,0.05165691372699115,0.132340444929063,0.10980690732401033,178,3.0
exeter,780,23,8,0,0,0.08660769572245565,0.05165691372699115,0.132340444929063,0.10980690732401033,178,3.0
exeter,780,24,0,0,0,0.08660769572245565,0.05165691372699115,0.132340444929063,0.10980690732401033,178,3.0
exeter,780,25,0,0,0,0.08660769572245565,0.05165691372699115,0.132340444929063,0.10980690732401033,178,3.0
exeter,780,26,0,0,0,0.08660769572245565,0.05165691372699115,0.132340444929063,0.10980690732401033,178,3.0
exeter,780,27,0,0,0,0.08660769572245565,0.05165691372699115,0.132340444929063,0.10980690732401033,178,3.0
exeter,780,28,0,0,0,0.08660769572245565,0.05165691372699115,0.132340444929063,0.10980690732401033,178,3.0
exeter,780,29,0,0,0,0.08660769572245565,0.05165691372699115,0.132340444929063,0.10980690732401033,178,3.0
exeter,780,30,0,0,0,0.08660769572245565,0.05165691372699115,0.132340444929063,0.10980690732401033,178,3.0
exeter,780,31,0,0,0,0.08660769572245565,0.05165691372699115,0.132340444929063,0.10980690732401033,178,3.0
exeter,780,32,0,0,0,0.08660769572245565,0.05165691372699115,0.132340444929063,0.10980690732401033,178,3.0
exeter,780,33,0,0,0,0.08660769572245565,0.05165691372699115,0.132340444929063,0.10980690732401033,178,3.0
exeter,780,34,0,0,0,0.08660769572245565,0.05165691372699115,0.132340444929063,0.10980690732401033,178,3.0
exeter,780,35,0,0,0,0.08660769572245565,0.05165691372699115,0.132340444929063,0.10980690732401033,178,3.0
exeter,780,36,0,0,0,0.08660769572245565,0.05165691372699115,0.132340444929063,0.10980690732401033,178,3.0
exeter,800,0,4,0,0,0.0,0.0,0.0,0.0,81,3.0
exeter,800,1,23,0,1,0.0,0.0,0.0,0.0,81,3.0
exeter,800,2,39,0,1,0.0,0.0,0.0,0.0,81,3.0
exeter,800,3,60,0,1,0.0,0.0,0.0,0.0,81,3.0
exeter,800,4,72,0,2,0.0,0.0,0.0,0.0,81,3.0
exeter,800,5,76,0,0,0.0,0.0,0.0,0.0,81,3.0
exeter,800,6,76,0,2,0.0,0.0,0.0,0.0,81,3.0
exeter,800,7,74,0,1,0.0,0.0,0.0,0.0,81,3.0
exeter,800,8,73,0,3,0.0,0.0,0.0,0.0,81,3.0
exeter,800,9,70,1,2,0.01172374994838763,0.0,0.03649235463751592,0.014285714285714235,81,3.0
exeter,800,10,66,0,2,0.01172374994838763,0.0,0.03649235463751592,0.014285714285714235,81,3.0
exeter,800,11,60,1,0,0.024418557973308375,0.0,0.06092887525828168,0.030714285714285694,81,3.0
exeter,800,12,56,0,3,0.024418557973308375,0.0,0.06092887525828168,0.030714285714285694,81,3.0
exeter,800,13,53,1,1,0.03779344499956416,0.011731206728522469,0.08578949973413738,0.04900269541778979,81,3.0
exeter,800,14,51,0,1,0.03779344499956416,0.011731206728522469,0.08578949973413738,0.04900269541778979,81,3.0
exeter,800,15,50,0,0,0.03779344499956416,0.011731206728522469,0.08578949973413738,0.04900269541778979,81,3.0
exeter,800,16,50,0,2,0.03779344499956416,0.011731206728522469,0.08578949973413738,0.04900269541778979,81,3.0
exeter,800,17,48,0,2,0.03779344499956416,0.011731206728522469,0.08578949973413738,0.04900269541778979,81,3.0
exeter,800,18,46,0,0,0.03779344499956416,0.011731206728522469,0.08578949973413738,0.04900269541778979,81,3.0
exeter,800,19,43,0,1,0.03779344499956416,0.011731206728522469,0.08578949973413738,0.04900269541778979,81,3.0
exeter,800,20,30,0,0,0.03779344499956416,0.011731206728522469,0.08578949973413738,0.04900269541778979,81,3.0
exeter,800,21,21,0,0,0.03779344499956416,0.011731206728522469,0.08578949973413738,0.04900269541778979,81,3.0
exeter,800,22,9,0,0,0.03779344499956416,0.011731206728522469,0.08578949973413738,0.04900269541778979,81,3.0
exeter,800,23,3,0,0,0.03779344499956416,0.011731206728522469,0.08578949973413738,0.04900269541778979,81,3.0
exeter,800,24,0,0,0,0.03779344499956416,0.011731206728522469,0.08578949973413738,0.04900269541778979,81,3.0
exeter,800,25,0,0,0,0.03779344499956416,0.011731206728522469,0.08578949973413738,0.04900269541778979,81,3.0
exeter,800,26,0,0,0,0.03779344499956416,0.011731206728522469,0.08578949973413738,0.04900269541778979,81,3.0
exeter,800,27,0,0,0,0.03779344499956416,0.011731206728522469,0.08578949973413738,0.04900269541778979,81,3.0
exeter,800,28,0,0,0,0.03779344499956416,0.011731206728522469,0.08578949973413738,0.04900269541778979,81,3.0
exeter,800,29,0,0,0,0.03779344499956416,0.011731206728522469,0.08578949973413738,0.04900269541778979,81,3.0
exeter,800,30,0,0,0,0.03779344499956416,0.011731206728522469,0.08578949973413738,0.04900269541778979,81,3.0
exeter,800,31,0,0,0,0.03779344499956416,0.011731206728522469,0.08578949973413738,0.04900269541778979,81,3.0
exeter,800,32,0,0,0,0.03779344499956416,0.011731206728522469,0.08578949973413738,0.04900269541778979,81,3.0
exeter,800,33,0,0,0,0.03779344499956416,0.011731206728522469,0.08578949973413738,0.04900269541778979,81,3.0
exeter,800,34,0,0,0,0.03779344499956416,0.011731206728522469,0.08578949973413738,0.04900269541778979,81,3.0
exeter,800,35,0,0,0,0.03779344499956416,0.011731206728522469,0.08578949973413738,0.04900269541778979,81,3.0
exeter,800,36,0,0,0,0.03779344499956416,0.011731206728522469,0.08578949973413738,0.04900269541778979,81,3.0
exeter,820,0,0,0,0,0.0,0.0,0.0,0.0,46,2.0
exeter,820,1,16,0,0,0.0,0.0,0.0,0.0,46,2.0
exeter,820,2,28,0,4,0.0,0.0,0.0,0.0,46,2.0
exeter,820,3,34,0,1,0.0,0.0,0.0,0.0,46,2.0
exeter,820,4,40,0,2,0.0,0.0,0.0,0.0,46,2.0
exeter,820,5,39,0,2,0.0,0.0,0.0,0.0,46,2.0
exeter,820,6,37,0,1,0.0,0.0,0.0,0.0,46,2.0
exeter,820,7,36,0,0,0.0,0.0,0.0,0.0,46,2.0
exeter,820,8,36,0,2,0.0,0.0,0.0,0.0,46,2.0
exeter,820,9,34,0,0,0.0,0.0,0.0,0.0,46,2.0
exeter,820,10,34,0,0,0.0,0.0,0.0,0.0,46,2.0
exeter,820,11,34,0,2,0.0,0.0,0.0,0.0,46,2.0
exeter,820,12,30,0,0,0.0,0.0,0.0,0.0,46,2.0
exeter,820,13,30,0,3,0.0,0.0,0.0,0.0,46,2.0
exeter,820,14,27,0,1,0.0,0.0,0.0,0.0,46,2.0
exeter,820,15,26,0,1,0.0,0.0,0.0,0.0,46,2.0
exeter,820,16,25,1,0,0.021616031027795732,0.0,0.06483556508597477,0.040000000000000036,46,2.0
exeter,820,17,24,0,0,0.021616031027795732,0.0,0.06483556508597477,0.040000000000000036,46,2.0
exeter,820,18,24,0,0,0.021616031027795732,0.0,0.06483556508597477,0.040000000000000036,46,2.0
exeter,820,19,24,0,0,0.021616031027795732,0.0,0.06483556508597477,0.040000000000000036,46,2.0
exeter,820,20,19,0,0,0.021616031027795732,0.0,0.06483556508597477,0.040000000000000036,46,2.0
exeter,820,21,10,0,0,0.021616031027795732,0.0,0.06483556508597477,0.040000000000000036,46,2.0
exeter,820,22,5,0,0,0.021616031027795732,0.0,0.06483556508597477,0.040000000000000036,46,2.0
exeter,820,23,1,0,0,0.021616031027795732,0.0,0.06483556508597477,0.040000000000000036,46,2.0
exeter,820,24,0,0,0,0.021616031027795732,0.0,0.06483556508597477,0.040000000000000036,46,2.0
exeter,820,25,0,0,0,0.021616031027795732,0.0,0.06483556508597477,0.040000000000000036,46,2.0
exeter,820,26,0,0,0,0.021616031027795732,0.0,0.06483556508597477,0.040000000000000036,46,2.0
exeter,820,27,0,0,0,0.021616031027795732,0.0,0.06483556508597477,0.040000000000000036,46,2.0
exeter,820,28,0,0,0,0.021616031027795732,0.0,0.06483556508597477,0.040000000000000036,46,2.0
exeter,820,29,0,0,0,0.021616031027795732,0.0,0.06483556508597477,0.040000000000000036,46,2.0
exeter,820,30,0,0,0,0.021616031027795732,0.0,0.06483556508597477,0.040000000000000036,46,2.0
exeter,820,31,0,0,0,0.021616031027795732,0.0,0.06483556508597477,0.040000000000000036,46,2.0
exeter,820,32,0,0,0,0.021616031027795732,0.0,0.06483556508597477,0.040000000000000036,46,2.0
exeter,820,33,0,0,0,0.021616031027795732,0.0,0.06483556508597477,0.040000000000000036,46,2.0
exeter,820,34,0,0,0,0.021616031027795732,0.0,0.06483556508597477,0.040000000000000036,46,2.0
exeter,820,35,0,0,0,0.021616031027795732,0.0,0.06483556508597477,0.040000000000000036,46,2.0
exeter,820,36,0,0,0,0.021616031027795732,0.0,0.06483556508597477,0.040000000000000036,46,2.0
exeter,840,0,0,0,0,0.0,0.0,0.0,0.0,7,2.0
exeter,840,1,1,0,0,0.0,0.0,0.0,0.0,7,2.0
exeter,840,2,5,0,0,0.0,0.0,0.0,0.0,7,2.0
exeter,840,3,7,0,1,0.0,0.0,0.0,0.0,7,2.0
exeter,840,4,6,0,0,0.0,0.0,0.0,0.0,7,2.0
exeter,840,5,6,0,0,0.0,0.0,0.0,0.0,7,2.0
exeter,840,6,6,0,1,0.0,0.0,0.0,0.0,7,2.0
exeter,840,7,5,0,0,0.0,0.0,0.0,0.0,7,2.0
exeter,840,8,5,0,0,0.0,0.0,0.0,0.0,7,2.0
exeter,840,9,5,0,0,0.0,0.0,0.0,0.0,7,2.0
exeter,840,10,5,0,0,0.0,0.0,0.0,0.0,7,2.0
exeter,840,11,5,0,0,0.0,0.0,0.0,0.0,7,2.0
exeter,840,12,5,0,0,0.0,0.0,0.0,0.0,7,2.0
exeter,840,13,5,0,0,0.0,0.0,0.0,0.0,7,2.0
exeter,840,14,5,0,0,0.0,0.0,0.0,0.0,7,2.0
exeter,840,15,5,0,0,0.0,0.0,0.0,0.0,7,2.0
exeter,840,16,5,0,0,0.0,0.0,0.0,0.0,7,2.0
exeter,840,17,5,0,0,0.0,0.0,0.0,0.0,7,2.0
exeter,840,18,5,0,0,0.0,0.0,0.0,0.0,7,2.0
exeter,840,19,5,0,0,0.0,0.0,0.0,0.0,7,2.0
exeter,840,20,5,0,0,0.0,0.0,0.0,0.0,7,2.0
exeter,840,21,1,0,0,0.0,0.0,0.0,0.0,7,2.0
exeter,840,22,0,0,0,0.0,0.0,0.0,0.0,7,2.0
exeter,840,23,0,0,0,0.0,0.0,0.0,0.0,7,2.0
exeter,840,24,0,0,0,0.0,0.0,0.0,0.0,7,2.0
exeter,840,25,0,0,0,0.0,0.0,0.0,0.0,7,2.0
exeter,840,26,0,0,0,0.0,0.0,0.0,0.0,7,2.0
exeter,840,27,0,0,0,0.0,0.0,0.0,0.0,7,2.0
exeter,840,28,0,0,0,0.0,0.0,0.0,0.0,7,2.0
exeter,840,29,0,0,0,0.0,0.0,0.0,0.0,7,2.0
exeter,840,30,0,0,0,0.0,0.0,0.0,0.0,7,2.0
exeter,840,31,0,0,0,0.0,0.0,0.0,0.0,7,2.0
exeter,840,32,0,0,0,0.0,0.0,0.0,0.0,7,2.0
exeter,840,33,0,0,0,0.0,0.0,0.0,0.0,7,2.0
exeter,840,34,0,0,0,0.0,0.0,0.0,0.0,7,2.0
exeter,840,35,0,0,0,0.0,0.0,0.0,0.0,7,2.0
exeter,840,36,0,0,0,0.0,0.0,0.0,0.0,7,2.0
exeter,none,0,8,0,0,0.0,0.0,0.0,0.0,544,3.0
exeter,none,1,78,0,0,0.0,0.0,0.0,0.0,544,3.0
exeter,none,2,210,0,1,0.0,0.0,0.0,0.0,544,3.0
exeter,none,3,375,0,4,0.0,0.0,0.0,0.0,544,3.0
exeter,none,4,488,0,10,0.0,0.0,0.0,0.0,544,3.0
exeter,none,5,524,1,5,0.001840544918588968,0.0,0.0055401625643602724,0.001908396946564861,544,3.0
exeter,none,6,523,1,3,0.0036634938054514645,0.0,0.009176574227536632,0.003816793893129722,544,3.0
exeter,none,7,519,0,7,0.0036634938054514645,0.0,0.009176574227536632,0.003816793893129722,544,3.0
exeter,none,8,512,2,11,0.007309391579176457,0.0018217970978900392,0.01645282082220459,0.0077081345419847125,544,3.0
exeter,none,9,499,8,14,0.021892982674076425,0.010946604414898253,0.03490678330352815,0.023616621362954948,544,3.0
exeter,none,10,462,3,13,0.027539389291176494,0.01646729679704123,0.042259071562134654,0.0299567731722864,544,3.0
exeter,none,11,409,3,8,0.03369659552889442,0.02221773841234802,0.051801497731636316,0.03707200466491023,544,3.0
exeter,none,12,340,3,8,0.040904148713046574,0.024611833360403842,0.05980586832015759,0.04556842815316098,544,3.0
exeter,none,13,299,7,7,0.059409159842480706,0.03889776224849532,0.08262510135215324,0.06791298000241808,544,3.0
exeter,none,14,277,5,9,0.07300876833110559,0.05281872759597648,0.10141912435062374,0.08473765545363798,544,3.0
exeter,none,15,263,5,6,0.08660837681973046,0.06306052922581444,0.11400254782536237,0.10213808025489968,544,3.0
exeter,none,16,252,2,1,0.09204822021518042,0.06945676761225657,0.11900456294254354,0.10926396850684494,544,3.0
exeter,none,17,249,2,4,0.09748806361063037,0.07377010418861996,0.12438696898670502,0.11641847478389844,544,3.0
exeter,none,18,243,4,5,0.10836775040153027,0.07925748665951206,0.13375893173546438,0.1309630266393076,544,3.0
exeter,none,19,230,4,3,0.11943664913661974,0.08813693953235334,0.1511317898668835,0.146076713132537,544,3.0
exeter,none,20,192,6,1,0.13872074615165841,0.1096235067297263,0.17005620804942845,0.17276181584714523,544,3.0
exeter,none,21,129,2,2,0.1479392421407596,0.1138701416332648,0.18839975429216843,0.18558721405106549,544,3.0
exeter,none,22,71,0,0,0.1479392421407596,0.1138701416332648,0.18839975429216843,0.18558721405106549,544,3.0
exeter,none,23,22,1,0,0.17412815120070613,0.11880070759917065,0.2552487976187034,0.2226059770487443,544,3.0
exeter,none,24,2,0,0,0.17412815120070613,0.11880070759917065,0.2552487976187034,0.2226059770487443,544,3.0
exeter,none,25,0,0,0,0.17412815120070613,0.11880070759917065,0.2552487976187034,0.2226059770487443,544,3.0
exeter,none,26,0,0,0,0.17412815120070613,0.11880070759917065,0.2552487976187034,0.2226059770487443,544,3.0
exeter,none,27,0,0,0,0.17412815120070613,0.11880070759917065,0.2552487976187034,0.2226059770487443,544,3.0
exeter,none,28,0,0,0,0.17412815120070613,0.11880070759917065,0.2552487976187034,0.2226059770487443,544,3.0
exeter,none,29,0,0,0,0.17412815120070613,0.11880070759917065,0.2552487976187034,0.2226059770487443,544,3.0
exeter,none,30,0,0,0,0.17412815120070613,0.11880070759917065,0.2552487976187034,0.2226059770487443,544,3.0
exeter,none,31,0,0,0,0.17412815120070613,0.11880070759917065,0.2552487976187034,0.2226059770487443,544,3.0
exeter,none,32,0,0,0,0.17412815120070613,0.11880070759917065,0.2552487976187034,0.2226059770487443,544,3.0
exeter,none,33,0,0,0,0.17412815120070613,0.11880070759917065,0.2552487976187034,0.2226059770487443,544,3.0
exeter,none,34,0,0,0,0.17412815120070613,0.11880070759917065,0.2552487976187034,0.2226059770487443,544,3.0
exeter,none,35,0,0,0,0.17412815120070613,0.11880070759917065,0.2552487976187034,0.2226059770487443,544,3.0
exeter,none,36,0,0,0,0.17412815120070613,0.11880070759917065,0.2552487976187034,0.2226059770487443,544,3.0
honda,440,0,0,0,0,0.0,,,0.0,1,6.0
honda,440,1,0,0,0,0.0,,,0.0,1,6.0
honda,440,2,0,0,0,0.0,,,0.0,1,6.0
honda,440,3,0,0,0,0.0,,,0.0,1,6.0
honda,440,4,0,0,0,0.0,,,0.0,1,6.0
honda,440,5,0,0,0,0.0,,,0.0,1,6.0
honda,440,6,1,0,0,0.0,,,0.0,1,6.0
honda,440,7,1,0,0,0.0,,,0.0,1,6.0
honda,440,8,1,0,0,0.0,,,0.0,1,6.0
honda,440,9,1,0,0,0.0,,,0.0,1,6.0
honda,440,10,1,0,0,0.0,,,0.0,1,6.0
honda,440,11,1,0,0,0.0,,,0.0,1,6.0
honda,440,12,1,0,0,0.0,,,0.0,1,6.0
honda,440,13,1,0,0,0.0,,,0.0,1,6.0
honda,440,14,1,0,0,0.0,,,0.0,1,6.0
honda,440,15,1,0,0,0.0,,,0.0,1,6.0
honda,440,16,1,0,0,0.0,,,0.0,1,6.0
honda,440,17,1,0,0,0.0,,,0.0,1,6.0
honda,440,18,1,0,0,0.0,,,0.0,1,6.0
honda,440,19,1,0,0,0.0,,,0.0,1,6.0
honda,440,20,1,0,0,0.0,,,0.0,1,6.0
honda,440,21,1,0,0,0.0,,,0.0,1,6.0
honda,440,22,1,0,0,0.0,,,0.0,1,6.0
honda,440,23,1,0,0,0.0,,,0.0,1,6.0
honda,440,24,1,0,0,0.0,,,0.0,1,6.0
honda,440,25,0,0,0,0.0,,,0.0,1,6.0
honda,440,26,0,0,0,0.0,,,0.0,1,6.0
honda,440,27,0,0,0,0.0,,,0.0,1,6.0
honda,440,28,0,0,0,0.0,,,0.0,1,6.0
honda,440,29,0,0,0,0.0,,,0.0,1,6.0
honda,440,30,0,0,0,0.0,,,0.0,1,6.0
honda,440,31,0,0,0,0.0,,,0.0,1,6.0
honda,440,32,0,0,0,0.0,,,0.0,1,6.0
honda,440,33,0,0,0,0.0,,,0.0,1,6.0
honda,440,34,0,0,0,0.0,,,0.0,1,6.0
honda,440,35,0,0,0,0.0,,,0.0,1,6.0
honda,440,36,0,0,0,0.0,,,0.0,1,6.0
honda,460,0,0,0,0,0.0,0.0,0.0,0.0,7,5.0
honda,460,1,0,0,0,0.0,0.0,0.0,0.0,7,5.0
honda,460,2,0,0,0,0.0,0.0,0.0,0.0,7,5.0
honda,460,3,1,0,0,0.0,0.0,0.0,0.0,7,5.0
honda,460,4,2,0,0,0.0,0.0,0.0,0.0,7,5.0
honda,460,5,5,0,1,0.0,0.0,0.0,0.0,7,5.0
honda,460,6,6,0,0,0.0,0.0,0.0,0.0,7,5.0
honda,460,7,6,0,0,0.0,0.0,0.0,0.0,7,5.0
honda,460,8,6,0,0,0.0,0.0,0.0,0.0,7,5.0
honda,460,9,6,0,0,0.0,0.0,0.0,0.0,7,5.0
honda,460,10,6,0,0,0.0,0.0,0.0,0.0,7,5.0
honda,460,11,6,0,0,0.0,0.0,0.0,0.0,7,5.0
honda,460,12,6,0,0,0.0,0.0,0.0,0.0,7,5.0
honda,460,13,6,0,0,0.0,0.0,0.0,0.0,7,5.0
honda,460,14,6,0,0,0.0,0.0,0.0,0.0,7,5.0
honda,460,15,6,0,0,0.0,0.0,0.0,0.0,7,5.0
honda,460,16,6,0,0,0.0,0.0,0.0,0.0,7,5.0
honda,460,17,6,0,1,0.0,0.0,0.0,0.0,7,5.0
honda,460,18,5,0,0,0.0,0.0,0.0,0.0,7,5.0
honda,460,19,5,0,0,0.0,0.0,0.0,0.0,7,5.0
honda,460,20,5,0,0,0.0,0.0,0.0,0.0,7,5.0
honda,460,21,5,0,0,0.0,0.0,0.0,0.0,7,5.0
honda,460,22,5,0,0,0.0,0.0,0.0,0.0,7,5.0
honda,460,23,4,0,1,0.0,0.0,0.0,0.0,7,5.0
honda,460,24,1,0,0,0.0,0.0,0.0,0.0,7,5.0
honda,460,25,0,0,0,0.0,0.0,0.0,0.0,7,5.0
honda,460,26,0,0,0,0.0,0.0,0.0,0.0,7,5.0
honda,460,27,0,0,0,0.0,0.0,0.0,0.0,7,5.0
honda,460,28,0,0,0,0.0,0.0,0.0,0.0,7,5.0
honda,460,29,0,0,0,0.0,0.0,0.0,0.0,7,5.0
honda,460,30,0,0,0,0.0,0.0,0.0,0.0,7,5.0
honda,460,31,0,0,0,0.0,0.0,0.0,0.0,7,5.0
honda,460,32,0,0,0,0.0,0.0,0.0,0.0,7,5.0
honda,460,33,0,0,0,0.0,0.0,0.0,0.0,7,5.0
honda,460,34,0,0,0,0.0,0.0,0.0,0.0,7,5.0
honda,460,35,0,0,0,0.0,0.0,0.0,0.0,7,5.0
honda,460,36,0,0,0,0.0,0.0,0.0,0.0,7,5.0
honda,480,0,0,0,0,0.0,0.0,0.0,0.0,9,6.0
honda,480,1,0,0,0,0.0,0.0,0.0,0.0,9,6.0
honda,480,2,0,0,0,0.0,0.0,0.0,0.0,9,6.0
honda,480,3,0,0,0,0.0,0.0,0.0,0.0,9,6.0
honda,480,4,1,0,0,0.0,0.0,0.0,0.0,9,6.0
honda,480,5,4,0,0,0.0,0.0,0.0,0.0,9,6.0
honda,480,6,9,0,0,0.0,0.0,0.0,0.0,9,6.0
honda,480,7,9,0,0,0.0,0.0,0.0,0.0,9,6.0
honda,480,8,9,0,0,0.0,0.0,0.0,0.0,9,6.0
honda,480,9,9,0,1,0.0,0.0,0.0,0.0,9,6.0
honda,480,10,8,0,1,0.0,0.0,0.0,0.0,9,6.0
honda,480,11,7,0,0,0.0,0.0,0.0,0.0,9,6.0
honda,480,12,7,0,0,0.0,0.0,0.0,0.0,9,6.0
honda,480,13,7,0,0,0.0,0.0,0.0,0.0,9,6.0
honda,480,14,7,0,0,0.0,0.0,0.0,0.0,9,6.0
honda,480,15,7,0,0,0.0,0.0,0.0,0.0,9,6.0
honda,480,16,7,0,1,0.0,0.0,0.0,0.0,9,6.0
honda,480,17,6,0,0,0.0,0.0,0.0,0.0,9,6.0
honda,480,18,6,0,0,0.0,0.0,0.0,0.0,9,6.0
honda,480,19,6,0,0,0.0,0.0,0.0,0.0,9,6.0
honda,480,20,6,0,0,0.0,0.0,0.0,0.0,9,6.0
honda,480,21,6,0,0,0.0,0.0,0.0,0.0,9,6.0
honda,480,22,6,0,0,0.0,0.0,0.0,0.0,9,6.0
honda,480,23,5,0,0,0.0,0.0,0.0,0.0,9,6.0
honda,480,24,3,0,1,0.0,0.0,0.0,0.0,9,6.0
honda,480,25,0,0,0,0.0,0.0,0.0,0.0,9,6.0
honda,480,26,0,0,0,0.0,0.0,0.0,0.0,9,6.0
honda,480,27,0,0,0,0.0,0.0,0.0,0.0,9,6.0
honda,480,28,0,0,0,0.0,0.0,0.0,0.0,9,6.0
honda,480,29,0,0,0,0.0,0.0,0.0,0.0,9,6.0
honda,480,30,0,0,0,0.0,0.0,0.0,0.0,9,6.0
honda,480,31,0,0,0,0.0,0.0,0.0,0.0,9,6.0
honda,480,32,0,0,0,0.0,0.0,0.0,0.0,9,6.0
honda,480,33,0,0,0,0.0,0.0,0.0,0.0,9,6.0
honda,480,34,0,0,0,0.0,0.0,0.0,0.0,9,6.0
honda,480,35,0,0,0,0.0,0.0,0.0,0.0,9,6.0
honda,480,36,0,0,0,0.0,0.0,0.0,0.0,9,6.0
honda,500,0,0,0,0,0.0,0.0,0.0,0.0,20,5.0
honda,500,1,0,0,0,0.0,0.0,0.0,0.0,20,5.0
honda,500,2,0,0,0,0.0,0.0,0.0,0.0,20,5.0
honda,500,3,3,0,0,0.0,0.0,0.0,0.0,20,5.0
honda,500,4,7,0,0,0.0,0.0,0.0,0.0,20,5.0
honda,500,5,12,0,0,0.0,0.0,0.0,0.0,20,5.0
honda,500,6,20,0,0,0.0,0.0,0.0,0.0,20,5.0
honda,500,7,20,0,0,0.0,0.0,0.0,0.0,20,5.0
honda,500,8,20,0,0,0.0,0.0,0.0,0.0,20,5.0
honda,500,9,20,0,0,0.0,0.0,0.0,0.0,20,5.0
honda,500,10,20,0,0,0.0,0.0,0.0,0.0,20,5.0
honda,500,11,20,0,0,0.0,0.0,0.0,0.0,20,5.0
honda,500,12,20,0,0,0.0,0.0,0.0,0.0,20,5.0
honda,500,13,20,0,1,0.0,0.0,0.0,0.0,20,5.0
honda,500,14,19,1,0,0.049999999999999996,0.0,0.15,0.05263157894736836,20,5.0
honda,500,15,18,1,1,0.09999999999999999,0.0,0.25,0.10526315789473684,20,5.0
honda,500,16,16,0,0,0.09999999999999999,0.0,0.25,0.10526315789473684,20,5.0
honda,500,17,16,0,0,0.09999999999999999,0.0,0.25,0.10526315789473684,20,5.0
honda,500,18,16,1,1,0.15,0.0,0.30000000000000004,0.16118421052631582,20,5.0
honda,500,19,14,0,0,0.15,0.0,0.30000000000000004,0.16118421052631582,20,5.0
honda,500,20,14,0,1,0.15,0.0,0.30000000000000004,0.16118421052631582,20,5.0
honda,500,21,13,0,0,0.15,0.0,0.30000000000000004,0.16118421052631582,20,5.0
honda,500,22,11,0,0,0.15,0.0,0.30000000000000004,0.16118421052631582,20,5.0
honda,500,23,9,0,1,0.15,0.0,0.30000000000000004,0.16118421052631582,20,5.0
honda,500,24,6,0,0,0.15,0.0,0.30000000000000004,0.16118421052631582,20,5.0
honda,500,25,0,0,0,0.15,0.0,0.30000000000000004,0.16118421052631582,20,5.0
honda,500,26,0,0,0,0.15,0.0,0.30000000000000004,0.16118421052631582,20,5.0
honda,500,27,0,0,0,0.15,0.0,0.30000000000000004,0.16118421052631582,20,5.0
honda,500,28,0,0,0,0.15,0.0,0.30000000000000004,0.16118421052631582,20,5.0
honda,500,29,0,0,0,0.15,0.0,0.30000000000000004,0.16118421052631582,20,5.0
honda,500,30,0,0,0,0.15,0.0,0.30000000000000004,0.16118421052631582,20,5.0
honda,500,31,0,0,0,0.15,0.0,0.30000000000000004,0.16118421052631582,20,5.0
honda,500,32,0,0,0,0.15,0.0,0.30000000000000004,0.16118421052631582,20,5.0
honda,500,33,0,0,0,0.15,0.0,0.30000000000000004,0.16118421052631582,20,5.0
honda,500,34,0,0,0,0.15,0.0,0.30000000000000004,0.16118421052631582,20,5.0
honda,500,35,0,0,0,0.15,0.0,0.30000000000000004,0.16118421052631582,20,5.0
honda,500,36,0,0,0,0.15,0.0,0.30000000000000004,0.16118421052631582,20,5.0
honda,520,0,0,0,0,0.0,0.0,0.0,0.0,32,5.0
honda,520,1,0,0,0,0.0,0.0,0.0,0.0,32,5.0
honda,520,2,0,0,0,0.0,0.0,0.0,0.0,32,5.0
honda,520,3,0,0,0,0.0,0.0,0.0,0.0,32,5.0
honda,520,4,7,0,0,0.0,0.0,0.0,0.0,32,5.0
honda,520,5,17,0,0,0.0,0.0,0.0,0.0,32,5.0
honda,520,6,32,0,1,0.0,0.0,0.0,0.0,32,5.0
honda,520,7,31,1,0,0.03125,0.0,0.09375,0.032258064516129004,32,5.0
honda,520,8,30,0,0,0.03125,0.0,0.09375,0.032258064516129004,32,5.0
honda,520,9,30,0,0,0.03125,0.0,0.09375,0.032258064516129004,32,5.0
honda,520,10,30,0,0,0.03125,0.0,0.09375,0.032258064516129004,32,5.0
honda,520,11,30,0,1,0.03125,0.0,0.09375,0.032258064516129004,32,5.0
honda,520,12,29,1,0,0.0625,0.0,0.15625,0.06562847608453826,32,5.0
honda,520,13,28,0,0,0.0625,0.0,0.15625,0.06562847608453826,32,5.0
honda,520,14,28,0,0,0.0625,0.0,0.15625,0.06562847608453826,32,5.0
honda,520,15,28,0,0,0.0625,0.0,0.15625,0.06562847608453826,32,5.0
honda,520,16,28,0,0,0.0625,0.0,0.15625,0.06562847608453826,32,5.0
honda,520,17,28,0,0,0.0625,0.0,0.15625,0.06562847608453826,32,5.0
honda,520,18,28,0,1,0.0625,0.0,0.15625,0.06562847608453826,32,5.0
honda,520,19,27,1,0,0.09375,0.0,0.1875,0.10023482882214785,32,5.0
honda,520,20,26,1,0,0.125,0.030468750000000017,0.21953125000000018,0.13484118155975755,32,5.0
honda,520,21,25,0,1,0.125,0.030468750000000017,0.21953125000000018,0.13484118155975755,32,5.0
honda,520,22,24,0,0,0.125,0.030468750000000017,0.21953125000000018,0.13484118155975755,32,5.0
honda,520,23,18,0,0,0.125,0.030468750000000017,0.21953125000000018,0.13484118155975755,32,5.0
honda,520,24,10,0,0,0.125,0.030468750000000017,0.21953125000000018,0.13484118155975755,32,5.0
honda,520,25,0,0,0,0.125,0.030468750000000017,0.21953125000000018,0.13484118155975755,32,5.0
honda,520,26,0,0,0,0.125,0.030468750000000017,0.21953125000000018,0.13484118155975755,32,5.0
honda,520,27,0,0,0,0.125,0.030468750000000017,0.21953125000000018,0.13484118155975755,32,5.0
honda,520,28,0,0,0,0.125,0.030468750000000017,0.21953125000000018,0.13484118155975755,32,5.0
honda,520,29,0,0,0,0.125,0.030468750000000017,0.21953125000000018,0.13484118155975755,32,5.0
honda,520,30,0,0,0,0.125,0.030468750000000017,0.21953125000000018,0.13484118155975755,32,5.0
honda,520,31,0,0,0,0.125,0.030468750000000017,0.21953125000000018,0.13484118155975755,32,5.0
honda,520,32,0,0,0,0.125,0.030468750000000017,0.21953125000000018,0.13484118155975755,32,5.0
honda,520,33,0,0,0,0.125,0.030468750000000017,0.21953125000000018,0.13484118155975755,32,5.0
honda,520,34,0,0,0,0.125,0.030468750000000017,0.21953125000000018,0.13484118155975755,32,5.0
honda,520,35,0,0,0,0.125,0.030468750000000017,0.21953125000000018,0.13484118155975755,32,5.0
honda,520,36,0,0,0,0.125,0.030468750000000017,0.21953125000000018,0.13484118155975755,32,5.0
honda,540,0,0,0,0,0.0,0.0,0.0,0.0,45,5.0
honda,540,1,0,0,0,0.0,0.0,0.0,0.0,45,5.0
honda,540,2,0,0,0,0.0,0.0,0.0,0.0,45,5.0
honda,540,3,0,0,0,0.0,0.0,0.0,0.0,45,5.0
honda,540,4,11,0,0,0.0,0.0,0.0,0.0,45,5.0
honda,540,5,24,0,0,0.0,0.0,0.0,0.0,45,5.0
honda,540,6,45,0,0,0.0,0.0,0.0,0.0,45,5.0
honda,540,7,45,0,0,0.0,0.0,0.0,0.0,45,5.0
honda,540,8,45,0,0,0.0,0.0,0.0,0.0,45,5.0
honda,540,9,45,0,0,0.0,0.0,0.0,0.0,45,5.0
honda,540,10,45,0,0,0.0,0.0,0.0,0.0,45,5.0
honda,540,11,45,0,0,0.0,0.0,0.0,0.0,45,5.0
honda,540,12,45,0,0,0.0,0.0,0.0,0.0,45,5.0
honda,540,13,45,1,1,0.022222222222222223,0.0,0.06666666666666667,0.022222222222222254,45,5.0
honda,540,14,43,0,2,0.022222222222222223,0.0,0.06666666666666667,0.022222222222222254,45,5.0
honda,540,15,41,1,0,0.04444444444444445,0.0,0.1111111111111111,0.046070460704607075,45,5.0
honda,540,16,40,0,1,0.04444444444444445,0.0,0.1111111111111111,0.046070460704607075,45,5.0
honda,540,17,39,0,0,0.04444444444444445,0.0,0.1111111111111111,0.046070460704607075,45,5.0
honda,540,18,39,0,0,0.04444444444444445,0.0,0.1111111111111111,0.046070460704607075,45,5.0
honda,540,19,39,0,0,0.04444444444444445,0.0,0.1111111111111111,0.046070460704607075,45,5.0
honda,540,20,39,1,0,0.06666666666666668,0.0,0.15555555555555556,0.07053019248141201,45,5.0
honda,540,21,38,0,0,0.06666666666666668,0.0,0.15555555555555556,0.07053019248141201,45,5.0
honda,540,22,38,0,1,0.06666666666666668,0.0,0.15555555555555556,0.07053019248141201,45,5.0
honda,540,23,26,0,0,0.06666666666666668,0.0,0.15555555555555556,0.07053019248141201,45,5.0
honda,540,24,17,0,1,0.06666666666666668,0.0,0.15555555555555556,0.07053019248141201,45,5.0
honda,540,25,0,0,0,0.06666666666666668,0.0,0.15555555555555556,0.07053019248141201,45,5.0
honda,540,26,0,0,0,0.06666666666666668,0.0,0.15555555555555556,0.07053019248141201,45,5.0
honda,540,27,0,0,0,0.06666666666666668,0.0,0.15555555555555556,0.07053019248141201,45,5.0
honda,540,28,0,0,0,0.06666666666666668,0.0,0.15555555555555556,0.07053019248141201,45,5.0
honda,540,29,0,0,0,0.06666666666666668,0.0,0.15555555555555556,0.07053019248141201,45,5.0
honda,540,30,0,0,0,0.06666666666666668,0.0,0.15555555555555556,0.07053019248141201,45,5.0
honda,540,31,0,0,0,0.06666666666666668,0.0,0.15555555555555556,0.07053019248141201,45,5.0
honda,540,32,0,0,0,0.06666666666666668,0.0,0.15555555555555556,0.07053019248141201,45,5.0
honda,540,33,0,0,0,0.06666666666666668,0.0,0.15555555555555556,0.07053019248141201,45,5.0
honda,540,34,0,0,0,0.06666666666666668,0.0,0.15555555555555556,0.07053019248141201,45,5.0
honda,540,35,0,0,0,0.06666666666666668,0.0,0.15555555555555556,0.07053019248141201,45,5.0
honda,540,36,0,0,0,0.06666666666666668,0.0,0.15555555555555556,0.07053019248141201,45,5.0
honda,560,0,0,0,0,0.0,0.0,0.0,0.0,93,5.0
honda,560,1,0,0,0,0.0,0.0,0.0,0.0,93,5.0
honda,560,2,0,0,0,0.0,0.0,0.0,0.0,93,5.0
honda,560,3,0,0,0,0.0,0.0,0.0,0.0,93,5.0
honda,560,4,22,0,0,0.0,0.0,0.0,0.0,93,5.0
honda,560,5,58,0,0,0.0,0.0,0.0,0.0,93,5.0
honda,560,6,93,0,0,0.0,0.0,0.0,0.0,93,5.0
honda,560,7,93,0,1,0.0,0.0,0.0,0.0,93,5.0
honda,560,8,92,0,1,0.0,0.0,0.0,0.0,93,5.0
honda,560,9,91,0,0,0.0,0.0,0.0,0.0,93,5.0
honda,560,10,91,2,1,0.02150537634408602,0.0,0.053763440860215055,0.02197802197802201,93,5.0
honda,560,11,88,0,0,0.02150537634408602,0.0,0.053763440860215055,0.02197802197802201,93,5.0
honda,560,12,88,1,2,0.03225806451612903,0.0,0.0647849462365592,0.033091908091908095,93,5.0
honda,560,13,85,1,0,0.04301075268817204,0.010752688172043012,0.08602150537634409,0.04446729740847388,93,5.0
honda,560,14,84,2,0,0.06451612903225806,0.02150537634408602,0.1182795698924731,0.06721807604160546,93,5.0
honda,560,15,82,1,5,0.07526881720430108,0.03198924731182796,0.12903225806451613,0.07859346535817124,93,5.0
honda,560,16,76,0,1,0.07526881720430108,0.03198924731182796,0.12903225806451613,0.07859346535817124,93,5.0
honda,560,17,75,0,0,0.07526881720430108,0.03198924731182796,0.12903225806451613,0.07859346535817124,93,5.0
honda,560,18,75,1,3,0.08602150537634409,0.03225806451612903,0.13978494623655915,0.09087888582006232,93,5.0
honda,560,19,71,0,1,0.08602150537634409,0.03225806451612903,0.13978494623655915,0.09087888582006232,93,5.0
honda,560,20,70,0,3,0.08602150537634409,0.03225806451612903,0.13978494623655915,0.09087888582006232,93,5.0
honda,560,21,67,0,0,0.08602150537634409,0.03225806451612903,0.13978494623655915,0.09087888582006232,93,5.0
honda,560,22,67,0,0,0.08602150537634409,0.03225806451612903,0.13978494623655915,0.09087888582006232,93,5.0
honda,560,23,52,1,0,0.09987593052109182,0.04652806211844557,0.15897288452547925,0.10836198416967657,93,5.0
honda,560,24,24,0,1,0.09987593052109182,0.04652806211844557,0.15897288452547925,0.10836198416967657,93,5.0
honda,560,25,0,0,0,0.09987593052109182,0.04652806211844557,0.15897288452547925,0.10836198416967657,93,5.0
honda,560,26,0,0,0,0.09987593052109182,0.04652806211844557,0.15897288452547925,0.10836198416967657,93,5.0
honda,560,27,0,0,0,0.09987593052109182,0.04652806211844557,0.15897288452547925,0.10836198416967657,93,5.0
honda,560,28,0,0,0,0.09987593052109182,0.04652806211844557,0.15897288452547925,0.10836198416967657,93,5.0
honda,560,29,0,0,0,0.09987593052109182,0.04652806211844557,0.15897288452547925,0.10836198416967657,93,5.0
honda,560,30,0,0,0,0.09987593052109182,0.04652806211844557,0.15897288452547925,0.10836198416967657,93,5.0
honda,560,31,0,0,0,0.09987593052109182,0.04652806211844557,0.15897288452547925,0.10836198416967657,93,5.0
honda,560,32,0,0,0,0.09987593052109182,0.04652806211844557,0.15897288452547925,0.10836198416967657,93,5.0
honda,560,33,0,0,0,0.09987593052109182,0.04652806211844557,0.15897288452547925,0.10836198416967657,93,5.0
honda,560,34,0,0,0,0.09987593052109182,0.04652806211844557,0.15897288452547925,0.10836198416967657,93,5.0
honda,560,35,0,0,0,0.09987593052109182,0.04652806211844557,0.15897288452547925,0.10836198416967657,93,5.0
honda,560,36,0,0,0,0.09987593052109182,0.04652806211844557,0.15897288452547925,0.10836198416967657,93,5.0
honda,580,0,0,0,0,0.0,0.0,0.0,0.0,115,5.0
honda,580,1,0,0,0,0.0,0.0,0.0,0.0,115,5.0
honda,580,2,0,0,0,0.0,0.0,0.0,0.0,115,5.0
honda,580,3,1,0,0,0.0,0.0,0.0,0.0,115,5.0
honda,580,4,30,0,1,0.0,0.0,0.0,0.0,115,5.0
honda,580,5,70,0,0,0.0,0.0,0.0,0.0,115,5.0
honda,580,6,114,0,0,0.0,0.0,0.0,0.0,115,5.0
honda,580,7,114,0,1,0.0,0.0,0.0,0.0,115,5.0
honda,580,8,113,0,1,0.0,0.0,0.0,0.0,115,5.0
honda,580,9,112,1,2,0.00847953216374269,0.0,0.02608695652173913,0.008928571428571397,115,5.0
honda,580,10,109,0,3,0.00847953216374269,0.0,0.02608695652173913,0.008928571428571397,115,5.0
honda,580,11,106,2,1,0.025438596491228066,0.0,0.05972714848715994,0.02762803234501343,115,5.0
honda,580,12,103,0,2,0.025438596491228066,0.0,0.05972714848715994,0.02762803234501343,115,5.0
honda,580,13,101,1,1,0.03391812865497076,0.008258533501896334,0.0696750123673941,0.03725547756932024,115,5.0
honda,580,14,99,1,2,0.04239766081871345,0.015650610613604034,0.08695652173913043,0.046980169715084674,115,5.0
honda,580,15,96,0,1,0.04239766081871345,0.015650610613604034,0.08695652173913043,0.046980169715084674,115,5.0
honda,580,16,95,1,0,0.05087719298245614,0.016706376219650553,0.09565217391304348,0.057011957402294366,115,5.0
honda,580,17,94,0,4,0.05087719298245614,0.016706376219650553,0.09565217391304348,0.057011957402294366,115,5.0
honda,580,18,90,0,1,0.05087719298245614,0.016706376219650553,0.09565217391304348,0.057011957402294366,115,5.0
honda,580,19,89,0,1,0.05087719298245614,0.016706376219650553,0.09565217391304348,0.057011957402294366,115,5.0
honda,580,20,88,0,2,0.05087719298245614,0.016706376219650553,0.09565217391304348,0.057011957402294366,115,5.0
honda,580,21,86,0,2,0.05087719298245614,0.016706376219650553,0.09565217391304348,0.057011957402294366,115,5.0
honda,580,22,84,0,2,0.05087719298245614,0.016706376219650553,0.09565217391304348,0.057011957402294366,115,5.0
honda,580,23,61,0,1,0.05087719298245614,0.016706376219650553,0.09565217391304348,0.057011957402294366,115,5.0
honda,580,24,30,0,1,0.05087719298245614,0.016706376219650553,0.09565217391304348,0.057011957402294366,115,5.0
honda,580,25,0,0,0,0.05087719298245614,0.016706376219650553,0.09565217391304348,0.057011957402294366,115,5.0
honda,580,26,0,0,0,0.05087719298245614,0.016706376219650553,0.09565217391304348,0.057011957402294366,115,5.0
honda,580,27,0,0,0,0.05087719298245614,0.016706376219650553,0.09565217391304348,0.057011957402294366,115,5.0
honda,580,28,0,0,0,0.05087719298245614,0.016706376219650553,0.09565217391304348,0.057011957402294366,115,5.0
honda,580,29,0,0,0,0.05087719298245614,0.016706376219650553,0.09565217391304348,0.057011957402294366,115,5.0
honda,580,30,0,0,0,0.05087719298245614,0.016706376219650553,0.09565217391304348,0.057011957402294366,115,5.0
honda,580,31,0,0,0,0.05087719298245614,0.016706376219650553,0.09565217391304348,0.057011957402294366,115,5.0
honda,580,32,0,0,0,0.05087719298245614,0.016706376219650553,0.09565217391304348,0.057011957402294366,115,5.0
honda,580,33,0,0,0,0.05087719298245614,0.016706376219650553,0.09565217391304348,0.057011957402294366,115,5.0
honda,580,34,0,0,0,0.05087719298245614,0.016706376219650553,0.09565217391304348,0.057011957402294366,115,5.0
honda,580,35,0,0,0,0.05087719298245614,0.016706376219650553,0.09565217391304348,0.057011957402294366,115,5.0
honda,580,36,0,0,0,0.05087719298245614,0.016706376219650553,0.09565217391304348,0.057011957402294366,115,5.0
honda,600,0,0,0,0,0.0,0.0,0.0,0.0,174,5.0
honda,600,1,0,0,0,0.0,0.0,0.0,0.0,174,5.0
honda,600,2,0,0,0,0.0,0.0,0.0,0.0,174,5.0
honda,600,3,2,0,0,0.0,0.0,0.0,0.0,174,5.0
honda,600,4,37,0,0,0.0,0.0,0.0,0.0,174,5.0
honda,600,5,97,0,2,0.0,0.0,0.0,0.0,174,5.0
honda,600,6,172,0,2,0.0,0.0,0.0,0.0,174,5.0
honda,600,7,170,0,1,0.0,0.0,0.0,0.0,174,5.0
honda,600,8,169,0,2,0.0,0.0,0.0,0.0,174,5.0
honda,600,9,167,0,0,0.0,0.0,0.0,0.0,174,5.0
honda,600,10,167,4,1,0.022776312634859748,0.005631904010447843,0.05092904183721755,0.0239520958083832,174,5.0
honda,600,11,162,1,0,0.028470390793574683,0.0057175896940387305,0.05590658560765869,0.029977082871294414,174,5.0
honda,600,12,161,0,0,0.028470390793574683,0.0057175896940387305,0.05590658560765869,0.029977082871294414,174,5.0
honda,600,13,161,1,1,0.03416446895228962,0.011376658583505525,0.06149164368557962,0.03600206993420563,174,5.0
honda,600,14,159,0,1,0.03416446895228962,0.011376658583505525,0.06149164368557962,0.03600206993420563,174,5.0
honda,600,15,158,0,2,0.03416446895228962,0.011376658583505525,0.06149164368557962,0.03600206993420563,174,5.0
honda,600,16,156,1,1,0.039858547111004554,0.016851335281054432,0.07267194253750318,0.04218154384488382,174,5.0
honda,600,17,154,0,1,0.039858547111004554,0.016851335281054432,0.07267194253750318,0.04218154384488382,174,5.0
honda,600,18,153,1,4,0.04555262526971949,0.01716862109033764,0.07991514596061551,0.04844179519230285,174,5.0
honda,600,19,148,0,3,0.04555262526971949,0.01716862109033764,0.07991514596061551,0.04844179519230285,174,5.0
honda,600,20,145,0,7,0.04555262526971949,0.01716862109033764,0.07991514596061551,0.04844179519230285,174,5.0
honda,600,21,138,2,3,0.05694078158714937,0.028201769977734954,0.09159510818895979,0.06223249381270424,174,5.0
honda,600,22,132,0,3,0.05694078158714937,0.028201769977734954,0.09159510818895979,0.06223249381270424,174,5.0
honda,600,23,103,0,3,0.05694078158714937,0.028201769977734954,0.09159510818895979,0.06223249381270424,174,5.0
honda,600,24,59,0,1,0.05694078158714937,0.028201769977734954,0.09159510818895979,0.06223249381270424,174,5.0
honda,600,25,0,0,0,0.05694078158714937,0.028201769977734954,0.09159510818895979,0.06223249381270424,174,5.0
honda,600,26,0,0,0,0.05694078158714937,0.028201769977734954,0.09159510818895979,0.06223249381270424,174,5.0
honda,600,27,0,0,0,0.05694078158714937,0.028201769977734954,0.09159510818895979,0.06223249381270424,174,5.0
honda,600,28,0,0,0,0.05694078158714937,0.028201769977734954,0.09159510818895979,0.06223249381270424,174,5.0
honda,600,29,0,0,0,0.05694078158714937,0.028201769977734954,0.09159510818895979,0.06223249381270424,174,5.0
honda,600,30,0,0,0,0.05694078158714937,0.028201769977734954,0.09159510818895979,0.06223249381270424,174,5.0
honda,600,31,0,0,0,0.05694078158714937,0.028201769977734954,0.09159510818895979,0.06223249381270424,174,5.0
honda,600,32,0,0,0,0.05694078158714937,0.028201769977734954,0.09159510818895979,0.06223249381270424,174,5.0
honda,600,33,0,0,0,0.05694078158714937,0.028201769977734954,0.09159510818895979,0.06223249381270424,174,5.0
honda,600,34,0,0,0,0.05694078158714937,0.028201769977734954,0.09159510818895979,0.06223249381270424,174,5.0
honda,600,35,0,0,0,0.05694078158714937,0.028201769977734954,0.09159510818895979,0.06223249381270424,174,5.0
honda,600,36,0,0,0,0.05694078158714937,0.028201769977734954,0.09159510818895979,0.06223249381270424,174,5.0
honda,620,0,0,0,0,0.0,0.0,0.0,0.0,324,5.0
honda,620,1,0,0,0,0.0,0.0,0.0,0.0,324,5.0
honda,620,2,0,0,0,0.0,0.0,0.0,0.0,324,5.0
honda,620,3,3,0,0,0.0,0.0,0.0,0.0,324,5.0
honda,620,4,61,0,0,0.0,0.0,0.0,0.0,324,5.0
honda,620,5,183,0,3,0.0,0.0,0.0,0.0,324,5.0
honda,620,6,321,0,2,0.0,0.0,0.0,0.0,324,5.0
honda,620,7,319,0,4,0.0,0.0,0.0,0.0,324,5.0
honda,620,8,315,0,5,0.0,0.0,0.0,0.0,324,5.0
honda,620,9,310,0,4,0.0,0.0,0.0,0.0,324,5.0
honda,620,10,306,0,5,0.0,0.0,0.0,0.0,324,5.0
honda,620,11,301,0,5,0.0,0.0,0.0,0.0,324,5.0
honda,620,12,296,2,3,0.006128389765589093,0.0,0.015343202983934105,0.006756756756756799,324,5.0
honda,620,13,291,1,4,0.009192584648383639,0.0,0.018403084376470518,0.010169963778211222,324,5.0
honda,620,14,286,1,5,0.012256779531178185,0.0030485893416927904,0.024550153462028573,0.013630907960804906,324,5.0
honda,620,15,280,1,5,0.015320974413972732,0.0030861656503775566,0.02778981032816683,0.01715365471808772,324,5.0
honda,620,16,274,0,6,0.015320974413972732,0.0030861656503775566,0.02778981032816683,0.01715365471808772,324,5.0
honda,620,17,268,2,8,0.021449364179561826,0.006155450654382137,0.03667835266842275,0.02448832893660946,324,5.0
honda,620,18,258,1,2,0.02451355906235637,0.009195014811707803,0.03702609849928227,0.02826938192522721,324,5.0
honda,620,19,255,1,1,0.027577753945150916,0.012223041032205902,0.04309425725528777,0.03208009023140279,324,5.0
honda,620,20,253,0,3,0.027577753945150916,0.012223041032205902,0.04309425725528777,0.03208009023140279,324,5.0
honda,620,21,250,1,4,0.03064194882794546,0.015281716112047926,0.04596942030833492,0.03595176987047721,324,5.0
honda,620,22,244,0,4,0.03064194882794546,0.015281716112047926,0.04596942030833492,0.03595176987047721,324,5.0
honda,620,23,201,1,6,0.034315683823221525,0.01599055844593458,0.05030770933102833,0.04074802972186786,324,5.0
honda,620,24,105,0,2,0.034315683823221525,0.01599055844593458,0.05030770933102833,0.04074802972186786,324,5.0
honda,620,25,0,0,0,0.034315683823221525,0.01599055844593458,0.05030770933102833,0.04074802972186786,324,5.0
honda,620,26,0,0,0,0.034315683823221525,0.01599055844593458,0.05030770933102833,0.04074802972186786,324,5.0
honda,620,27,0,0,0,0.034315683823221525,0.01599055844593458,0.05030770933102833,0.04074802972186786,324,5.0
honda,620,28,0,0,0,0.034315683823221525,0.01599055844593458,0.05030770933102833,0.04074802972186786,324,5.0
honda,620,29,0,0,0,0.034315683823221525,0.01599055844593458,0.05030770933102833,0.04074802972186786,324,5.0
honda,620,30,0,0,0,0.034315683823221525,0.01599055844593458,0.05030770933102833,0.04074802972186786,324,5.0
honda,620,31,0,0,0,0.034315683823221525,0.01599055844593458,0.05030770933102833,0.04074802972186786,324,5.0
honda,620,32,0,0,0,0.034315683823221525,0.01599055844593458,0.05030770933102833,0.04074802972186786,324,5.0
honda,620,33,0,0,0,0.034315683823221525,0.01599055844593458,0.05030770933102833,0.04074802972186786,324,5.0
honda,620,34,0,0,0,0.034315683823221525,0.01599055844593458,0.05030770933102833,0.04074802972186786,324,5.0
honda,620,35,0,0,0,0.034315683823221525,0.01599055844593458,0.05030770933102833,0.04074802972186786,324,5.0
honda,620,36,0,0,0,0.034315683823221525,0.01599055844593458,0.05030770933102833,0.04074802972186786,324,5.0
honda,640,0,0,0,0,0.0,0.0,0.0,0.0,478,5.0
honda,640,1,0,0,0,0.0,0.0,0.0,0.0,478,5.0
honda,640,2,0,0,0,0.0,0.0,0.0,0.0,478,5.0
honda,640,3,4,0,0,0.0,0.0,0.0,0.0,478,5.0
honda,640,4,95,0,1,0.0,0.0,0.0,0.0,478,5.0
honda,640,5,267,0,1,0.0,0.0,0.0,0.0,478,5.0
honda,640,6,476,0,4,0.0,0.0,0.0,0.0,478,5.0
honda,640,7,472,1,5,0.0020709407358448996,0.0,0.008250175856671996,0.0021186440677966045,478,5.0
honda,640,8,466,0,3,0.0020709407358448996,0.0,0.008250175856671996,0.0021186440677966045,478,5.0
honda,640,9,463,1,7,0.0041418814716898,0.0,0.010460251046025106,0.0042738953765054655,478,5.0
honda,640,10,455,1,3,0.0062128222075347,0.0,0.014575372026712802,0.006462304397656049,478,5.0
honda,640,11,451,0,11,0.0062128222075347,0.0,0.014575372026712802,0.006462304397656049,478,5.0
honda,640,12,440,1,3,0.0082837629433796,0.0019924944154877146,0.018654546839026065,0.008720344614934095,478,5.0
honda,640,13,436,0,8,0.0082837629433796,0.0019924944154877146,0.018654546839026065,0.008720344614934095,478,5.0
honda,640,14,428,1,6,0.0103547036792245,0.002075249021368454,0.020929628636439542,0.011036418576114149,478,5.0
honda,640,15,421,0,5,0.0103547036792245,0.002075249021368454,0.020929628636439542,0.011036418576114149,478,5.0
honda,640,16,416,1,5,0.012425644415069399,0.0040105715336804905,0.026495222955357133,0.013413734877613881,478,5.0
honda,640,17,410,1,5,0.014496585150914298,0.004183239073741142,0.027146134869663677,0.015820042841326987,478,5.0
honda,640,18,404,0,7,0.014496585150914298,0.004183239073741142,0.027146134869663677,0.015820042841326987,478,5.0
honda,640,19,397,2,11,0.0186384666226041,0.0061736626654584695,0.030822821785574644,0.020778128267819107,478,5.0
honda,640,20,384,2,13,0.022780348094293898,0.010457919557351154,0.035594960982554984,0.02587824218309087,478,5.0
honda,640,21,369,0,10,0.022780348094293898,0.010457919557351154,0.035594960982554984,0.02587824218309087,478,5.0
honda,640,22,357,0,5,0.022780348094293898,0.010457919557351154,0.035594960982554984,0.02587824218309087,478,5.0
honda,640,23,283,3,3,0.03055124927038584,0.015443282827598505,0.04563118832025959,0.03620462124122059,478,5.0
honda,640,24,147,0,3,0.03055124927038584,0.015443282827598505,0.04563118832025959,0.03620462124122059,478,5.0
honda,640,25,0,0,0,0.03055124927038584,0.015443282827598505,0.04563118832025959,0.03620462124122059,478,5.0
honda,640,26,0,0,0,0.03055124927038584,0.015443282827598505,0.04563118832025959,0.03620462124122059,478,5.0
honda,640,27,0,0,0,0.03055124927038584,0.015443282827598505,0.04563118832025959,0.03620462124122059,478,5.0
honda,640,28,0,0,0,0.03055124927038584,0.015443282827598505,0.04563118832025959,0.03620462124122059,478,5.0
honda,640,29,0,0,0,0.03055124927038584,0.015443282827598505,0.04563118832025959,0.03620462124122059,478,5.0
honda,640,30,0,0,0,0.03055124927038584,0.015443282827598505,0.04563118832025959,0.03620462124122059,478,5.0
honda,640,31,0,0,0,0.03055124927038584,0.015443282827598505,0.04563118832025959,0.03620462124122059,478,5.0
honda,640,32,0,0,0,0.03055124927038584,0.015443282827598505,0.04563118832025959,0.03620462124122059,478,5.0
honda,640,33,0,0,0,0.03055124927038584,0.015443282827598505,0.04563118832025959,0.03620462124122059,478,5.0
honda,640,34,0,0,0,0.03055124927038584,0.015443282827598505,0.04563118832025959,0.03620462124122059,478,5.0
honda,640,35,0,0,0,0.03055124927038584,0.015443282827598505,0.04563118832025959,0.03620462124122059,478,5.0
honda,640,36,0,0,0,0.03055124927038584,0.015443282827598505,0.04563118832025959,0.03620462124122059,478,5.0
honda,660,0,0,0,0,0.0,0.0,0.0,0.0,829,5.0
honda,660,1,0,0,0,0.0,0.0,0.0,0.0,829,5.0
honda,660,2,0,0,0,0.0,0.0,0.0,0.0,829,5.0
honda,660,3,12,0,0,0.0,0.0,0.0,0.0,829,5.0
honda,660,4,170,0,3,0.0,0.0,0.0,0.0,829,5.0
honda,660,5,442,0,3,0.0,0.0,0.0,0.0,829,5.0
honda,660,6,823,0,6,0.0,0.0,0.0,0.0,829,5.0
honda,660,7,817,0,10,0.0,0.0,0.0,0.0,829,5.0
honda,660,8,807,0,10,0.0,0.0,0.0,0.0,829,5.0
honda,660,9,797,1,5,0.0011855229493038671,0.0,0.0035898039246393568,0.0012547051442910462,829,5.0
honda,660,10,791,0,11,0.0011855229493038671,0.0,0.0035898039246393568,0.0012547051442910462,829,5.0
honda,660,11,780,1,16,0.0023710458986077347,0.0,0.005956064335933508,0.0025351478300035257,829,5.0
honda,660,12,763,0,8,0.0023710458986077347,0.0,0.005956064335933508,0.0025351478300035257,829,5.0
honda,660,13,755,0,11,0.0023710458986077347,0.0,0.005956064335933508,0.0025351478300035257,829,5.0
honda,660,14,744,1,14,0.003556568847911602,0.0,0.008353460964302374,0.0038758263947481497,829,5.0
honda,660,15,729,2,12,0.005927614746519336,0.0011995122170744854,0.011912128671867018,0.0066086773511412344,829,5.0
honda,660,16,715,0,6,0.005927614746519336,0.0011995122170744854,0.011912128671867018,0.0066086773511412344,829,5.0
honda,660,17,709,0,5,0.005927614746519336,0.0011995122170744854,0.011912128671867018,0.0066086773511412344,829,5.0
honda,660,18,704,0,6,0.005927614746519336,0.0011995122170744854,0.011912128671867018,0.0066086773511412344,829,5.0
honda,660,19,698,1,11,0.007113137695823203,0.002370196604750828,0.013073121136909597,0.008031874088460511,829,5.0
honda,660,20,686,0,8,0.007113137695823203,0.002370196604750828,0.013073121136909597,0.008031874088460511,829,5.0
honda,660,21,678,1,19,0.008298660645127071,0.0024006612181306946,0.014211160058882576,0.009494953920188398,829,5.0
honda,660,22,651,2,4,0.010695201660924136,0.004675860132231998,0.017741052917659886,0.012537980175425845,829,5.0
honda,660,23,519,3,11,0.01516274199384063,0.006973341165935441,0.02365469291804967,0.0182458531223888,829,5.0
honda,660,24,286,1,4,0.017792238343634137,0.009673173642143323,0.026492664468965397,0.021678559929653174,829,5.0
honda,660,25,0,0,0,0.017792238343634137,0.009673173642143323,0.026492664468965397,0.021678559929653174,829,5.0
honda,660,26,0,0,0,0.017792238343634137,0.009673173642143323,0.026492664468965397,0.021678559929653174,829,5.0
honda,660,27,0,0,0,0.017792238343634137,0.009673173642143323,0.026492664468965397,0.021678559929653174,829,5.0
honda,660,28,0,0,0,0.017792238343634137,0.009673173642143323,0.026492664468965397,0.021678559929653174,829,5.0
honda,660,29,0,0,0,0.017792238343634137,0.009673173642143323,0.026492664468965397,0.021678559929653174,829,5.0
honda,660,30,0,0,0,0.017792238343634137,0.009673173642143323,0.026492664468965397,0.021678559929653174,829,5.0
honda,660,31,0,0,0,0.017792238343634137,0.009673173642143323,0.026492664468965397,0.021678559929653174,829,5.0
honda,660,32,0,0,0,0.017792238343634137,0.009673173642143323,0.026492664468965397,0.021678559929653174,829,5.0
honda,660,33,0,0,0,0.017792238343634137,0.009673173642143323,0.026492664468965397,0.021678559929653174,829,5.0
honda,660,34,0,0,0,0.017792238343634137,0.009673173642143323,0.026492664468965397,0.021678559929653174,829,5.0
honda,660,35,0,0,0,0.017792238343634137,0.009673173642143323,0.026492664468965397,0.021678559929653174,829,5.0
honda,660,36,0,0,0,0.017792238343634137,0.009673173642143323,0.026492664468965397,0.021678559929653174,829,5.0
honda,680,0,0,0,0,0.0,0.0,0.0,0.0,1309,5.0
honda,680,1,0,0,0,0.0,0.0,0.0,0.0,1309,5.0
honda,680,2,0,0,0,0.0,0.0,0.0,0.0,1309,5.0
honda,680,3,20,0,0,0.0,0.0,0.0,0.0,1309,5.0
honda,680,4,256,0,1,0.0,0.0,0.0,0.0,1309,5.0
honda,680,5,715,0,1,0.0,0.0,0.0,0.0,1309,5.0
honda,680,6,1307,0,7,0.0,0.0,0.0,0.0,1309,5.0
honda,680,7,1300,0,9,0.0,0.0,0.0,0.0,1309,5.0
honda,680,8,1291,1,16,0.0007610563212609885,0.0,0.003036877438493137,0.0007745933384972759,1309,5.0
honda,680,9,1274,0,12,0.0007610563212609885,0.0,0.003036877438493137,0.0007745933384972759,1309,5.0
honda,680,10,1262,0,17,0.0007610563212609885,0.0,0.003036877438493137,0.0007745933384972759,1309,5.0
honda,680,11,1245,0,9,0.0007610563212609885,0.0,0.003036877438493137,0.0007745933384972759,1309,5.0
honda,680,12,1236,1,24,0.001522112642521977,0.0,0.004537347268433528,0.0015830281335308394,1309,5.0
honda,680,13,1211,0,11,0.001522112642521977,0.0,0.004537347268433528,0.0015830281335308394,1309,5.0
honda,680,14,1200,1,15,0.0022831689637829657,0.0,0.005315730237355397,0.0024150422767529323,1309,5.0
honda,680,15,1184,1,15,0.0030442252850439544,0.000761743108745199,0.006089896192021192,0.0032575971396948677,1309,5.0
honda,680,16,1168,0,19,0.0030442252850439544,0.000761743108745199,0.006089896192021192,0.0032575971396948677,1309,5.0
honda,680,17,1149,0,11,0.0030442252850439544,0.000761743108745199,0.006089896192021192,0.0032575971396948677,1309,5.0
honda,680,18,1138,1,12,0.003805281606304943,0.001498198911252612,0.007590515943818367,0.00413346919844737,1309,5.0
honda,680,19,1125,0,18,0.003805281606304943,0.001498198911252612,0.007590515943818367,0.00413346919844737,1309,5.0
honda,680,20,1107,0,12,0.003805281606304943,0.001498198911252612,0.007590515943818367,0.00413346919844737,1309,5.0
honda,680,21,1095,0,16,0.003805281606304943,0.001498198911252612,0.007590515943818367,0.00413346919844737,1309,5.0
honda,680,22,1064,1,8,0.004577067105027318,0.0015230001198663944,0.008405505416194762,0.005069433983035276,1309,5.0
honda,680,23,864,0,17,0.004577067105027318,0.0015230001198663944,0.008405505416194762,0.005069433983035276,1309,5.0
honda,680,24,474,0,7,0.004577067105027318,0.0015230001198663944,0.008405505416194762,0.005069433983035276,1309,5.0
honda,680,25,0,0,0,0.004577067105027318,0.0015230001198663944,0.008405505416194762,0.005069433983035276,1309,5.0
honda,680,26,0,0,0,0.004577067105027318,0.0015230001198663944,0.008405505416194762,0.005069433983035276,1309,5.0
honda,680,27,0,0,0,0.004577067105027318,0.0015230001198663944,0.008405505416194762,0.005069433983035276,1309,5.0
honda,680,28,0,0,0,0.004577067105027318,0.0015230001198663944,0.008405505416194762,0.005069433983035276,1309,5.0
honda,680,29,0,0,0,0.004577067105027318,0.0015230001198663944,0.008405505416194762,0.005069433983035276,1309,5.0
honda,680,30,0,0,0,0.004577067105027318,0.0015230001198663944,0.008405505416194762,0.005069433983035276,1309,5.0
honda,680,31,0,0,0,0.004577067105027318,0.0015230001198663944,0.008405505416194762,0.005069433983035276,1309,5.0
honda,680,32,0,0,0,0.004577067105027318,0.0015230001198663944,0.008405505416194762,0.005069433983035276,1309,5.0
honda,680,33,0,0,0,0.004577067105027318,0.0015230001198663944,0.008405505416194762,0.005069433983035276,1309,5.0
honda,680,34,0,0,0,0.004577067105027318,0.0015230001198663944,0.008405505416194762,0.005069433983035276,1309,5.0
honda,680,35,0,0,0,0.004577067105027318,0.0015230001198663944,0.008405505416194762,0.005069433983035276,1309,5.0
honda,680,36,0,0,0,0.004577067105027318,0.0015230001198663944,0.008405505416194762,0.005069433983035276,1309,5.0
honda,700,0,0,0,0,0.0,0.0,0.0,0.0,1411,5.0
honda,700,1,0,0,0,0.0,0.0,0.0,0.0,1411,5.0
honda,700,2,0,0,0,0.0,0.0,0.0,0.0,1411,5.0
honda,700,3,30,0,1,0.0,0.0,0.0,0.0,1411,5.0
honda,700,4,298,0,4,0.0,0.0,0.0,0.0,1411,5.0
honda,700,5,804,0,11,0.0,0.0,0.0,0.0,1411,5.0
honda,700,6,1395,0,6,0.0,0.0,0.0,0.0,1411,5.0
honda,700,7,1389,0,7,0.0,0.0,0.0,0.0,1411,5.0
honda,700,8,1382,0,15,0.0,0.0,0.0,0.0,1411,5.0
honda,700,9,1367,1,12,0.0006742962438774352,0.0,0.002113859075332919,0.000731528895391409,1411,5.0
honda,700,10,1354,0,10,0.0006742962438774352,0.0,0.002113859075332919,0.000731528895391409,1411,5.0
honda,700,11,1344,0,17,0.0006742962438774352,0.0,0.002113859075332919,0.000731528895391409,1411,5.0
honda,700,12,1327,0,16,0.0006742962438774352,0.0,0.002113859075332919,0.000731528895391409,1411,5.0
honda,700,13,1311,0,12,0.0006742962438774352,0.0,0.002113859075332919,0.000731528895391409,1411,5.0
honda,700,14,1299,3,13,0.0026971849755097407,0.0,0.005411785936894802,0.00303930827438581,1411,5.0
honda,700,15,1283,0,13,0.0026971849755097407,0.0,0.005411785936894802,0.00303930827438581,1411,5.0
honda,700,16,1270,0,21,0.0026971849755097407,0.0,0.005411785936894802,0.00303930827438581,1411,5.0
honda,700,17,1249,2,23,0.004045777463264611,0.0006965914022963625,0.0075168434888567845,0.004635722512537299,1411,5.0
honda,700,18,1224,2,14,0.0053943699510194815,0.002034843715186078,0.009126359489204669,0.0062621347306540676,1411,5.0
honda,700,19,1208,1,21,0.006068666194896917,0.0027106518427912865,0.00988327372599338,0.007084765413824079,1411,5.0
honda,700,20,1186,2,18,0.007417258682651787,0.003507470963101974,0.011856833603993252,0.008759158726785565,1411,5.0
honda,700,21,1166,2,24,0.008765851170406657,0.0041891294972796955,0.013400720295067883,0.010459400307014088,1411,5.0
honda,700,22,1121,1,18,0.00945157616418032,0.005255004277968223,0.014091894447315666,0.011342130547596585,1411,5.0
honda,700,23,898,1,20,0.010293078328031741,0.005825176753970189,0.015413197618422492,0.012443085858790726,1411,5.0
honda,700,24,485,1,8,0.011814722446996065,0.006235382459734477,0.018042548674964822,0.014479285681762266,1411,5.0
honda,700,25,0,0,0,0.011814722446996065,0.006235382459734477,0.018042548674964822,0.014479285681762266,1411,5.0
honda,700,26,0,0,0,0.011814722446996065,0.006235382459734477,0.018042548674964822,0.014479285681762266,1411,5.0
honda,700,27,0,0,0,0.011814722446996065,0.006235382459734477,0.018042548674964822,0.014479285681762266,1411,5.0
honda,700,28,0,0,0,0.011814722446996065,0.006235382459734477,0.018042548674964822,0.014479285681762266,1411,5.0
honda,700,29,0,0,0,0.011814722446996065,0.006235382459734477,0.018042548674964822,0.014479285681762266,1411,5.0
honda,700,30,0,0,0,0.011814722446996065,0.006235382459734477,0.018042548674964822,0.014479285681762266,1411,5.0
honda,700,31,0,0,0,0.011814722446996065,0.006235382459734477,0.018042548674964822,0.014479285681762266,1411,5.0
honda,700,32,0,0,0,0.011814722446996065,0.006235382459734477,0.018042548674964822,0.014479285681762266,1411,5.0
honda,700,33,0,0,0,0.011814722446996065,0.006235382459734477,0.018042548674964822,0.014479285681762266,1411,5.0
honda,700,34,0,0,0,0.011814722446996065,0.006235382459734477,0.018042548674964822,0.014479285681762266,1411,5.0
honda,700,35,0,0,0,0.011814722446996065,0.006235382459734477,0.018042548674964822,0.014479285681762266,1411,5.0
honda,700,36,0,0,0,0.011814722446996065,0.006235382459734477,0.018042548674964822,0.014479285681762266,1411,5.0
honda,720,0,0,0,0,0.0,0.0,0.0,0.0,1756,5.0
honda,720,1,0,0,0,0.0,0.0,0.0,0.0,1756,5.0
honda,720,2,0,0,0,0.0,0.0,0.0,0.0,1756,5.0
honda,720,3,34,0,1,0.0,0.0,0.0,0.0,1756,5.0
honda,720,4,373,0,4,0.0,0.0,0.0,0.0,1756,5.0
honda,720,5,1007,0,9,0.0,0.0,0.0,0.0,1756,5.0
honda,720,6,1742,0,19,0.0,0.0,0.0,0.0,1756,5.0
honda,720,7,1723,0,20,0.0,0.0,0.0,0.0,1756,5.0
honda,720,8,1703,3,14,0.0016388029308114851,0.0,0.003402744237376999,0.0017615971814445297,1756,5.0
honda,720,9,1686,1,23,0.002185070574415314,0.0005115515234178763,0.004414920328783353,0.0023536721534603844,1756,5.0
honda,720,10,1662,0,19,0.002185070574415314,0.0005115515234178763,0.004414920328783353,0.0023536721534603844,1756,5.0
honda,720,11,1643,0,18,0.002185070574415314,0.0005115515234178763,0.004414920328783353,0.0023536721534603844,1756,5.0
honda,720,12,1625,2,16,0.0032776058616229703,0.0005661513782810678,0.005646673896970455,0.0035815445569638005,1756,5.0
honda,720,13,1607,1,22,0.0038238735052267985,0.0011224647480416472,0.006657715039285666,0.004201593378023505,1756,5.0
honda,720,14,1584,0,28,0.0038238735052267985,0.0011224647480416472,0.006657715039285666,0.004201593378023505,1756,5.0
honda,720,15,1556,0,22,0.0038238735052267985,0.0011224647480416472,0.006657715039285666,0.004201593378023505,1756,5.0
honda,720,16,1534,3,16,0.005462676436038284,0.0022402326250816297,0.00902218658324727,0.0061490478890182665,1756,5.0
honda,720,17,1515,1,14,0.006008944079642113,0.0025545837825705522,0.00993216745071922,0.00680505511813434,1756,5.0
honda,720,18,1500,1,16,0.0065552117232459415,0.002805179364913182,0.010624889111552042,0.007467185081388994,1756,5.0
honda,720,19,1483,0,26,0.0065552117232459415,0.002805179364913182,0.010624889111552042,0.007467185081388994,1756,5.0
honda,720,20,1457,4,27,0.008740282297661255,0.004890821855341278,0.013826472096576668,0.010192052109305516,1756,5.0
honda,720,21,1426,1,22,0.009286549941265083,0.004895987409521457,0.01513181794309957,0.010886167079775855,1756,5.0
honda,720,22,1381,0,25,0.009286549941265083,0.004895987409521457,0.01513181794309957,0.010886167079775855,1756,5.0
honda,720,23,1085,2,23,0.01067371907522156,0.00622780504305893,0.016712509122766717,0.012709418384697968,1756,5.0
honda,720,24,589,0,14,0.01067371907522156,0.00622780504305893,0.016712509122766717,0.012709418384697968,1756,5.0
honda,720,25,0,0,0,0.01067371907522156,0.00622780504305893,0.016712509122766717,0.012709418384697968,1756,5.0
honda,720,26,0,0,0,0.01067371907522156,0.00622780504305893,0.016712509122766717,0.012709418384697968,1756,5.0
honda,720,27,0,0,0,0.01067371907522156,0.00622780504305893,0.016712509122766717,0.012709418384697968,1756,5.0
honda,720,28,0,0,0,0.01067371907522156,0.00622780504305893,0.016712509122766717,0.012709418384697968,1756,5.0
honda,720,29,0,0,0,0.01067371907522156,0.00622780504305893,0.016712509122766717,0.012709418384697968,1756,5.0
honda,720,30,0,0,0,0.01067371907522156,0.00622780504305893,0.016712509122766717,0.012709418384697968,1756,5.0
honda,720,31,0,0,0,0.01067371907522156,0.00622780504305893,0.016712509122766717,0.012709418384697968,1756,5.0
honda,720,32,0,0,0,0.01067371907522156,0.00622780504305893,0.016712509122766717,0.012709418384697968,1756,5.0
honda,720,33,0,0,0,0.01067371907522156,0.00622780504305893,0.016712509122766717,0.012709418384697968,1756,5.0
honda,720,34,0,0,0,0.01067371907522156,0.00622780504305893,0.016712509122766717,0.012709418384697968,1756,5.0
honda,720,35,0,0,0,0.01067371907522156,0.00622780504305893,0.016712509122766717,0.012709418384697968,1756,5.0
honda,720,36,0,0,0,0.01067371907522156,0.00622780504305893,0.016712509122766717,0.012709418384697968,1756,5.0
honda,740,0,0,0,0,0.0,0.0,0.0,0.0,2113,5.0
honda,740,1,0,0,0,0.0,0.0,0.0,0.0,2113,5.0
honda,740,2,0,0,0,0.0,0.0,0.0,0.0,2113,5.0
honda,740,3,37,0,2,0.0,0.0,0.0,0.0,2113,5.0
honda,740,4,429,0,8,0.0,0.0,0.0,0.0,2113,5.0
honda,740,5,1183,0,16,0.0,0.0,0.0,0.0,2113,5.0
honda,740,6,2087,0,20,0.0,0.0,0.0,0.0,2113,5.0
honda,740,7,2067,0,25,0.0,0.0,0.0,0.0,2113,5.0
honda,740,8,2042,0,19,0.0,0.0,0.0,0.0,2113,5.0
honda,740,9,2023,0,16,0.0,0.0,0.0,0.0,2113,5.0
honda,740,10,2007,0,28,0.0,0.0,0.0,0.0,2113,5.0
honda,740,11,1979,0,22,0.0,0.0,0.0,0.0,2113,5.0
honda,740,12,1957,0,21,0.0,0.0,0.0,0.0,2113,5.0
honda,740,13,1936,0,20,0.0,0.0,0.0,0.0,2113,5.0
honda,740,14,1916,0,23,0.0,0.0,0.0,0.0,2113,5.0
honda,740,15,1893,1,17,0.00043878804479082905,0.0,0.0013222001546653694,0.0005282620179608566,2113,5.0
honda,740,16,1875,0,26,0.00043878804479082905,0.0,0.0013222001546653694,0.0005282620179608566,2113,5.0
honda,740,17,1849,0,26,0.00043878804479082905,0.0,0.0013222001546653694,0.0005282620179608566,2113,5.0
honda,740,18,1823,1,22,0.0008775760895816581,0.0,0.0021283516238350814,0.001076518593924658,2113,5.0
honda,740,19,1800,1,32,0.001316364134372487,0.0,0.0027766677606924192,0.0016314760835947073,2113,5.0
honda,740,20,1767,0,25,0.001316364134372487,0.0,0.0027766677606924192,0.0016314760835947073,2113,5.0
honda,740,21,1742,0,25,0.001316364134372487,0.0,0.0027766677606924192,0.0016314760835947073,2113,5.0
honda,740,22,1693,0,27,0.001316364134372487,0.0,0.0027766677606924192,0.0016314760835947073,2113,5.0
honda,740,23,1351,0,24,0.001316364134372487,0.0,0.0027766677606924192,0.0016314760835947073,2113,5.0
honda,740,24,729,1,6,0.0023152851865228734,0.0,0.004964583447582747,0.003000980231628092,2113,5.0
honda,740,25,0,0,0,0.0023152851865228734,0.0,0.004964583447582747,0.003000980231628092,2113,5.0
honda,740,26,0,0,0,0.0023152851865228734,0.0,0.004964583447582747,0.003000980231628092,2113,5.0
honda,740,27,0,0,0,0.0023152851865228734,0.0,0.004964583447582747,0.003000980231628092,2113,5.0
honda,740,28,0,0,0,0.0023152851865228734,0.0,0.004964583447582747,0.003000980231628092,2113,5.0
honda,740,29,0,0,0,0.0023152851865228734,0.0,0.004964583447582747,0.003000980231628092,2113,5.0
honda,740,30,0,0,0,0.0023152851865228734,0.0,0.004964583447582747,0.003000980231628092,2113,5.0
honda,740,31,0,0,0,0.0023152851865228734,0.0,0.004964583447582747,0.003000980231628092,2113,5.0
honda,740,32,0,0,0,0.0023152851865228734,0.0,0.004964583447582747,0.003000980231628092,2113,5.0
honda,740,33,0,0,0,0.0023152851865228734,0.0,0.004964583447582747,0.003000980231628092,2113,5.0
honda,740,34,0,0,0,0.0023152851865228734,0.0,0.004964583447582747,0.003000980231628092,2113,5.0
honda,740,35,0,0,0,0.0023152851865228734,0.0,0.004964583447582747,0.003000980231628092,2113,5.0
honda,740,36,0,0,0,0.0023152851865228734,0.0,0.004964583447582747,0.003000980231628092,2113,5.0
honda,760,0,0,0,0,0.0,0.0,0.0,0.0,2386,5.0
honda,760,1,0,0,0,0.0,0.0,0.0,0.0,2386,5.0
honda,760,2,0,0,0,0.0,0.0,0.0,0.0,2386,5.0
honda,760,3,43,0,2,0.0,0.0,0.0,0.0,2386,5.0
honda,760,4,533,0,8,0.0,0.0,0.0,0.0,2386,5.0
honda,760,5,1394,0,16,0.0,0.0,0.0,0.0,2386,5.0
honda,760,6,2360,0,30,0.0,0.0,0.0,0.0,2386,5.0
honda,760,7,2330,0,28,0.0,0.0,0.0,0.0,2386,5.0
honda,760,8,2302,0,25,0.0,0.0,0.0,0.0,2386,5.0
honda,760,9,2277,1,25,0.00039338875036829397,0.0,0.0012492039709782223,0.0004391743522178526,2386,5.0
honda,760,10,2251,1,27,0.0007867775007365878,0.0,0.001987032767374741,0.0008832262516614842,2386,5.0
honda,760,11,2223,1,31,0.0011801662511048818,0.0,0.0028916305704940978,0.0013326714940133932,2386,5.0
honda,760,12,2191,0,34,0.0011801662511048818,0.0,0.0028916305704940978,0.0013326714940133932,2386,5.0
honda,760,13,2157,0,27,0.0011801662511048818,0.0,0.0028916305704940978,0.0013326714940133932,2386,5.0
honda,760,14,2130,0,40,0.0011801662511048818,0.0,0.0028916305704940978,0.0013326714940133932,2386,5.0
honda,760,15,2090,0,28,0.0011801662511048818,0.0,0.0028916305704940978,0.0013326714940133932,2386,5.0
honda,760,16,2062,0,25,0.0011801662511048818,0.0,0.0028916305704940978,0.0013326714940133932,2386,5.0
honda,760,17,2037,1,28,0.0015735550014731757,0.0003936885598437878,0.0036111974204885845,0.0018229352782578312,2386,5.0
honda,760,18,2008,0,25,0.0015735550014731757,0.0003936885598437878,0.0036111974204885845,0.0018229352782578312,2386,5.0
honda,760,19,1983,1,45,0.00196694375184147,0.000770850883909428,0.004146676162175019,0.0023263024314206238,2386,5.0
honda,760,20,1937,0,31,0.00196694375184147,0.000770850883909428,0.004146676162175019,0.0023263024314206238,2386,5.0
honda,760,21,1906,0,32,0.00196694375184147,0.000770850883909428,0.004146676162175019,0.0023263024314206238,2386,5.0
honda,760,22,1844,0,27,0.00196694375184147,0.000770850883909428,0.004146676162175019,0.0023263024314206238,2386,5.0
honda,760,23,1451,0,25,0.00196694375184147,0.000770850883909428,0.004146676162175019,0.0023263024314206238,2386,5.0
honda,760,24,776,0,12,0.00196694375184147,0.000770850883909428,0.004146676162175019,0.0023263024314206238,2386,5.0
honda,760,25,0,0,0,0.00196694375184147,0.000770850883909428,0.004146676162175019,0.0023263024314206238,2386,5.0
honda,760,26,0,0,0,0.00196694375184147,0.000770850883909428,0.004146676162175019,0.0023263024314206238,2386,5.0
honda,760,27,0,0,0,0.00196694375184147,0.000770850883909428,0.004146676162175019,0.0023263024314206238,2386,5.0
honda,760,28,0,0,0,0.00196694375184147,0.000770850883909428,0.004146676162175019,0.0023263024314206238,2386,5.0
honda,760,29,0,0,0,0.00196694375184147,0.000770850883909428,0.004146676162175019,0.0023263024314206238,2386,5.0
honda,760,30,0,0,0,0.00196694375184147,0.000770850883909428,0.004146676162175019,0.0023263024314206238,2386,5.0
honda,760,31,0,0,0,0.00196694375184147,0.000770850883909428,0.004146676162175019,0.0023263024314206238,2386,5.0
honda,760,32,0,0,0,0.00196694375184147,0.000770850883909428,0.004146676162175019,0.0023263024314206238,2386,5.0
honda,760,33,0,0,0,0.00196694375184147,0.000770850883909428,0.004146676162175019,0.0023263024314206238,2386,5.0
honda,760,34,0,0,0,0.00196694375184147,0.000770850883909428,0.004146676162175019,0.0023263024314206238,2386,5.0
honda,760,35,0,0,0,0.00196694375184147,0.000770850883909428,0.004146676162175019,0.0023263024314206238,2386,5.0
honda,760,36,0,0,0,0.00196694375184147,0.000770850883909428,0.004146676162175019,0.0023263024314206238,2386,5.0
honda,780,0,0,0,0,0.0,0.0,0.0,0.0,2779,5.0
honda,780,1,0,0,0,0.0,0.0,0.0,0.0,2779,5.0
honda,780,2,0,0,0,0.0,0.0,0.0,0.0,2779,5.0
honda,780,3,48,0,4,0.0,0.0,0.0,0.0,2779,5.0
honda,780,4,628,0,14,0.0,0.0,0.0,0.0,2779,5.0
honda,780,5,1609,0,34,0.0,0.0,0.0,0.0,2779,5.0
honda,780,6,2727,0,36,0.0,0.0,0.0,0.0,2779,5.0
honda,780,7,2691,1,42,0.00032170628280778067,0.0,0.0009810056949208943,0.0003716090672611916,2779,5.0
honda,780,8,2648,0,50,0.00032170628280778067,0.0,0.0009810056949208943,0.0003716090672611916,2779,5.0
honda,780,9,2598,0,36,0.00032170628280778067,0.0,0.0009810056949208943,0.0003716090672611916,2779,5.0
honda,780,10,2562,0,31,0.00032170628280778067,0.0,0.0009810056949208943,0.0003716090672611916,2779,5.0
honda,780,11,2531,0,39,0.00032170628280778067,0.0,0.0009810056949208943,0.0003716090672611916,2779,5.0
honda,780,12,2492,0,33,0.00032170628280778067,0.0,0.0009810056949208943,0.0003716090672611916,2779,5.0
honda,780,13,2459,0,30,0.00032170628280778067,0.0,0.0009810056949208943,0.0003716090672611916,2779,5.0
honda,780,14,2429,0,39,0.00032170628280778067,0.0,0.0009810056949208943,0.0003716090672611916,2779,5.0
honda,780,15,2390,0,28,0.00032170628280778067,0.0,0.0009810056949208943,0.0003716090672611916,2779,5.0
honda,780,16,2362,0,27,0.00032170628280778067,0.0,0.0009810056949208943,0.0003716090672611916,2779,5.0
honda,780,17,2335,0,43,0.00032170628280778067,0.0,0.0009810056949208943,0.0003716090672611916,2779,5.0
honda,780,18,2292,1,40,0.0006434125656155612,0.0,0.0016285299153937897,0.0008077471086803678,2779,5.0
honda,780,19,2251,0,32,0.0006434125656155612,0.0,0.0016285299153937897,0.0008077471086803678,2779,5.0
honda,780,20,2219,0,45,0.0006434125656155612,0.0,0.0016285299153937897,0.0008077471086803678,2779,5.0
honda,780,21,2174,0,40,0.0006434125656155612,0.0,0.0016285299153937897,0.0008077471086803678,2779,5.0
honda,780,22,2114,0,35,0.0006434125656155612,0.0,0.0016285299153937897,0.0008077471086803678,2779,5.0
honda,780,23,1668,1,29,0.0010481817276984892,0.0,0.0023364376148037737,0.0014067832315168838,2779,5.0
honda,780,24,878,0,22,0.0010481817276984892,0.0,0.0023364376148037737,0.0014067832315168838,2779,5.0
honda,780,25,0,0,0,0.0010481817276984892,0.0,0.0023364376148037737,0.0014067832315168838,2779,5.0
honda,780,26,0,0,0,0.0010481817276984892,0.0,0.0023364376148037737,0.0014067832315168838,2779,5.0
honda,780,27,0,0,0,0.0010481817276984892,0.0,0.0023364376148037737,0.0014067832315168838,2779,5.0
honda,780,28,0,0,0,0.0010481817276984892,0.0,0.0023364376148037737,0.0014067832315168838,2779,5.0
honda,780,29,0,0,0,0.0010481817276984892,0.0,0.0023364376148037737,0.0014067832315168838,2779,5.0
honda,780,30,0,0,0,0.0010481817276984892,0.0,0.0023364376148037737,0.0014067832315168838,2779,5.0
honda,780,31,0,0,0,0.0010481817276984892,0.0,0.0023364376148037737,0.0014067832315168838,2779,5.0
honda,780,32,0,0,0,0.0010481817276984892,0.0,0.0023364376148037737,0.0014067832315168838,2779,5.0
honda,780,33,0,0,0,0.0010481817276984892,0.0,0.0023364376148037737,0.0014067832315168838,2779,5.0
honda,780,34,0,0,0,0.0010481817276984892,0.0,0.0023364376148037737,0.0014067832315168838,2779,5.0
honda,780,35,0,0,0,0.0010481817276984892,0.0,0.0023364376148037737,0.0014067832315168838,2779,5.0
honda,780,36,0,0,0,0.0010481817276984892,0.0,0.0023364376148037737,0.0014067832315168838,2779,5.0
honda,800,0,0,0,0,0.0,0.0,0.0,0.0,2734,5.0
honda,800,1,0,0,0,0.0,0.0,0.0,0.0,2734,5.0
honda,800,2,0,0,0,0.0,0.0,0.0,0.0,2734,5.0
honda,800,3,54,0,7,0.0,0.0,0.0,0.0,2734,5.0
honda,800,4,608,0,21,0.0,0.0,0.0,0.0,2734,5.0
honda,800,5,1612,0,41,0.0,0.0,0.0,0.0,2734,5.0
honda,800,6,2665,0,52,0.0,0.0,0.0,0.0,2734,5.0
honda,800,7,2613,0,45,0.0,0.0,0.0,0.0,2734,5.0
honda,800,8,2568,0,43,0.0,0.0,0.0,0.0,2734,5.0
honda,800,9,2525,0,35,0.0,0.0,0.0,0.0,2734,5.0
honda,800,10,2490,0,38,0.0,0.0,0.0,0.0,2734,5.0
honda,800,11,2452,0,29,0.0,0.0,0.0,0.0,2734,5.0
honda,800,12,2423,0,37,0.0,0.0,0.0,0.0,2734,5.0
honda,800,13,2386,0,40,0.0,0.0,0.0,0.0,2734,5.0
honda,800,14,2346,0,41,0.0,0.0,0.0,0.0,2734,5.0
honda,800,15,2305,0,44,0.0,0.0,0.0,0.0,2734,5.0
honda,800,16,2261,0,32,0.0,0.0,0.0,0.0,2734,5.0
honda,800,17,2229,0,42,0.0,0.0,0.0,0.0,2734,5.0
honda,800,18,2187,0,42,0.0,0.0,0.0,0.0,2734,5.0
honda,800,19,2145,0,47,0.0,0.0,0.0,0.0,2734,5.0
honda,800,20,2098,1,38,0.00030729292002005566,0.0,0.0009304663201128465,0.0004766444232602307,2734,5.0
honda,800,21,2059,0,36,0.00030729292002005566,0.0,0.0009304663201128465,0.0004766444232602307,2734,5.0
honda,800,22,2003,0,37,0.00030729292002005566,0.0,0.0009304663201128465,0.0004766444232602307,2734,5.0
honda,800,23,1574,0,34,0.00030729292002005566,0.0,0.0009304663201128465,0.0004766444232602307,2734,5.0
honda,800,24,798,0,16,0.00030729292002005566,0.0,0.0009304663201128465,0.0004766444232602307,2734,5.0
honda,800,25,0,0,0,0.00030729292002005566,0.0,0.0009304663201128465,0.0004766444232602307,2734,5.0
honda,800,26,0,0,0,0.00030729292002005566,0.0,0.0009304663201128465,0.0004766444232602307,2734,5.0
honda,800,27,0,0,0,0.00030729292002005566,0.0,0.0009304663201128465,0.0004766444232602307,2734,5.0
honda,800,28,0,0,0,0.00030729292002005566,0.0,0.0009304663201128465,0.0004766444232602307,2734,5.0
honda,800,29,0,0,0,0.00030729292002005566,0.0,0.0009304663201128465,0.0004766444232602307,2734,5.0
honda,800,30,0,0,0,0.00030729292002005566,0.0,0.0009304663201128465,0.0004766444232602307,2734,5.0
honda,800,31,0,0,0,0.00030729292002005566,0.0,0.0009304663201128465,0.0004766444232602307,2734,5.0
honda,800,32,0,0,0,0.00030729292002005566,0.0,0.0009304663201128465,0.0004766444232602307,2734,5.0
honda,800,33,0,0,0,0.00030729292002005566,0.0,0.0009304663201128465,0.0004766444232602307,2734,5.0
honda,800,34,0,0,0,0.00030729292002005566,0.0,0.0009304663201128465,0.0004766444232602307,2734,5.0
honda,800,35,0,0,0,0.00030729292002005566,0.0,0.0009304663201128465,0.0004766444232602307,2734,5.0
honda,800,36,0,0,0,0.00030729292002005566,0.0,0.0009304663201128465,0.0004766444232602307,2734,5.0
honda,820,0,0,0,0,0.0,0.0,0.0,0.0,2937,5.0
honda,820,1,0,0,0,0.0,0.0,0.0,0.0,2937,5.0
honda,820,2,0,0,0,0.0,0.0,0.0,0.0,2937,5.0
honda,820,3,63,0,2,0.0,0.0,0.0,0.0,2937,5.0
honda,820,4,648,0,10,0.0,0.0,0.0,0.0,2937,5.0
honda,820,5,1763,0,23,0.0,0.0,0.0,0.0,2937,5.0
honda,820,6,2902,0,41,0.0,0.0,0.0,0.0,2937,5.0
honda,820,7,2861,0,42,0.0,0.0,0.0,0.0,2937,5.0
honda,820,8,2819,0,38,0.0,0.0,0.0,0.0,2937,5.0
honda,820,9,2781,0,45,0.0,0.0,0.0,0.0,2937,5.0
honda,820,10,2736,0,29,0.0,0.0,0.0,0.0,2937,5.0
honda,820,11,2707,0,40,0.0,0.0,0.0,0.0,2937,5.0
honda,820,12,2667,0,35,0.0,0.0,0.0,0.0,2937,5.0
honda,820,13,2632,0,42,0.0,0.0,0.0,0.0,2937,5.0
honda,820,14,2590,0,42,0.0,0.0,0.0,0.0,2937,5.0
honda,820,15,2548,0,48,0.0,0.0,0.0,0.0,2937,5.0
honda,820,16,2500,0,42,0.0,0.0,0.0,0.0,2937,5.0
honda,820,17,2458,0,42,0.0,0.0,0.0,0.0,2937,5.0
honda,820,18,2416,0,42,0.0,0.0,0.0,0.0,2937,5.0
honda,820,19,2374,0,43,0.0,0.0,0.0,0.0,2937,5.0
honda,820,20,2331,0,48,0.0,0.0,0.0,0.0,2937,5.0
honda,820,21,2283,0,47,0.0,0.0,0.0,0.0,2937,5.0
honda,820,22,2197,1,57,0.00032997134620061996,0.0,0.0012880917763202098,0.000455166135639562,2937,5.0
honda,820,23,1723,0,24,0.00032997134620061996,0.0,0.0012880917763202098,0.000455166135639562,2937,5.0
honda,820,24,865,0,27,0.00032997134620061996,0.0,0.0012880917763202098,0.000455166135639562,2937,5.0
honda,820,25,0,0,0,0.00032997134620061996,0.0,0.0012880917763202098,0.000455166135639562,2937,5.0
honda,820,26,0,0,0,0.00032997134620061996,0.0,0.0012880917763202098,0.000455166135639562,2937,5.0
honda,820,27,0,0,0,0.00032997134620061996,0.0,0.0012880917763202098,0.000455166135639562,2937,5.0
honda,820,28,0,0,0,0.00032997134620061996,0.0,0.0012880917763202098,0.000455166135639562,2937,5.0
honda,820,29,0,0,0,0.00032997134620061996,0.0,0.0012880917763202098,0.000455166135639562,2937,5.0
honda,820,30,0,0,0,0.00032997134620061996,0.0,0.0012880917763202098,0.000455166135639562,2937,5.0
honda,820,31,0,0,0,0.00032997134620061996,0.0,0.0012880917763202098,0.000455166135639562,2937,5.0
honda,820,32,0,0,0,0.00032997134620061996,0.0,0.0012880917763202098,0.000455166135639562,2937,5.0
honda,820,33,0,0,0,0.00032997134620061996,0.0,0.0012880917763202098,0.000455166135639562,2937,5.0
honda,820,34,0,0,0,0.00032997134620061996,0.0,0.0012880917763202098,0.000455166135639562,2937,5.0
honda,820,35,0,0,0,0.00032997134620061996,0.0,0.0012880917763202098,0.000455166135639562,2937,5.0
honda,820,36,0,0,0,0.00032997134620061996,0.0,0.0012880917763202098,0.000455166135639562,2937,5.0
honda,840,0,0,0,0,0.0,0.0,0.0,0.0,2820,5.0
honda,840,1,0,0,0,0.0,0.0,0.0,0.0,2820,5.0
honda,840,2,0,0,0,0.0,0.0,0.0,0.0,2820,5.0
honda,840,3,47,0,1,0.0,0.0,0.0,0.0,2820,5.0
honda,840,4,637,0,9,0.0,0.0,0.0,0.0,2820,5.0
honda,840,5,1653,0,24,0.0,0.0,0.0,0.0,2820,5.0
honda,840,6,2786,0,35,0.0,0.0,0.0,0.0,2820,5.0
honda,840,7,2751,0,53,0.0,0.0,0.0,0.0,2820,5.0
honda,840,8,2698,0,23,0.0,0.0,0.0,0.0,2820,5.0
honda,840,9,2675,0,35,0.0,0.0,0.0,0.0,2820,5.0
honda,840,10,2640,0,32,0.0,0.0,0.0,0.0,2820,5.0
honda,840,11,2608,0,35,0.0,0.0,0.0,0.0,2820,5.0
honda,840,12,2573,0,33,0.0,0.0,0.0,0.0,2820,5.0
honda,840,13,2540,0,45,0.0,0.0,0.0,0.0,2820,5.0
honda,840,14,2495,0,38,0.0,0.0,0.0,0.0,2820,5.0
honda,840,15,2457,0,30,0.0,0.0,0.0,0.0,2820,5.0
honda,840,16,2427,0,35,0.0,0.0,0.0,0.0,2820,5.0
honda,840,17,2392,0,33,0.0,0.0,0.0,0.0,2820,5.0
honda,840,18,2359,0,52,0.0,0.0,0.0,0.0,2820,5.0
honda,840,19,2307,0,42,0.0,0.0,0.0,0.0,2820,5.0
honda,840,20,2265,0,44,0.0,0.0,0.0,0.0,2820,5.0
honda,840,21,2221,0,36,0.0,0.0,0.0,0.0,2820,5.0
honda,840,22,2157,0,36,0.0,0.0,0.0,0.0,2820,5.0
honda,840,23,1686,0,26,0.0,0.0,0.0,0.0,2820,5.0
honda,840,24,888,0,16,0.0,0.0,0.0,0.0,2820,5.0
honda,840,25,0,0,0,0.0,0.0,0.0,0.0,2820,5.0
honda,840,26,0,0,0,0.0,0.0,0.0,0.0,2820,5.0
honda,840,27,0,0,0,0.0,0.0,0.0,0.0,2820,5.0
honda,840,28,0,0,0,0.0,0.0,0.0,0.0,2820,5.0
honda,840,29,0,0,0,0.0,0.0,0.0,0.0,2820,5.0
honda,840,30,0,0,0,0.0,0.0,0.0,0.0,2820,5.0
honda,840,31,0,0,0,0.0,0.0,0.0,0.0,2820,5.0
honda,840,32,0,0,0,0.0,0.0,0.0,0.0,2820,5.0
honda,840,33,0,0,0,0.0,0.0,0.0,0.0,2820,5.0
honda,840,34,0,0,0,0.0,0.0,0.0,0.0,2820,5.0
honda,840,35,0,0,0,0.0,0.0,0.0,0.0,2820,5.0
honda,840,36,0,0,0,0.0,0.0,0.0,0.0,2820,5.0
honda,860,0,0,0,0,0.0,0.0,0.0,0.0,1866,5.0
honda,860,1,0,0,0,0.0,0.0,0.0,0.0,1866,5.0
honda,860,2,0,0,0,0.0,0.0,0.0,0.0,1866,5.0
honda,860,3,42,0,5,0.0,0.0,0.0,0.0,1866,5.0
honda,860,4,399,0,3,0.0,0.0,0.0,0.0,1866,5.0
honda,860,5,1097,0,23,0.0,0.0,0.0,0.0,1866,5.0
honda,860,6,1835,0,28,0.0,0.0,0.0,0.0,1866,5.0
honda,860,7,1807,0,21,0.0,0.0,0.0,0.0,1866,5.0
honda,860,8,1786,0,20,0.0,0.0,0.0,0.0,1866,5.0
honda,860,9,1766,0,18,0.0,0.0,0.0,0.0,1866,5.0
honda,860,10,1748,0,25,0.0,0.0,0.0,0.0,1866,5.0
honda,860,11,1723,0,24,0.0,0.0,0.0,0.0,1866,5.0
honda,860,12,1699,0,26,0.0,0.0,0.0,0.0,1866,5.0
honda,860,13,1673,0,20,0.0,0.0,0.0,0.0,1866,5.0
honda,860,14,1653,0,22,0.0,0.0,0.0,0.0,1866,5.0
honda,860,15,1631,0,19,0.0,0.0,0.0,0.0,1866,5.0
honda,860,16,1612,0,30,0.0,0.0,0.0,0.0,1866,5.0
honda,860,17,1582,0,20,0.0,0.0,0.0,0.0,1866,5.0
honda,860,18,1562,0,32,0.0,0.0,0.0,0.0,1866,5.0
honda,860,19,1530,0,32,0.0,0.0,0.0,0.0,1866,5.0
honda,860,20,1498,0,28,0.0,0.0,0.0,0.0,1866,5.0
honda,860,21,1470,0,27,0.0,0.0,0.0,0.0,1866,5.0
honda,860,22,1426,0,22,0.0,0.0,0.0,0.0,1866,5.0
honda,860,23,1139,0,24,0.0,0.0,0.0,0.0,1866,5.0
honda,860,24,581,0,15,0.0,0.0,0.0,0.0,1866,5.0
honda,860,25,0,0,0,0.0,0.0,0.0,0.0,1866,5.0
honda,860,26,0,0,0,0.0,0.0,0.0,0.0,1866,5.0
honda,860,27,0,0,0,0.0,0.0,0.0,0.0,1866,5.0
honda,860,28,0,0,0,0.0,0.0,0.0,0.0,1866,5.0
honda,860,29,0,0,0,0.0,0.0,0.0,0.0,1866,5.0
honda,860,30,0,0,0,0.0,0.0,0.0,0.0,1866,5.0
honda,860,31,0,0,0,0.0,0.0,0.0,0.0,1866,5.0
honda,860,32,0,0,0,0.0,0.0,0.0,0.0,1866,5.0
honda,860,33,0,0,0,0.0,0.0,0.0,0.0,1866,5.0
honda,860,34,0,0,0,0.0,0.0,0.0,0.0,1866,5.0
honda,860,35,0,0,0,0.0,0.0,0.0,0.0,1866,5.0
honda,860,36,0,0,0,0.0,0.0,0.0,0.0,1866,5.0
honda,880,0,0,0,0,0.0,0.0,0.0,0.0,352,5.0
honda,880,1,0,0,0,0.0,0.0,0.0,0.0,352,5.0
honda,880,2,0,0,0,0.0,0.0,0.0,0.0,352,5.0
honda,880,3,1,0,0,0.0,0.0,0.0,0.0,352,5.0
honda,880,4,86,0,2,0.0,0.0,0.0,0.0,352,5.0
honda,880,5,199,0,1,0.0,0.0,0.0,0.0,352,5.0
honda,880,6,349,0,5,0.0,0.0,0.0,0.0,352,5.0
honda,880,7,344,0,4,0.0,0.0,0.0,0.0,352,5.0
honda,880,8,340,0,5,0.0,0.0,0.0,0.0,352,5.0
honda,880,9,335,0,3,0.0,0.0,0.0,0.0,352,5.0
honda,880,10,332,0,3,0.0,0.0,0.0,0.0,352,5.0
honda,880,11,329,0,6,0.0,0.0,0.0,0.0,352,5.0
honda,880,12,323,0,2,0.0,0.0,0.0,0.0,352,5.0
honda,880,13,321,0,2,0.0,0.0,0.0,0.0,352,5.0
honda,880,14,319,0,2,0.0,0.0,0.0,0.0,352,5.0
honda,880,15,317,0,7,0.0,0.0,0.0,0.0,352,5.0
honda,880,16,310,0,6,0.0,0.0,0.0,0.0,352,5.0
honda,880,17,304,0,6,0.0,0.0,0.0,0.0,352,5.0
honda,880,18,298,0,4,0.0,0.0,0.0,0.0,352,5.0
honda,880,19,294,0,3,0.0,0.0,0.0,0.0,352,5.0
honda,880,20,291,0,2,0.0,0.0,0.0,0.0,352,5.0
honda,880,21,289,0,8,0.0,0.0,0.0,0.0,352,5.0
honda,880,22,280,0,3,0.0,0.0,0.0,0.0,352,5.0
honda,880,23,211,0,4,0.0,0.0,0.0,0.0,352,5.0
honda,880,24,120,0,1,0.0,0.0,0.0,0.0,352,5.0
honda,880,25,0,0,0,0.0,0.0,0.0,0.0,352,5.0
honda,880,26,0,0,0,0.0,0.0,0.0,0.0,352,5.0
honda,880,27,0,0,0,0.0,0.0,0.0,0.0,352,5.0
honda,880,28,0,0,0,0.0,0.0,0.0,0.0,352,5.0
honda,880,29,0,0,0,0.0,0.0,0.0,0.0,352,5.0
honda,880,30,0,0,0,0.0,0.0,0.0,0.0,352,5.0
honda,880,31,0,0,0,0.0,0.0,0.0,0.0,352,5.0
honda,880,32,0,0,0,0.0,0.0,0.0,0.0,352,5.0
honda,880,33,0,0,0,0.0,0.0,0.0,0.0,352,5.0
honda,880,34,0,0,0,0.0,0.0,0.0,0.0,352,5.0
honda,880,35,0,0,0,0.0,0.0,0.0,0.0,352,5.0
honda,880,36,0,0,0,0.0,0.0,0.0,0.0,352,5.0
santander,360,0,0,0,0,0.0,,,0.0,1,2.0
santander,360,1,0,0,0,0.0,,,0.0,1,2.0
santander,360,2,1,0,0,0.0,,,0.0,1,2.0
santander,360,3,1,0,0,0.0,,,0.0,1,2.0
santander,360,4,1,0,0,0.0,,,0.0,1,2.0
santander,360,5,1,0,0,0.0,,,0.0,1,2.0
santander,360,6,1,0,0,0.0,,,0.0,1,2.0
santander,360,7,1,0,0,0.0,,,0.0,1,2.0
santander,360,8,0,0,0,0.0,,,0.0,1,2.0
santander,360,9,0,0,0,0.0,,,0.0,1,2.0
santander,360,10,0,0,0,0.0,,,0.0,1,2.0
santander,360,11,0,0,0,0.0,,,0.0,1,2.0
santander,360,12,0,0,0,0.0,,,0.0,1,2.0
santander,360,13,0,0,0,0.0,,,0.0,1,2.0
santander,360,14,0,0,0,0.0,,,0.0,1,2.0
santander,360,15,0,0,0,0.0,,,0.0,1,2.0
santander,360,16,0,0,0,0.0,,,0.0,1,2.0
santander,360,17,0,0,0,0.0,,,0.0,1,2.0
santander,360,18,0,0,0,0.0,,,0.0,1,2.0
santander,360,19,0,0,0,0.0,,,0.0,1,2.0
santander,360,20,0,0,0,0.0,,,0.0,1,2.0
santander,360,21,0,0,0,0.0,,,0.0,1,2.0
santander,360,22,0,0,0,0.0,,,0.0,1,2.0
santander,360,23,0,0,0,0.0,,,0.0,1,2.0
santander,360,24,0,0,0,0.0,,,0.0,1,2.0
santander,360,25,0,0,0,0.0,,,0.0,1,2.0
santander,360,26,0,0,0,0.0,,,0.0,1,2.0
santander,360,27,0,0,0,0.0,,,0.0,1,2.0
santander,360,28,0,0,0,0.0,,,0.0,1,2.0
santander,360,29,0,0,0,0.0,,,0.0,1,2.0
santander,360,30,0,0,0,0.0,,,0.0,1,2.0
santander,360,31,0,0,0,0.0,,,0.0,1,2.0
santander,360,32,0,0,0,0.0,,,0.0,1,2.0
santander,360,33,0,0,0,0.0,,,0.0,1,2.0
santander,360,34,0,0,0,0.0,,,0.0,1,2.0
santander,360,35,0,0,0,0.0,,,0.0,1,2.0
santander,360,36,0,0,0,0.0,,,0.0,1,2.0
santander,380,0,0,0,0,0.0,0.0,0.0,0.0,6,3.0
santander,380,1,0,0,0,0.0,0.0,0.0,0.0,6,3.0
santander,380,2,2,0,0,0.0,0.0,0.0,0.0,6,3.0
santander,380,3,4,0,0,0.0,0.0,0.0,0.0,6,3.0
santander,380,4,6,0,0,0.0,0.0,0.0,0.0,6,3.0
santander,380,5,6,0,0,0.0,0.0,0.0,0.0,6,3.0
santander,380,6,6,0,0,0.0,0.0,0.0,0.0,6,3.0
santander,380,7,6,0,0,0.0,0.0,0.0,0.0,6,3.0
santander,380,8,5,0,0,0.0,0.0,0.0,0.0,6,3.0
santander,380,9,4,0,0,0.0,0.0,0.0,0.0,6,3.0
santander,380,10,2,0,0,0.0,0.0,0.0,0.0,6,3.0
santander,380,11,2,0,0,0.0,0.0,0.0,0.0,6,3.0
santander,380,12,2,0,0,0.0,0.0,0.0,0.0,6,3.0
santander,380,13,2,0,0,0.0,0.0,0.0,0.0,6,3.0
santander,380,14,2,0,0,0.0,0.0,0.0,0.0,6,3.0
santander,380,15,2,0,0,0.0,0.0,0.0,0.0,6,3.0
santander,380,16,2,0,0,0.0,0.0,0.0,0.0,6,3.0
santander,380,17,2,0,0,0.0,0.0,0.0,0.0,6,3.0
santander,380,18,2,0,0,0.0,0.0,0.0,0.0,6,3.0
santander,380,19,2,1,0,0.5,0.0,1.0,0.5,6,3.0
santander,380,20,1,0,0,0.5,0.0,1.0,0.5,6,3.0
santander,380,21,0,0,0,0.5,0.0,1.0,0.5,6,3.0
santander,380,22,0,0,0,0.5,0.0,1.0,0.5,6,3.0
santander,380,23,0,0,0,0.5,0.0,1.0,0.5,6,3.0
santander,380,24,0,0,0,0.5,0.0,1.0,0.5,6,3.0
santander,380,25,0,0,0,0.5,0.0,1.0,0.5,6,3.0
santander,380,26,0,0,0,0.5,0.0,1.0,0.5,6,3.0
santander,380,27,0,0,0,0.5,0.0,1.0,0.5,6,3.0
santander,380,28,0,0,0,0.5,0.0,1.0,0.5,6,3.0
santander,380,29,0,0,0,0.5,0.0,1.0,0.5,6,3.0
santander,380,30,0,0,0,0.5,0.0,1.0,0.5,6,3.0
santander,380,31,0,0,0,0.5,0.0,1.0,0.5,6,3.0
santander,380,32,0,0,0,0.5,0.0,1.0,0.5,6,3.0
santander,380,33,0,0,0,0.5,0.0,1.0,0.5,6,3.0
santander,380,34,0,0,0,0.5,0.0,1.0,0.5,6,3.0
santander,380,35,0,0,0,0.5,0.0,1.0,0.5,6,3.0
santander,380,36,0,0,0,0.5,0.0,1.0,0.5,6,3.0
santander,400,0,0,0,0,0.0,0.0,0.0,0.0,64,3.0
santander,400,1,9,0,0,0.0,0.0,0.0,0.0,64,3.0
santander,400,2,26,0,0,0.0,0.0,0.0,0.0,64,3.0
santander,400,3,41,0,1,0.0,0.0,0.0,0.0,64,3.0
santander,400,4,56,0,0,0.0,0.0,0.0,0.0,64,3.0
santander,400,5,59,0,0,0.0,0.0,0.0,0.0,64,3.0
santander,400,6,63,0,0,0.0,0.0,0.0,0.0,64,3.0
santander,400,7,56,0,1,0.0,0.0,0.0,0.0,64,3.0
santander,400,8,47,0,0,0.0,0.0,0.0,0.0,64,3.0
santander,400,9,43,1,0,0.02228344542581638,0.0,0.06513769179045176,0.023255813953488413,64,3.0
santander,400,10,28,0,0,0.02228344542581638,0.0,0.06513769179045176,0.023255813953488413,64,3.0
santander,400,11,26,2,1,0.09427611526306931,0.0,0.18822695035460996,0.09838998211091232,64,3.0
santander,400,12,19,0,0,0.09427611526306931,0.0,0.18822695035460996,0.09838998211091232,64,3.0
santander,400,13,19,0,0,0.09427611526306931,0.0,0.18822695035460996,0.09838998211091232,64,3.0
santander,400,14,19,0,0,0.09427611526306931,0.0,0.18822695035460996,0.09838998211091232,64,3.0
santander,400,15,19,0,0,0.09427611526306931,0.0,0.18822695035460996,0.09838998211091232,64,3.0
santander,400,16,19,0,0,0.09427611526306931,0.0,0.18822695035460996,0.09838998211091232,64,3.0
santander,400,17,19,1,0,0.1378506259540382,0.023937031688168527,0.2678305608113301,0.1458431409471801,64,3.0
santander,400,18,18,1,0,0.18142513664500706,0.03920620494841645,0.3331239149724162,0.19329629978344787,64,3.0
santander,400,19,17,1,0,0.22499964733597594,0.07486593409465106,0.4071143891898208,0.24074945861971564,64,3.0
santander,400,20,16,0,1,0.22499964733597594,0.07486593409465106,0.4071143891898208,0.24074945861971564,64,3.0
santander,400,21,10,0,0,0.22499964733597594,0.07486593409465106,0.4071143891898208,0.24074945861971564,64,3.0
santander,400,22,3,0,0,0.22499964733597594,0.07486593409465106,0.4071143891898208,0.24074945861971564,64,3.0
santander,400,23,1,0,0,0.22499964733597594,0.07486593409465106,0.4071143891898208,0.24074945861971564,64,3.0
santander,400,24,0,0,0,0.22499964733597594,0.07486593409465106,0.4071143891898208,0.24074945861971564,64,3.0
santander,400,25,0,0,0,0.22499964733597594,0.07486593409465106,0.4071143891898208,0.24074945861971564,64,3.0
santander,400,26,0,0,0,0.22499964733597594,0.07486593409465106,0.4071143891898208,0.24074945861971564,64,3.0
santander,400,27,0,0,0,0.22499964733597594,0.07486593409465106,0.4071143891898208,0.24074945861971564,64,3.0
santander,400,28,0,0,0,0.22499964733597594,0.07486593409465106,0.4071143891898208,0.24074945861971564,64,3.0
santander,400,29,0,0,0,0.22499964733597594,0.07486593409465106,0.4071143891898208,0.24074945861971564,64,3.0
santander,400,30,0,0,0,0.22499964733597594,0.07486593409465106,0.4071143891898208,0.24074945861971564,64,3.0
santander,400,31,0,0,0,0.22499964733597594,0.07486593409465106,0.4071143891898208,0.24074945861971564,64,3.0
santander,400,32,0,0,0,0.22499964733597594,0.07486593409465106,0.4071143891898208,0.24074945861971564,64,3.0
santander,400,33,0,0,0,0.22499964733597594,0.07486593409465106,0.4071143891898208,0.24074945861971564,64,3.0
santander,400,34,0,0,0,0.22499964733597594,0.07486593409465106,0.4071143891898208,0.24074945861971564,64,3.0
santander,400,35,0,0,0,0.22499964733597594,0.07486593409465106,0.4071143891898208,0.24074945861971564,64,3.0
santander,400,36,0,0,0,0.22499964733597594,0.07486593409465106,0.4071143891898208,0.24074945861971564,64,3.0
santander,420,0,0,0,0,0.0,0.0,0.0,0.0,228,3.0
santander,420,1,31,0,1,0.0,0.0,0.0,0.0,228,3.0
santander,420,2,95,0,2,0.0,0.0,0.0,0.0,228,3.0
santander,420,3,167,0,2,0.0,0.0,0.0,0.0,228,3.0
santander,420,4,207,0,2,0.0,0.0,0.0,0.0,228,3.0
santander,420,5,211,0,5,0.0,0.0,0.0,0.0,228,3.0
santander,420,6,216,0,7,0.0,0.0,0.0,0.0,228,3.0
santander,420,7,189,0,2,0.0,0.0,0.0,0.0,228,3.0
santander,420,8,162,1,1,0.005348253458345689,0.0,0.01688997341228655,0.006172839506172867,228,3.0
santander,420,9,122,0,3,0.005348253458345689,0.0,0.01688997341228655,0.006172839506172867,228,3.0
santander,420,10,95,0,0,0.005348253458345689,0.0,0.01688997341228655,0.006172839506172867,228,3.0
santander,420,11,93,2,0,0.023298323235694873,0.0,0.05267738922942258,0.027545466613566938,228,3.0
santander,420,12,83,2,1,0.0429785202204994,0.013612914075365018,0.07739905173136778,0.050978105972276144,228,3.0
santander,420,13,80,0,0,0.0429785202204994,0.013612914075365018,0.07739905173136778,0.050978105972276144,228,3.0
santander,420,14,80,1,1,0.052818618712901666,0.019402124558973746,0.08961016585392076,0.06284087964762264,228,3.0
santander,420,15,78,0,0,0.052818618712901666,0.019402124558973746,0.08961016585392076,0.06284087964762264,228,3.0
santander,420,16,78,2,0,0.07249881569770619,0.036302244432076886,0.11382395442034697,0.08687060068229902,228,3.0
santander,420,17,76,0,2,0.07249881569770619,0.036302244432076886,0.11382395442034697,0.08687060068229902,228,3.0
santander,420,18,74,2,1,0.09217901268251072,0.05111944814792131,0.14158305194462548,0.11154977363683138,228,3.0
santander,420,19,71,1,2,0.10201911117491298,0.05195756238495779,0.14925209643574208,0.1240631571067351,228,3.0
santander,420,20,62,1,1,0.11281147726335418,0.06347708311726914,0.15984522728208567,0.13819117070178777,228,3.0
santander,420,21,39,0,0,0.11281147726335418,0.06347708311726914,0.15984522728208567,0.13819117070178777,228,3.0
santander,420,22,18,0,0,0.11281147726335418,0.06347708311726914,0.15984522728208567,0.13819117070178777,228,3.0
santander,420,23,5,0,0,0.11281147726335418,0.06347708311726914,0.15984522728208567,0.13819117070178777,228,3.0
santander,420,24,2,0,0,0.11281147726335418,0.06347708311726914,0.15984522728208567,0.13819117070178777,228,3.0
santander,420,25,0,0,0,0.11281147726335418,0.06347708311726914,0.15984522728208567,0.13819117070178777,228,3.0
santander,420,26,0,0,0,0.11281147726335418,0.06347708311726914,0.15984522728208567,0.13819117070178777,228,3.0
santander,420,27,0,0,0,0.11281147726335418,0.06347708311726914,0.15984522728208567,0.13819117070178777,228,3.0
santander,420,28,0,0,0,0.11281147726335418,0.06347708311726914,0.15984522728208567,0.13819117070178777,228,3.0
santander,420,29,0,0,0,0.11281147726335418,0.06347708311726914,0.15984522728208567,0.13819117070178777,228,3.0
santander,420,30,0,0,0,0.11281147726335418,0.06347708311726914,0.15984522728208567,0.13819117070178777,228,3.0
santander,420,31,0,0,0,0.11281147726335418,0.06347708311726914,0.15984522728208567,0.13819117070178777,228,3.0
santander,420,32,0,0,0,0.11281147726335418,0.06347708311726914,0.15984522728208567,0.13819117070178777,228,3.0
santander,420,33,0,0,0,0.11281147726335418,0.06347708311726914,0.15984522728208567,0.13819117070178777,228,3.0
santander,420,34,0,0,0,0.11281147726335418,0.06347708311726914,0.15984522728208567,0.13819117070178777,228,3.0
santander,420,35,0,0,0,0.11281147726335418,0.06347708311726914,0.15984522728208567,0.13819117070178777,228,3.0
santander,420,36,0,0,0,0.11281147726335418,0.06347708311726914,0.15984522728208567,0.13819117070178777,228,3.0
santander,440,0,0,0,0,0.0,0.0,0.0,0.0,585,3.0
santander,440,1,83,0,1,0.0,0.0,0.0,0.0,585,3.0
santander,440,2,266,0,6,0.0,0.0,0.0,0.0,585,3.0
santander,440,3,452,0,1,0.0,0.0,0.0,0.0,585,3.0
santander,440,4,538,0,5,0.0,0.0,0.0,0.0,585,3.0
santander,440,5,557,0,7,0.0,0.0,0.0,0.0,585,3.0
santander,440,6,565,1,5,0.0016682823622107498,0.0,0.0050612903767471165,0.001769911504424737,585,3.0
santander,440,7,507,3,6,0.007186447098753998,0.0,0.014499510729875249,0.0076765984185998,585,3.0
santander,440,8,421,4,3,0.01588968079249442,0.004375570560896018,0.02596899933343235,0.017104849264978905,585,3.0
santander,440,9,332,4,4,0.026742508350351454,0.013237592626050315,0.04349679639089007,0.02894695951479842,585,3.0
santander,440,10,275,5,1,0.04272576348101363,0.025519116334042954,0.06282627871076801,0.04660246934180212,585,3.0
santander,440,11,256,4,3,0.05616168732522652,0.034823799345344394,0.08424135204626251,0.06149930575833651,585,3.0
santander,440,12,239,0,0,0.05616168732522652,0.034823799345344394,0.08424135204626251,0.06149930575833651,585,3.0
santander,440,13,239,5,2,0.07365930781272134,0.050368015548258954,0.10297801422739924,0.08113321149560981,585,3.0
santander,440,14,232,4,4,0.0876574042027172,0.061640042550844654,0.12049457850780633,0.09697574233189243,585,3.0
santander,440,15,224,2,1,0.09465645239771513,0.06588971374132754,0.12988442314640194,0.10503845891821484,585,3.0
santander,440,16,221,3,1,0.10515502469021203,0.0742907709286475,0.14228390688846482,0.11718725811842001,585,3.0
santander,440,17,217,5,0,0.12265264517770685,0.08882976592583831,0.16319123858040005,0.13752856553504633,585,3.0
santander,440,18,212,4,2,0.1366507415677027,0.10429058714726157,0.1765348546573803,0.15380161146834737,585,3.0
santander,440,19,206,4,1,0.15064883795769857,0.1118500454504346,0.19489304638602947,0.17023264813886485,585,3.0
santander,440,20,185,1,3,0.154451023598765,0.11720240291970008,0.1999224037947517,0.17471787706784392,585,3.0
santander,440,21,115,0,1,0.154451023598765,0.11720240291970008,0.1999224037947517,0.17471787706784392,585,3.0
santander,440,22,37,0,0,0.154451023598765,0.11720240291970008,0.1999224037947517,0.17471787706784392,585,3.0
santander,440,23,10,0,1,0.154451023598765,0.11720240291970008,0.1999224037947517,0.17471787706784392,585,3.0
santander,440,24,3,0,0,0.154451023598765,0.11720240291970008,0.1999224037947517,0.17471787706784392,585,3.0
santander,440,25,0,0,0,0.154451023598765,0.11720240291970008,0.1999224037947517,0.17471787706784392,585,3.0
santander,440,26,0,0,0,0.154451023598765,0.11720240291970008,0.1999224037947517,0.17471787706784392,585,3.0
santander,440,27,0,0,0,0.154451023598765,0.11720240291970008,0.1999224037947517,0.17471787706784392,585,3.0
santander,440,28,0,0,0,0.154451023598765,0.11720240291970008,0.1999224037947517,0.17471787706784392,585,3.0
santander,440,29,0,0,0,0.154451023598765,0.11720240291970008,0.1999224037947517,0.17471787706784392,585,3.0
santander,440,30,0,0,0,0.154451023598765,0.11720240291970008,0.1999224037947517,0.17471787706784392,585,3.0
santander,440,31,0,0,0,0.154451023598765,0.11720240291970008,0.1999224037947517,0.17471787706784392,585,3.0
santander,440,32,0,0,0,0.154451023598765,0.11720240291970008,0.1999224037947517,0.17471787706784392,585,3.0
santander,440,33,0,0,0,0.154451023598765,0.11720240291970008,0.1999224037947517,0.17471787706784392,585,3.0
santander,440,34,0,0,0,0.154451023598765,0.11720240291970008,0.1999224037947517,0.17471787706784392,585,3.0
santander,440,35,0,0,0,0.154451023598765,0.11720240291970008,0.1999224037947517,0.17471787706784392,585,3.0
santander,440,36,0,0,0,0.154451023598765,0.11720240291970008,0.1999224037947517,0.17471787706784392,585,3.0
santander,460,0,0,0,0,0.0,0.0,0.0,0.0,1470,3.0
santander,460,1,217,0,9,0.0,0.0,0.0,0.0,1470,3.0
santander,460,2,666,0,2,0.0,0.0,0.0,0.0,1470,3.0
santander,460,3,1122,0,5,0.0,0.0,0.0,0.0,1470,3.0
santander,460,4,1377,2,9,0.0013818274729779677,0.0,0.004128970371563807,0.001452432824981864,1470,3.0
santander,460,5,1408,0,12,0.0013818274729779677,0.0,0.004128970371563807,0.001452432824981864,1470,3.0
santander,460,6,1431,1,24,0.0020357369872467147,0.0,0.004816758692272251,0.002150229867032949,1470,3.0
santander,460,7,1257,4,16,0.00496142283310784,0.0014388955607455677,0.008589587958461134,0.005325567242157714,1470,3.0
santander,460,8,1023,3,19,0.0076147024455200185,0.003097052990151666,0.012659002589553279,0.008242501062561969,1470,3.0
santander,460,9,810,10,14,0.01854446743327554,0.011073652835428646,0.02557982554286606,0.02048642080253038,1470,3.0
santander,460,10,598,8,7,0.030037170149497396,0.019962159933078136,0.04206487973644472,0.033590281393800825,1470,3.0
santander,460,11,559,7,10,0.04052503235542347,0.029636697993891018,0.054879889251756714,0.04569201311158866,1470,3.0
santander,460,12,520,4,6,0.046771649185766255,0.03427175947191695,0.06304474606454467,0.05303284377996098,1470,3.0
santander,460,13,510,7,7,0.05770322863886612,0.040658826600298806,0.07386370131577952,0.06603043219866733,1470,3.0
santander,460,14,496,7,10,0.068634808091966,0.05023203935577897,0.08810257019960875,0.07921145432489585,1470,3.0
santander,460,15,479,6,8,0.07800473333748018,0.057573960727284844,0.09875115533621832,0.09074534007447965,1470,3.0
santander,460,16,465,6,6,0.08737465858299436,0.0683959638070373,0.11016696470944481,0.102477658267067,1470,3.0
santander,460,17,453,2,8,0.09049796699816574,0.07090854879683396,0.1123880773444989,0.1064402293122455,1470,3.0
santander,460,18,443,6,2,0.09986789224367992,0.07786360844856405,0.12343465892498057,0.11854261898296004,1470,3.0
santander,460,19,435,10,11,0.11548443431953688,0.09247829795878004,0.14167501982420977,0.13880600705231727,1470,3.0
santander,460,20,386,5,9,0.12385910843793685,0.1008734427825837,0.15391337472253308,0.14996136965526652,1470,3.0
santander,460,21,223,3,3,0.13224129347482866,0.10826280268419035,0.16267676995525993,0.1613968669244782,1470,3.0
santander,460,22,52,1,0,0.14390112778896663,0.11624444358073677,0.1793587899257448,0.17752385025285367,1470,3.0
santander,460,23,12,1,2,0.193455423624053,0.12151139697561318,0.31785446945006607,0.24606352939844922,1470,3.0
santander,460,24,5,0,0,0.193455423624053,0.12151139697561318,0.31785446945006607,0.24606352939844922,1470,3.0
santander,460,25,0,0,0,0.193455423624053,0.12151139697561318,0.31785446945006607,0.24606352939844922,1470,3.0
santander,460,26,0,0,0,0.193455423624053,0.12151139697561318,0.31785446945006607,0.24606352939844922,1470,3.0
santander,460,27,0,0,0,0.193455423624053,0.12151139697561318,0.31785446945006607,0.24606352939844922,1470,3.0
santander,460,28,0,0,0,0.193455423624053,0.12151139697561318,0.31785446945006607,0.24606352939844922,1470,3.0
santander,460,29,0,0,0,0.193455423624053,0.12151139697561318,0.31785446945006607,0.24606352939844922,1470,3.0
santander,460,30,0,0,0,0.193455423624053,0.12151139697561318,0.31785446945006607,0.24606352939844922,1470,3.0
santander,460,31,0,0,0,0.193455423624053,0.12151139697561318,0.31785446945006607,0.24606352939844922,1470,3.0
santander,460,32,0,0,0,0.193455423624053,0.12151139697561318,0.31785446945006607,0.24606352939844922,1470,3.0
santander,460,33,0,0,0,0.193455423624053,0.12151139697561318,0.31785446945006607,0.24606352939844922,1470,3.0
santander,460,34,0,0,0,0.193455423624053,0.12151139697561318,0.31785446945006607,0.24606352939844922,1470,3.0
santander,460,35,0,0,0,0.193455423624053,0.12151139697561318,0.31785446945006607,0.24606352939844922,1470,3.0
santander,460,36,0,0,0,0.193455423624053,0.12151139697561318,0.31785446945006607,0.24606352939844922,1470,3.0
santander,480,0,0,0,0,0.0,0.0,0.0,0.0,2829,3.0
santander,480,1,392,0,5,0.0,0.0,0.0,0.0,2829,3.0
santander,480,2,1280,0,8,0.0,0.0,0.0,0.0,2829,3.0
santander,480,3,2150,0,8,0.0,0.0,0.0,0.0,2829,3.0
santander,480,4,2652,0,20,0.0,0.0,0.0,0.0,2829,3.0
santander,480,5,2724,0,22,0.0,0.0,0.0,0.0,2829,3.0
santander,480,6,2766,2,43,0.0006957472089317126,0.0,0.0020911832787239935,0.000723065798987732,2829,3.0
santander,480,7,2446,21,36,0.008822421629530033,0.005735082317713774,0.012595289300067626,0.009302303582397808,2829,3.0
santander,480,8,1971,19,21,0.01773445271419526,0.013321436221930548,0.022692741456980345,0.01885240821554568,2829,3.0
santander,480,9,1534,15,19,0.026591139064546195,0.01994408996655521,0.033670738889502776,0.028446419869239792,2829,3.0
santander,480,10,1163,8,11,0.032683442658940645,0.02597419441536288,0.04066160334989334,0.035129505545117734,2829,3.0
santander,480,11,1093,8,10,0.03906001659488507,0.030625418916539457,0.047383329074606836,0.04219168665732176,2829,3.0
santander,480,12,1043,13,11,0.04973986088477281,0.03907479834413455,0.06021651692262568,0.054129853554210294,2829,3.0
santander,480,13,1019,13,12,0.06041970517466055,0.049239243049048344,0.07102279216384429,0.06619689173261589,2829,3.0
santander,480,14,994,18,8,0.07520718188373587,0.061691196803279155,0.08901050406705308,0.08310680717407759,2829,3.0
santander,480,15,968,11,18,0.08424397320594858,0.0702127835743146,0.09809265850734636,0.09352604800164488,2829,3.0
santander,480,16,939,16,11,0.09738839694734887,0.08062467389111597,0.11375985895356662,0.10897182354155299,2829,3.0
santander,480,17,912,15,9,0.10971129420491164,0.0915400325536855,0.1271006039821052,0.12362689223330381,2829,3.0
santander,480,18,888,6,14,0.11464045310793676,0.09744403886021923,0.13099404376515314,0.12954833215064643,2829,3.0
santander,480,19,868,21,7,0.13189250926852464,0.11442362328163885,0.15306415342200044,0.15060764669538884,2829,3.0
santander,480,20,785,15,9,0.1450787942320313,0.12482010512090906,0.16514837052307693,0.16683807382859794,2829,3.0
santander,480,21,467,6,3,0.15367388019111358,0.13459069743445118,0.17407269893024793,0.1775425097108857,2829,3.0
santander,480,22,146,1,2,0.15816765800990318,0.13589100200397572,0.1805510014090306,0.18317578019231806,2829,3.0
santander,480,23,46,0,1,0.15816765800990318,0.13589100200397572,0.1805510014090306,0.18317578019231806,2829,3.0
santander,480,24,22,0,0,0.15816765800990318,0.13589100200397572,0.1805510014090306,0.18317578019231806,2829,3.0
santander,480,25,0,0,0,0.15816765800990318,0.13589100200397572,0.1805510014090306,0.18317578019231806,2829,3.0
santander,480,26,0,0,0,0.15816765800990318,0.13589100200397572,0.1805510014090306,0.18317578019231806,2829,3.0
santander,480,27,0,0,0,0.15816765800990318,0.13589100200397572,0.1805510014090306,0.18317578019231806,2829,3.0
santander,480,28,0,0,0,0.15816765800990318,0.13589100200397572,0.1805510014090306,0.18317578019231806,2829,3.0
santander,480,29,0,0,0,0.15816765800990318,0.13589100200397572,0.1805510014090306,0.18317578019231806,2829,3.0
santander,480,30,0,0,0,0.15816765800990318,0.13589100200397572,0.1805510014090306,0.18317578019231806,2829,3.0
santander,480,31,0,0,0,0.15816765800990318,0.13589100200397572,0.1805510014090306,0.18317578019231806,2829,3.0
santander,480,32,0,0,0,0.15816765800990318,0.13589100200397572,0.1805510014090306,0.18317578019231806,2829,3.0
santander,480,33,0,0,0,0.15816765800990318,0.13589100200397572,0.1805510014090306,0.18317578019231806,2829,3.0
santander,480,34,0,0,0,0.15816765800990318,0.13589100200397572,0.1805510014090306,0.18317578019231806,2829,3.0
santander,480,35,0,0,0,0.15816765800990318,0.13589100200397572,0.1805510014090306,0.18317578019231806,2829,3.0
santander,480,36,0,0,0,0.15816765800990318,0.13589100200397572,0.1805510014090306,0.18317578019231806,2829,3.0
santander,500,0,0,0,0,0.0,0.0,0.0,0.0,5266,3.0
santander,500,1,680,0,8,0.0,0.0,0.0,0.0,5266,3.0
santander,500,2,2456,0,16,0.0,0.0,0.0,0.0,5266,3.0
santander,500,3,4128,0,24,0.0,0.0,0.0,0.0,5266,3.0
santander,500,4,5008,1,38,0.0001949059815207942,0.0,0.0005863074339329407,0.00019968051118213204,5266,3.0
santander,500,5,5089,4,57,0.0009561461640138786,0.00019485518338585104,0.0019203003265219924,0.0009855325995994368,5266,3.0
santander,500,6,5118,5,75,0.001890963386946476,0.0007593677955499509,0.0030322471747733877,0.001961513908118828,5266,3.0
santander,500,7,4567,17,48,0.0053971318071472756,0.003447434616313041,0.007273738064292803,0.005676568487396727,5266,3.0
santander,500,8,3773,32,36,0.01327216723359538,0.00937087999686063,0.016337976900826768,0.014109738327948818,5266,3.0
santander,500,9,3037,29,30,0.021978674286142266,0.017025767032386653,0.026626462318622486,0.023523902828603838,5266,3.0
santander,500,10,2426,24,16,0.030823537009791686,0.024751538186719928,0.03616683088888132,0.03318401261100834,5266,3.0
santander,500,11,2324,25,31,0.04028273203033256,0.032912483938148,0.04635383651212906,0.04358435670942695,5266,3.0
santander,500,12,2207,37,19,0.05466928045522985,0.04574068684212644,0.06195098622795967,0.05961851112798211,5266,3.0
santander,500,13,2151,22,28,0.06322344438354716,0.05294097608003236,0.07168515776460599,0.06923654588167083,5266,3.0
santander,500,14,2101,22,31,0.07177760831186447,0.060927575998952925,0.08169693090118173,0.07898276006092031,5266,3.0
santander,500,15,2048,21,24,0.07994294660707645,0.06977579837799294,0.08946204664682057,0.08842678449388941,5266,3.0
santander,500,16,2003,19,24,0.08733063363607776,0.07558022644207765,0.09760544349431528,0.09707375957857045,5266,3.0
santander,500,17,1960,19,34,0.09471832066507908,0.08216988677769474,0.10583265648537062,0.105826615990819,5266,3.0
santander,500,18,1907,23,22,0.10366131022650173,0.09167607389313707,0.11446017700903717,0.11661108784829732,5266,3.0
santander,500,19,1862,22,29,0.11221547415481904,0.10071410691223519,0.12327943018947438,0.1270485508275333,5266,3.0
santander,500,20,1708,21,22,0.12087321868211934,0.10917528941466849,0.13155291652334683,0.1377815604485062,5266,3.0
santander,500,21,980,13,15,0.129978995178398,0.11596738573484804,0.14165219355571143,0.14921915199357705,5266,3.0
santander,500,22,283,4,6,0.139404055493111,0.12371005450720515,0.15568778721391732,0.16124432299013425,5266,3.0
santander,500,23,60,1,0,0.15012506160109704,0.12843245072580495,0.18130604798554117,0.17522358427363205,5266,3.0
santander,500,24,20,0,0,0.15012506160109704,0.12843245072580495,0.18130604798554117,0.17522358427363205,5266,3.0
santander,500,25,0,0,0,0.15012506160109704,0.12843245072580495,0.18130604798554117,0.17522358427363205,5266,3.0
santander,500,26,0,0,0,0.15012506160109704,0.12843245072580495,0.18130604798554117,0.17522358427363205,5266,3.0
santander,500,27,0,0,0,0.15012506160109704,0.12843245072580495,0.18130604798554117,0.17522358427363205,5266,3.0
santander,500,28,0,0,0,0.15012506160109704,0.12843245072580495,0.18130604798554117,0.17522358427363205,5266,3.0
santander,500,29,0,0,0,0.15012506160109704,0.12843245072580495,0.18130604798554117,0.17522358427363205,5266,3.0
santander,500,30,0,0,0,0.15012506160109704,0.12843245072580495,0.18130604798554117,0.17522358427363205,5266,3.0
santander,500,31,0,0,0,0.15012506160109704,0.12843245072580495,0.18130604798554117,0.17522358427363205,5266,3.0
santander,500,32,0,0,0,0.15012506160109704,0.12843245072580495,0.18130604798554117,0.17522358427363205,5266,3.0
santander,500,33,0,0,0,0.15012506160109704,0.12843245072580495,0.18130604798554117,0.17522358427363205,5266,3.0
santander,500,34,0,0,0,0.15012506160109704,0.12843245072580495,0.18130604798554117,0.17522358427363205,5266,3.0
santander,500,35,0,0,0,0.15012506160109704,0.12843245072580495,0.18130604798554117,0.17522358427363205,5266,3.0
santander,500,36,0,0,0,0.15012506160109704,0.12843245072580495,0.18130604798554117,0.17522358427363205,5266,3.0
santander,520,0,0,0,0,0.0,0.0,0.0,0.0,7537,3.0
santander,520,1,965,0,9,0.0,0.0,0.0,0.0,7537,3.0
santander,520,2,3413,0,29,0.0,0.0,0.0,0.0,7537,3.0
santander,520,3,5789,0,32,0.0,0.0,0.0,0.0,7537,3.0
santander,520,4,7128,1,45,0.00013704072068516774,0.0,0.00041713707764526645,0.00014029180695851462,7537,3.0
santander,520,5,7269,6,79,0.0009381322468034986,0.0003960567253574456,0.0016100913492908947,0.0009655990361727707,7537,3.0
santander,520,6,7336,7,123,0.001853374219391617,0.0010538609424910813,0.0027878908839270113,0.0019188761363291285,7537,3.0
santander,520,7,6539,35,86,0.006896372884684461,0.004965445361648959,0.008795432768763177,0.007261105733397333,7537,3.0
santander,520,8,5367,47,70,0.014994540924243273,0.011979133819706802,0.017964752056844217,0.015954738681139058,7537,3.0
santander,520,9,4304,50,37,0.025503167784878544,0.021813014257681066,0.029787799174647047,0.027386491252222478,7537,3.0
santander,520,10,3360,40,35,0.036054329563759244,0.03128484267159939,0.040944385478717746,0.038965223499219825,7537,3.0
santander,520,11,3197,36,44,0.04581176146843888,0.04111747564793287,0.05234449346782545,0.04978701015984788,7537,3.0
santander,520,12,3024,37,34,0.056148648447925185,0.049905189962276615,0.06281033502408218,0.061413293435008454,7537,3.0
santander,520,13,2953,34,43,0.0656474094561018,0.05825177656589436,0.07473785723675727,0.07221991315163889,7537,3.0
santander,520,14,2876,34,37,0.0751461704642784,0.06697526591103356,0.08376713174878392,0.08318810611159866,7537,3.0
santander,520,15,2805,31,28,0.08380680550114532,0.07533320511468329,0.09234136961431111,0.09332043007257573,7537,3.0
santander,520,16,2746,37,39,0.09414369248063163,0.08542213064100301,0.10371584815502675,0.10553716134982072,7537,3.0
santander,520,17,2670,28,27,0.10196620154618884,0.09171040245119197,0.11221229593740194,0.11491729598735068,7537,3.0
santander,520,18,2615,21,32,0.10783308334535674,0.09688920941407778,0.11759857928526435,0.12202503471938342,7537,3.0
santander,520,19,2562,27,37,0.11537621708714405,0.1054585542047006,0.12507070462923067,0.13127769828791447,7537,3.0
santander,520,20,2348,30,29,0.12429290650934009,0.11282411347131624,0.13357573942509068,0.14237721662324776,7537,3.0
santander,520,21,1407,20,29,0.1339637437931149,0.12244941652221167,0.14481375706442262,0.1545680166712471,7537,3.0
santander,520,22,406,6,4,0.14366792879166135,0.131139448302123,0.15788997414843453,0.16706208539039125,7537,3.0
santander,520,23,93,1,1,0.15055476975837173,0.13451010266961122,0.17451162011945573,0.1760184070528602,7537,3.0
santander,520,24,30,0,0,0.15055476975837173,0.13451010266961122,0.17451162011945573,0.1760184070528602,7537,3.0
santander,520,25,0,0,0,0.15055476975837173,0.13451010266961122,0.17451162011945573,0.1760184070528602,7537,3.0
santander,520,26,0,0,0,0.15055476975837173,0.13451010266961122,0.17451162011945573,0.1760184070528602,7537,3.0
santander,520,27,0,0,0,0.15055476975837173,0.13451010266961122,0.17451162011945573,0.1760184070528602,7537,3.0
santander,520,28,0,0,0,0.15055476975837173,0.13451010266961122,0.17451162011945573,0.1760184070528602,7537,3.0
santander,520,29,0,0,0,0.15055476975837173,0.13451010266961122,0.17451162011945573,0.1760184070528602,7537,3.0
santander,520,30,0,0,0,0.15055476975837173,0.13451010266961122,0.17451162011945573,0.1760184070528602,7537,3.0
santander,520,31,0,0,0,0.15055476975837173,0.13451010266961122,0.17451162011945573,0.1760184070528602,7537,3.0
santander,520,32,0,0,0,0.15055476975837173,0.13451010266961122,0.17451162011945573,0.1760184070528602,7537,3.0
santander,520,33,0,0,0,0.15055476975837173,0.13451010266961122,0.17451162011945573,0.1760184070528602,7537,3.0
santander,520,34,0,0,0,0.15055476975837173,0.13451010266961122,0.17451162011945573,0.1760184070528602,7537,3.0
santander,520,35,0,0,0,0.15055476975837173,0.13451010266961122,0.17451162011945573,0.1760184070528602,7537,3.0
santander,520,36,0,0,0,0.15055476975837173,0.13451010266961122,0.17451162011945573,0.1760184070528602,7537,3.0
santander,540,0,0,0,0,0.0,0.0,0.0,0.0,10483,3.0
santander,540,1,1230,0,12,0.0,0.0,0.0,0.0,10483,3.0
santander,540,2,4662,0,28,0.0,0.0,0.0,0.0,10483,3.0
santander,540,3,8163,1,61,0.00012058023908043182,0.0,0.0003644923848514882,0.0001225039813793627,10483,3.0
santander,540,4,9908,2,73,0.00031775838134740354,0.0,0.0007114539750885442,0.00032433633826645103,10483,3.0
santander,540,5,10090,2,103,0.0005099142458579221,9.64251376283883e-05,0.0009230605841072061,0.0005224881050973629,10483,3.0
santander,540,6,10201,9,156,0.0013563061076478328,0.0006765084193005338,0.0021601546565325116,0.0014042935758408204,10483,3.0
santander,540,7,9203,49,130,0.0063815399990268945,0.005054061995952112,0.0081066221588942,0.0067211673794683735,10483,3.0
santander,540,8,7590,51,74,0.012600069327160145,0.010378482871840611,0.014579824887909962,0.01339537297415172,10483,3.0
santander,540,9,6058,57,69,0.02116438979067732,0.018268067471740028,0.024035536137478,0.02267838118486043,10483,3.0
santander,540,10,4843,53,53,0.030918341402690844,0.027582739819800597,0.034816695976903275,0.033373827354012287,10483,3.0
santander,540,11,4615,49,53,0.040174536216645726,0.03527294424649684,0.0452051628201592,0.04363703048719825,10483,3.0
santander,540,12,4395,47,50,0.0492913003418473,0.043913916950781076,0.05478056025250415,0.053864347794843725,10483,3.0
santander,540,13,4298,59,59,0.06073574892454714,0.054986360432054744,0.06631355965920006,0.06685224995401173,10483,3.0
santander,540,14,4180,45,51,0.06946456564016566,0.06351632185074702,0.07518352497814496,0.07689809893776034,10483,3.0
santander,540,15,4084,57,57,0.08052106681328246,0.07416158501983676,0.08698488472750145,0.08978174447168485,10483,3.0
santander,540,16,3970,41,41,0.08847398870973489,0.08130329276777769,0.09412716037591308,0.09918198338268258,10483,3.0
santander,540,17,3888,48,58,0.09778472653972797,0.09120907993120682,0.10356165131240298,0.11030319346437789,10483,3.0
santander,540,18,3782,39,51,0.10534970102659737,0.09779260074417749,0.11193755336326733,0.11947775069729416,10483,3.0
santander,540,19,3692,46,53,0.11427249144700742,0.10693092008628331,0.12115637476385473,0.13044850461601698,10483,3.0
santander,540,20,3390,37,46,0.12187929330207817,0.11483368077373744,0.1285319230186084,0.13993918465413124,10483,3.0
santander,540,21,2071,29,31,0.13139963362998935,0.12288876215771823,0.13855498239415473,0.15198252779514043,10483,3.0
santander,540,22,626,12,8,0.14405496318783625,0.1339218134927235,0.15272392821754405,0.1682384537798981,10483,3.0
santander,540,23,147,0,1,0.14405496318783625,0.1339218134927235,0.15272392821754405,0.1682384537798981,10483,3.0
santander,540,24,58,2,0,0.16594277572126462,0.13942277920002838,0.2054703527628046,0.19691988640817748,10483,3.0
santander,540,25,0,0,0,0.16594277572126462,0.13942277920002838,0.2054703527628046,0.19691988640817748,10483,3.0
santander,540,26,0,0,0,0.16594277572126462,0.13942277920002838,0.2054703527628046,0.19691988640817748,10483,3.0
santander,540,27,0,0,0,0.16594277572126462,0.13942277920002838,0.2054703527628046,0.19691988640817748,10483,3.0
santander,540,28,0,0,0,0.16594277572126462,0.13942277920002838,0.2054703527628046,0.19691988640817748,10483,3.0
santander,540,29,0,0,0,0.16594277572126462,0.13942277920002838,0.2054703527628046,0.19691988640817748,10483,3.0
santander,540,30,0,0,0,0.16594277572126462,0.13942277920002838,0.2054703527628046,0.19691988640817748,10483,3.0
santander,540,31,0,0,0,0.16594277572126462,0.13942277920002838,0.2054703527628046,0.19691988640817748,10483,3.0
santander,540,32,0,0,0,0.16594277572126462,0.13942277920002838,0.2054703527628046,0.19691988640817748,10483,3.0
santander,540,33,0,0,0,0.16594277572126462,0.13942277920002838,0.2054703527628046,0.19691988640817748,10483,3.0
santander,540,34,0,0,0,0.16594277572126462,0.13942277920002838,0.2054703527628046,0.19691988640817748,10483,3.0
santander,540,35,0,0,0,0.16594277572126462,0.13942277920002838,0.2054703527628046,0.19691988640817748,10483,3.0
santander,540,36,0,0,0,0.16594277572126462,0.13942277920002838,0.2054703527628046,0.19691988640817748,10483,3.0
santander,560,0,0,0,0,0.0,0.0,0.0,0.0,13250,3.0
santander,560,1,1539,0,22,0.0,0.0,0.0,0.0,13250,3.0
santander,560,2,5829,0,36,0.0,0.0,0.0,0.0,13250,3.0
santander,560,3,10174,1,49,9.628634489039221e-05,0.0,0.0003827946256695082,9.828975820724839e-05,13250,3.0
santander,560,4,12541,5,82,0.0004849327668943515,0.00015529488810285717,0.0008331438022932679,0.0004969428601296899,13250,3.0
santander,560,5,12767,6,157,0.0009398746520329722,0.0004560181491696074,0.0014558386631379255,0.0009666709358592263,13250,3.0
santander,560,6,12892,14,208,0.001977691712794432,0.0011600114899289063,0.00270833446253795,0.0020515659565617517,13250,3.0
santander,560,7,11657,59,146,0.006731422686403265,0.005460344870497231,0.00826385037006828,0.007102518826816784,13250,3.0
santander,560,8,9713,73,123,0.013666214044155656,0.011740872433939752,0.015874985314306492,0.014564839029189147,13250,3.0
santander,560,9,7875,77,105,0.022506183637690205,0.019294011967812014,0.025521373864099296,0.024200205047570367,13250,3.0
santander,560,10,6240,76,78,0.03326302542572021,0.028993866755755923,0.036368387606253716,0.03608494613993962,13250,3.0
santander,560,11,5969,72,89,0.04365346818872478,0.03874235911519629,0.04781645343877439,0.04771199989734021,13250,3.0
santander,560,12,5645,59,75,0.05241371275738018,0.04595438500756276,0.05696653906839597,0.05766505428282409,13250,3.0
santander,560,13,5511,53,90,0.06028308499701978,0.05372753033619045,0.06489971372739448,0.06672761137282779,13250,3.0
santander,560,14,5368,60,59,0.06919180828717782,0.062395954931768145,0.0741094380926134,0.07715912093274402,13250,3.0
santander,560,15,5249,55,63,0.07735813796982269,0.07008239901926681,0.08257311662066141,0.08682881960843447,13250,3.0
santander,560,16,5131,69,61,0.08760316975350443,0.07980840511256151,0.09330131272827621,0.09910884522664098,13250,3.0
santander,560,17,5001,66,86,0.09740276537267827,0.09020664681000787,0.1035478928327764,0.11099823059257619,13250,3.0
santander,560,18,4849,58,73,0.10601453121983104,0.09851161782656716,0.11264634391168478,0.12163178444401579,13250,3.0
santander,560,19,4718,49,88,0.1132899885734601,0.10579658609334305,0.12042603889994152,0.13075430300320257,13250,3.0
santander,560,20,4310,45,60,0.12039164658834652,0.1124004568686741,0.12755461994222494,0.13982995413193944,13250,3.0
santander,560,21,2615,22,35,0.12597460289136025,0.11669942336860631,0.13428247414389868,0.14706656637251203,13250,3.0
santander,560,22,817,5,13,0.12994734190969484,0.12166547700067452,0.13911067078848496,0.15228647722702537,13250,3.0
santander,560,23,207,1,0,0.13301421966394542,0.12226454275425551,0.1464344763666043,0.15638171163655668,13250,3.0
santander,560,24,80,0,2,0.13301421966394542,0.12226454275425551,0.1464344763666043,0.15638171163655668,13250,3.0
santander,560,25,0,0,0,0.13301421966394542,0.12226454275425551,0.1464344763666043,0.15638171163655668,13250,3.0
santander,560,26,0,0,0,0.13301421966394542,0.12226454275425551,0.1464344763666043,0.15638171163655668,13250,3.0
santander,560,27,0,0,0,0.13301421966394542,0.12226454275425551,0.1464344763666043,0.15638171163655668,13250,3.0
santander,560,28,0,0,0,0.13301421966394542,0.12226454275425551,0.1464344763666043,0.15638171163655668,13250,3.0
santander,560,29,0,0,0,0.13301421966394542,0.12226454275425551,0.1464344763666043,0.15638171163655668,13250,3.0
santander,560,30,0,0,0,0.13301421966394542,0.12226454275425551,0.1464344763666043,0.15638171163655668,13250,3.0
santander,560,31,0,0,0,0.13301421966394542,0.12226454275425551,0.1464344763666043,0.15638171163655668,13250,3.0
santander,560,32,0,0,0,0.13301421966394542,0.12226454275425551,0.1464344763666043,0.15638171163655668,13250,3.0
santander,560,33,0,0,0,0.13301421966394542,0.12226454275425551,0.1464344763666043,0.15638171163655668,13250,3.0
santander,560,34,0,0,0,0.13301421966394542,0.12226454275425551,0.1464344763666043,0.15638171163655668,13250,3.0
santander,560,35,0,0,0,0.13301421966394542,0.12226454275425551,0.1464344763666043,0.15638171163655668,13250,3.0
santander,560,36,0,0,0,0.13301421966394542,0.12226454275425551,0.1464344763666043,0.15638171163655668,13250,3.0
santander,580,0,0,0,0,0.0,0.0,0.0,0.0,15692,3.0
santander,580,1,1831,0,20,0.0,0.0,0.0,0.0,15692,3.0
santander,580,2,6932,0,40,0.0,0.0,0.0,0.0,15692,3.0
santander,580,3,12164,0,77,0.0,0.0,0.0,0.0,15692,3.0
santander,580,4,14959,3,124,0.00019596459934706302,0.0,0.0004582773496218086,0.00020054816498427108,15692,3.0
santander,580,5,15182,10,223,0.000834120955012904,0.0004494194850180001,0.001346058491105988,0.0008590908153828236,15692,3.0
santander,580,6,15195,20,248,0.002089770755716906,0.001400880126039661,0.002789951408475832,0.0021741825023647854,15692,3.0
santander,580,7,13762,58,209,0.006039410725765958,0.004992556801920965,0.007272141306631792,0.006379523108008156,15692,3.0
santander,580,8,11511,83,181,0.012665655016612782,0.01082292840550568,0.014310444536515856,0.0135440179027293,15692,3.0
santander,580,9,9312,75,122,0.019897420629886194,0.017509636538925222,0.02210432395084433,0.02148905641833232,15692,3.0
santander,580,10,7403,76,92,0.028920309208280582,0.02583705114251729,0.031720020604376974,0.03153455577159536,15692,3.0
santander,580,11,7099,74,110,0.03787406161964054,0.03403066530025694,0.041561140605970076,0.041629842836379494,15692,3.0
santander,580,12,6796,83,97,0.048092635000918066,0.043248393045828046,0.05229639819181623,0.053334481306741455,15692,3.0
santander,580,13,6616,66,103,0.05621824756916285,0.05049809955984412,0.060978894260758996,0.06277824252707931,15692,3.0
santander,580,14,6447,66,80,0.06434386013740763,0.05834725877114171,0.06911797155426509,0.07237288127273045,15692,3.0
santander,580,15,6301,73,87,0.07333128009925413,0.06711449819876833,0.07873537503041989,0.08311987058666326,15692,3.0
santander,580,16,6141,77,86,0.08281116142887304,0.07643744417150108,0.08817420650502926,0.09461633206929254,15692,3.0
santander,580,17,5978,59,100,0.0900749666035161,0.08329415362296415,0.09524872436760674,0.10355203571732063,15692,3.0
santander,580,18,5819,73,100,0.0990623865653626,0.09184430006485153,0.1047193622999167,0.11479807479493465,15692,3.0
santander,580,19,5646,59,83,0.10632619174000567,0.09930374086139811,0.11192132744962624,0.1240483251645943,15692,3.0
santander,580,20,5161,75,65,0.11617351070030654,0.108886514946923,0.1227288898628314,0.13677771396766647,15692,3.0
santander,580,21,3063,32,44,0.1230608256725101,0.11516926395586895,0.13015656746481608,0.14579603363891513,15692,3.0
santander,580,22,912,14,14,0.13292971744566007,0.12319208205710366,0.14119913184050845,0.15890881382428268,15692,3.0
santander,580,23,214,3,5,0.14166546543711322,0.12865656846605017,0.1534589982168269,0.17069981176132543,15692,3.0
santander,580,24,80,0,4,0.14166546543711322,0.12865656846605017,0.1534589982168269,0.17069981176132543,15692,3.0
santander,580,25,0,0,0,0.14166546543711322,0.12865656846605017,0.1534589982168269,0.17069981176132543,15692,3.0
santander,580,26,0,0,0,0.14166546543711322,0.12865656846605017,0.1534589982168269,0.17069981176132543,15692,3.0
santander,580,27,0,0,0,0.14166546543711322,0.12865656846605017,0.1534589982168269,0.17069981176132543,15692,3.0
santander,580,28,0,0,0,0.14166546543711322,0.12865656846605017,0.1534589982168269,0.17069981176132543,15692,3.0
santander,580,29,0,0,0,0.14166546543711322,0.12865656846605017,0.1534589982168269,0.17069981176132543,15692,3.0
santander,580,30,0,0,0,0.14166546543711322,0.12865656846605017,0.1534589982168269,0.17069981176132543,15692,3.0
santander,580,31,0,0,0,0.14166546543711322,0.12865656846605017,0.1534589982168269,0.17069981176132543,15692,3.0
santander,580,32,0,0,0,0.14166546543711322,0.12865656846605017,0.1534589982168269,0.17069981176132543,15692,3.0
santander,580,33,0,0,0,0.14166546543711322,0.12865656846605017,0.1534589982168269,0.17069981176132543,15692,3.0
santander,580,34,0,0,0,0.14166546543711322,0.12865656846605017,0.1534589982168269,0.17069981176132543,15692,3.0
santander,580,35,0,0,0,0.14166546543711322,0.12865656846605017,0.1534589982168269,0.17069981176132543,15692,3.0
santander,580,36,0,0,0,0.14166546543711322,0.12865656846605017,0.1534589982168269,0.17069981176132543,15692,3.0
santander,600,0,0,0,0,0.0,0.0,0.0,0.0,15740,3.0
santander,600,1,1597,0,23,0.0,0.0,0.0,0.0,15740,3.0
santander,600,2,6751,0,45,0.0,0.0,0.0,0.0,15740,3.0
santander,600,3,12251,0,94,0.0,0.0,0.0,0.0,15740,3.0
santander,600,4,14915,1,140,6.513686796011789e-05,0.0,0.00019555858386530688,6.70465973852119e-05,15740,3.0
santander,600,5,15160,14,202,0.0009538340461526602,0.00044723621966250775,0.001523222676400113,0.000990467530606609,15740,3.0
santander,600,6,15221,23,248,0.0023872666369854152,0.0016963066322637302,0.003136656326113499,0.00250004109652191,15740,3.0
santander,600,7,13946,89,223,0.008333349770477089,0.006930947606868231,0.009713624058089768,0.008865844648967669,15740,3.0
santander,600,8,11928,80,199,0.014442581749770488,0.01231229502717875,0.01632655613416769,0.015513290358900811,15740,3.0
santander,600,9,9866,83,154,0.02192638318414545,0.019635568415283026,0.0246081444095658,0.02379551181645323,15740,3.0
santander,600,10,8142,70,114,0.029390738291844864,0.026612969861184277,0.03283761358660561,0.032188328590323056,15740,3.0
santander,600,11,7824,64,120,0.03633217421905163,0.033287025382204315,0.039970354084039844,0.04010498847915478,15740,3.0
santander,600,12,7522,81,126,0.0452552461438901,0.041819178734910124,0.049577766147008054,0.050441534069847194,15740,3.0
santander,600,13,7315,72,151,0.0531868656326354,0.049409847681728375,0.05778433931327909,0.05978783749390337,15740,3.0
santander,600,14,7092,73,108,0.06122864650316884,0.05744026191631922,0.06564487050690046,0.06946571226307219,15740,3.0
santander,600,15,6911,77,100,0.06971107290085479,0.06575519081827251,0.07405061534943809,0.07983340726462673,15740,3.0
santander,600,16,6734,76,107,0.07808333791675262,0.07368354481493467,0.08290552786266353,0.09021841781524864,15740,3.0
santander,600,17,6551,61,128,0.0848031822058285,0.07989045699176019,0.08998024314096839,0.09868989949946017,15740,3.0
santander,600,18,6362,63,91,0.09174334925848064,0.08615415538762981,0.09675593661602983,0.10761516456257458,15740,3.0
santander,600,19,6208,64,104,0.09879367769292091,0.0933556368409727,0.10445523769966333,0.11681500822687796,15740,3.0
santander,600,20,5742,66,95,0.10644166327913127,0.10086489099613484,0.11306324580825587,0.1269665598564541,15740,3.0
santander,600,21,3446,38,60,0.11357320572251015,0.1068767339037806,0.12014035329060521,0.13659374230725352,15740,3.0
santander,600,22,1010,6,17,0.11730583794248396,0.11057910437686244,0.12367695284496699,0.14172288839255698,15740,3.0
santander,600,23,258,5,5,0.1292054115894935,0.1192455748709201,0.14176756818450084,0.15835616574929035,15740,3.0
santander,600,24,93,0,2,0.1292054115894935,0.1192455748709201,0.14176756818450084,0.15835616574929035,15740,3.0
santander,600,25,0,0,0,0.1292054115894935,0.1192455748709201,0.14176756818450084,0.15835616574929035,15740,3.0
santander,600,26,0,0,0,0.1292054115894935,0.1192455748709201,0.14176756818450084,0.15835616574929035,15740,3.0
santander,600,27,0,0,0,0.1292054115894935,0.1192455748709201,0.14176756818450084,0.15835616574929035,15740,3.0
santander,600,28,0,0,0,0.1292054115894935,0.1192455748709201,0.14176756818450084,0.15835616574929035,15740,3.0
santander,600,29,0,0,0,0.1292054115894935,0.1192455748709201,0.14176756818450084,0.15835616574929035,15740,3.0
santander,600,30,0,0,0,0.1292054115894935,0.1192455748709201,0.14176756818450084,0.15835616574929035,15740,3.0
santander,600,31,0,0,0,0.1292054115894935,0.1192455748709201,0.14176756818450084,0.15835616574929035,15740,3.0
santander,600,32,0,0,0,0.1292054115894935,0.1192455748709201,0.14176756818450084,0.15835616574929035,15740,3.0
santander,600,33,0,0,0,0.1292054115894935,0.1192455748709201,0.14176756818450084,0.15835616574929035,15740,3.0
santander,600,34,0,0,0,0.1292054115894935,0.1192455748709201,0.14176756818450084,0.15835616574929035,15740,3.0
santander,600,35,0,0,0,0.1292054115894935,0.1192455748709201,0.14176756818450084,0.15835616574929035,15740,3.0
santander,600,36,0,0,0,0.1292054115894935,0.1192455748709201,0.14176756818450084,0.15835616574929035,15740,3.0
santander,620,0,0,0,0,0.0,0.0,0.0,0.0,12992,3.0
santander,620,1,1257,0,10,0.0,0.0,0.0,0.0,12992,3.0
santander,620,2,5545,0,48,0.0,0.0,0.0,0.0,12992,3.0
santander,620,3,10122,1,90,9.716034076231245e-05,0.0,0.0002928403233637639,9.879470460383288e-05,12992,3.0
santander,620,4,12280,1,126,0.00017652641390455645,0.0,0.0004346507893552644,0.0001802198841881486,12992,3.0
santander,620,5,12478,4,188,0.0004857220820878201,0.0001583894390156947,0.0009670960591854428,0.000500726305126098,12992,3.0
santander,620,6,12524,12,234,0.0013956816747018996,0.0008425484874565348,0.001990118163396064,0.0014584068612054635,12992,3.0
santander,620,7,11541,50,196,0.0054293023452517035,0.004068923682976447,0.00686862591804404,0.005784468697869527,12992,3.0
santander,620,8,9983,86,169,0.013278922921735652,0.01110429153840364,0.015285197397639819,0.01434928245044731,12992,3.0
santander,620,9,8382,79,126,0.021647530636599223,0.01876237845225645,0.02433661189249023,0.023638999306378472,12992,3.0
santander,620,10,7049,45,103,0.027177275833960502,0.02410392416719082,0.03057211785751785,0.02987197491018223,12992,3.0
santander,620,11,6806,75,122,0.03652216064319505,0.033073496447811594,0.04095192891737762,0.040562483561627505,12992,3.0
santander,620,12,6509,59,133,0.043986410714480215,0.04019881963339839,0.04835960498686639,0.04925918251229022,12992,3.0
santander,620,13,6317,59,108,0.05145066078576538,0.04689838818237069,0.05616953338928497,0.05813898435363496,12992,3.0
santander,620,14,6150,57,89,0.05866188543090528,0.053941007708886796,0.06349891100585832,0.06686842791328418,12992,3.0
santander,620,15,6004,75,98,0.06815033891135253,0.06298795883589958,0.07400465328221596,0.07852480164854458,12992,3.0
santander,620,16,5831,48,92,0.07422294913883876,0.06899566841497592,0.08041663712172667,0.08611026032130564,12992,3.0
santander,620,17,5691,57,93,0.08143417378397866,0.07586928774341857,0.0877732548737867,0.09526361037607378,12992,3.0
santander,620,18,5541,55,111,0.0883923730029733,0.08240888338904061,0.09482682816374674,0.10424402933101262,12992,3.0
santander,620,19,5375,45,86,0.09408544509124164,0.08822438354877055,0.10045471132916442,0.11174338164359021,12992,3.0
santander,620,20,4965,52,95,0.10103378319846204,0.0948368105424066,0.10774918222430839,0.12104637140281149,12992,3.0
santander,620,21,3011,28,66,0.10702054075419654,0.10112914823056883,0.11432240852676859,0.1292199687461264,12992,3.0
santander,620,22,900,7,7,0.1118714773625514,0.10497962004644863,0.11899964052948207,0.13599270232254546,12992,3.0
santander,620,23,242,3,3,0.11948292335133961,0.10939433466471953,0.12909443788947048,0.14670353659127422,12992,3.0
santander,620,24,89,0,0,0.11948292335133961,0.10939433466471953,0.12909443788947048,0.14670353659127422,12992,3.0
santander,620,25,0,0,0,0.11948292335133961,0.10939433466471953,0.12909443788947048,0.14670353659127422,12992,3.0
santander,620,26,0,0,0,0.11948292335133961,0.10939433466471953,0.12909443788947048,0.14670353659127422,12992,3.0
santander,620,27,0,0,0,0.11948292335133961,0.10939433466471953,0.12909443788947048,0.14670353659127422,12992,3.0
santander,620,28,0,0,0,0.11948292335133961,0.10939433466471953,0.12909443788947048,0.14670353659127422,12992,3.0
santander,620,29,0,0,0,0.11948292335133961,0.10939433466471953,0.12909443788947048,0.14670353659127422,12992,3.0
santander,620,30,0,0,0,0.11948292335133961,0.10939433466471953,0.12909443788947048,0.14670353659127422,12992,3.0
santander,620,31,0,0,0,0.11948292335133961,0.10939433466471953,0.12909443788947048,0.14670353659127422,12992,3.0
santander,620,32,0,0,0,0.11948292335133961,0.10939433466471953,0.12909443788947048,0.14670353659127422,12992,3.0
santander,620,33,0,0,0,0.11948292335133961,0.10939433466471953,0.12909443788947048,0.14670353659127422,12992,3.0
santander,620,34,0,0,0,0.11948292335133961,0.10939433466471953,0.12909443788947048,0.14670353659127422,12992,3.0
santander,620,35,0,0,0,0.11948292335133961,0.10939433466471953,0.12909443788947048,0.14670353659127422,12992,3.0
santander,620,36,0,0,0,0.11948292335133961,0.10939433466471953,0.12909443788947048,0.14670353659127422,12992,3.0
santander,640,0,0,0,0,0.0,0.0,0.0,0.0,7121,3.0
santander,640,1,803,0,11,0.0,0.0,0.0,0.0,7121,3.0
santander,640,2,3103,0,17,0.0,0.0,0.0,0.0,7121,3.0
santander,640,3,5585,0,52,0.0,0.0,0.0,0.0,7121,3.0
santander,640,4,6745,2,62,0.00028814382493585073,0.0,0.0007210229114464043,0.0002965159377316118,7121,3.0
santander,640,5,6851,1,121,0.0004286407519827357,0.00013624883436471285,0.0009991972336905947,0.00044243674988497794,7121,3.0
santander,640,6,6855,9,141,0.001669871152987317,0.0008230600524661304,0.0029081492054863945,0.001754766154589693,7121,3.0
santander,640,7,6214,38,119,0.007324720308513499,0.005119728588655384,0.009241798866740808,0.007859259055478907,7121,3.0
santander,640,8,5235,55,82,0.016794524628757877,0.013575858691592387,0.01984315547349523,0.018282896257379333,7121,3.0
santander,640,9,4259,41,78,0.025244478990254768,0.021217087681312342,0.029257899633022506,0.027733565722851794,7121,3.0
santander,640,10,3437,41,46,0.035422777231918175,0.03083768889589273,0.04085571725228714,0.039331739655165676,7121,3.0
santander,640,11,3286,33,45,0.043774623724917965,0.0384422401774799,0.04947693940778266,0.048979351521075465,7121,3.0
santander,640,12,3149,39,71,0.05382991995587334,0.048491624424475396,0.060374335075325594,0.06075763201986173,7121,3.0
santander,640,13,3039,38,56,0.06362738807834269,0.05664859222422448,0.07054120062112618,0.07250202490674729,7121,3.0
santander,640,14,2945,27,55,0.07058874700746563,0.06406604604366092,0.07790078070525418,0.08100540192797567,7121,3.0
santander,640,15,2863,30,60,0.07832359026204669,0.07163002665606652,0.08629278785348642,0.09063510431783273,7121,3.0
santander,640,16,2773,20,40,0.08348015243176739,0.07597175659978664,0.09133150893175275,0.0971938125448949,7121,3.0
santander,640,17,2713,28,58,0.09069933946937637,0.08207585333292544,0.09966861830985133,0.10651138469703014,7121,3.0
santander,640,18,2627,32,36,0.0989498389409295,0.09118723206402515,0.10918110699627691,0.11739514400030193,7121,3.0
santander,640,19,2559,32,33,0.10720033841248262,0.09945593121350188,0.11715102995306022,0.12843201597841458,7121,3.0
santander,640,20,2321,26,42,0.11440352922104292,0.10514081433317775,0.12469837368896322,0.13819537986663566,7121,3.0
santander,640,21,1401,15,21,0.12108644344097637,0.11202270396867886,0.13118749854180778,0.14742241006078305,7121,3.0
santander,640,22,392,8,6,0.13349756984942418,0.12103671958850146,0.14851695879311863,0.1648219527126038,7121,3.0
santander,640,23,97,1,2,0.13954319585766295,0.123064358729549,0.15887422698305512,0.17343203567432952,7121,3.0
santander,640,24,33,0,2,0.13954319585766295,0.123064358729549,0.15887422698305512,0.17343203567432952,7121,3.0
santander,640,25,0,0,0,0.13954319585766295,0.123064358729549,0.15887422698305512,0.17343203567432952,7121,3.0
santander,640,26,0,0,0,0.13954319585766295,0.123064358729549,0.15887422698305512,0.17343203567432952,7121,3.0
santander,640,27,0,0,0,0.13954319585766295,0.123064358729549,0.15887422698305512,0.17343203567432952,7121,3.0
santander,640,28,0,0,0,0.13954319585766295,0.123064358729549,0.15887422698305512,0.17343203567432952,7121,3.0
santander,640,29,0,0,0,0.13954319585766295,0.123064358729549,0.15887422698305512,0.17343203567432952,7121,3.0
santander,640,30,0,0,0,0.13954319585766295,0.123064358729549,0.15887422698305512,0.17343203567432952,7121,3.0
santander,640,31,0,0,0,0.13954319585766295,0.123064358729549,0.15887422698305512,0.17343203567432952,7121,3.0
santander,640,32,0,0,0,0.13954319585766295,0.123064358729549,0.15887422698305512,0.17343203567432952,7121,3.0
santander,640,33,0,0,0,0.13954319585766295,0.123064358729549,0.15887422698305512,0.17343203567432952,7121,3.0
santander,640,34,0,0,0,0.13954319585766295,0.123064358729549,0.15887422698305512,0.17343203567432952,7121,3.0
santander,640,35,0,0,0,0.13954319585766295,0.123064358729549,0.15887422698305512,0.17343203567432952,7121,3.0
santander,640,36,0,0,0,0.13954319585766295,0.123064358729549,0.15887422698305512,0.17343203567432952,7121,3.0
santander,660,0,0,0,0,0.0,0.0,0.0,0.0,4430,3.0
santander,660,1,537,0,3,0.0,0.0,0.0,0.0,4430,3.0
santander,660,2,1885,0,21,0.0,0.0,0.0,0.0,4430,3.0
santander,660,3,3375,0,27,0.0,0.0,0.0,0.0,4430,3.0
santander,660,4,4190,0,45,0.0,0.0,0.0,0.0,4430,3.0
santander,660,5,4255,5,65,0.0011339506356434846,0.00045176886194202797,0.0022768631221351853,0.001175088131609825,4430,3.0
santander,660,6,4264,6,89,0.0024694806760284706,0.001343433233439226,0.004301375891451101,0.0025805640863965085,4430,3.0
santander,660,7,3864,21,62,0.007512800185417063,0.005377539053949473,0.010551688837226653,0.008001321890274804,4430,3.0
santander,660,8,3280,24,67,0.014156978256845032,0.010230948915980309,0.01866793526916559,0.015259848803272802,4430,3.0
santander,660,9,2626,28,47,0.02357040724189749,0.018779711426026906,0.029790520622334945,0.02575974378937651,4430,3.0
santander,660,10,2057,23,39,0.0331598599615305,0.02576380060862563,0.03999619581695969,0.036653047577827835,4430,3.0
santander,660,11,1949,24,37,0.043402414587448555,0.035793354718490475,0.052307703230208905,0.048515708869840246,4430,3.0
santander,660,12,1855,20,41,0.05208972057744554,0.04186508949936491,0.06100507383938471,0.05877429960978808,4430,3.0
santander,660,13,1794,20,43,0.06077702656744252,0.05078361602026156,0.07241906792923,0.06926733974791754,4430,3.0
santander,660,14,1731,15,41,0.06729250605994026,0.05771148521840375,0.07807384213344515,0.07733261410018866,4430,3.0
santander,660,15,1675,20,27,0.07597981204993724,0.06549154152061207,0.08742056786653207,0.08834953811093271,4430,3.0
santander,660,16,1628,16,38,0.08292965684193483,0.07290978092416864,0.09558505239393159,0.0973092478100881,4430,3.0
santander,660,17,1574,15,24,0.08944513633443257,0.07956077222170593,0.10253980912877256,0.10591176450821305,4430,3.0
santander,660,18,1535,17,32,0.09682934642593001,0.08614459675090988,0.10947927554602897,0.11581371890779635,4430,3.0
santander,660,19,1486,16,36,0.1037791912179276,0.09393313240344903,0.11646117712283971,0.1253338942089237,4430,3.0
santander,660,20,1312,8,29,0.1075772390196519,0.09643584689553063,0.12010800576079851,0.13066722412228393,4430,3.0
santander,660,21,803,10,15,0.11511539429237679,0.102776503869705,0.12857660098759732,0.14149328608838252,4430,3.0
santander,660,22,228,3,0,0.12283208482156095,0.10863581296717349,0.14006865026193446,0.15278942706090382,4430,3.0
santander,660,23,67,0,1,0.12283208482156095,0.10863581296717349,0.14006865026193446,0.15278942706090382,4430,3.0
santander,660,24,30,0,1,0.12283208482156095,0.10863581296717349,0.14006865026193446,0.15278942706090382,4430,3.0
santander,660,25,0,0,0,0.12283208482156095,0.10863581296717349,0.14006865026193446,0.15278942706090382,4430,3.0
santander,660,26,0,0,0,0.12283208482156095,0.10863581296717349,0.14006865026193446,0.15278942706090382,4430,3.0
santander,660,27,0,0,0,0.12283208482156095,0.10863581296717349,0.14006865026193446,0.15278942706090382,4430,3.0
santander,660,28,0,0,0,0.12283208482156095,0.10863581296717349,0.14006865026193446,0.15278942706090382,4430,3.0
santander,660,29,0,0,0,0.12283208482156095,0.10863581296717349,0.14006865026193446,0.15278942706090382,4430,3.0
santander,660,30,0,0,0,0.12283208482156095,0.10863581296717349,0.14006865026193446,0.15278942706090382,4430,3.0
santander,660,31,0,0,0,0.12283208482156095,0.10863581296717349,0.14006865026193446,0.15278942706090382,4430,3.0
santander,660,32,0,0,0,0.12283208482156095,0.10863581296717349,0.14006865026193446,0.15278942706090382,4430,3.0
santander,660,33,0,0,0,0.12283208482156095,0.10863581296717349,0.14006865026193446,0.15278942706090382,4430,3.0
santander,660,34,0,0,0,0.12283208482156095,0.10863581296717349,0.14006865026193446,0.15278942706090382,4430,3.0
santander,660,35,0,0,0,0.12283208482156095,0.10863581296717349,0.14006865026193446,0.15278942706090382,4430,3.0
santander,660,36,0,0,0,0.12283208482156095,0.10863581296717349,0.14006865026193446,0.15278942706090382,4430,3.0
santander,680,0,0,0,0,0.0,0.0,0.0,0.0,3161,3.0
santander,680,1,379,0,4,0.0,0.0,0.0,0.0,3161,3.0
santander,680,2,1313,0,12,0.0,0.0,0.0,0.0,3161,3.0
santander,680,3,2384,0,17,0.0,0.0,0.0,0.0,3161,3.0
santander,680,4,2971,3,32,0.0009829133596908177,0.0,0.0019763969021541314,0.0010097610232244758,3161,3.0
santander,680,5,3023,5,55,0.0025739562663245376,0.0009628597699563324,0.004177138795068405,0.0026620769990378657,3161,3.0
santander,680,6,3033,6,58,0.004439143262310971,0.0025239581479616414,0.006670370903574072,0.004635050140483932,3161,3.0
santander,680,7,2754,13,48,0.008795874228426221,0.005556312209457184,0.012065849046888946,0.00933357750002417,3161,3.0
santander,680,8,2346,14,37,0.014181718247197194,0.010282622736112728,0.01830859424396377,0.015245482834636115,3161,3.0
santander,680,9,1858,17,32,0.022259863118500804,0.016105447232033724,0.027301334179324753,0.024255615661229912,3161,3.0
santander,680,10,1446,13,23,0.029988027341853137,0.023512857852822023,0.03724095958961612,0.03302786807921332,3161,3.0
santander,680,11,1366,12,26,0.03735149950420934,0.029961637462082587,0.04659795894323445,0.04152249881351011,3161,3.0
santander,680,12,1291,14,27,0.04618842659190147,0.03748939984720797,0.05509305427358058,0.05191652283877035,3161,3.0
santander,680,13,1250,15,24,0.05565656275728589,0.04512733323063746,0.06684641602632935,0.06329352456470516,3161,3.0
santander,680,14,1211,16,18,0.06575590800036261,0.053547835041000434,0.07631818640919,0.07566949781570831,3161,3.0
santander,680,15,1177,7,24,0.07017437154420868,0.05730525268239199,0.08413506364463814,0.08116679052198705,3161,3.0
santander,680,16,1146,13,25,0.07838008955420851,0.06527618563729491,0.09032904654633436,0.09158985485288951,3161,3.0
santander,680,17,1108,7,26,0.08279855309805458,0.07014049002378922,0.09654011476834785,0.09732890811645423,3161,3.0
santander,680,18,1075,8,19,0.08784822571959294,0.07483155198930042,0.10212267243967087,0.1040464604281458,3161,3.0
santander,680,19,1048,11,21,0.09479152557420818,0.07933930834759333,0.10918847210386941,0.11345055292365192,3161,3.0
santander,680,20,939,10,21,0.10162122123912162,0.08770761278033075,0.11503970045808985,0.1228919740852743,3161,3.0
santander,680,21,570,9,13,0.11141284807660805,0.09696294754333977,0.12422975458236571,0.13674104817866473,3161,3.0
santander,680,22,163,0,1,0.11141284807660805,0.09696294754333977,0.12422975458236571,0.13674104817866473,3161,3.0
santander,680,23,45,2,1,0.13774811927632613,0.1039469781411146,0.17290423046172404,0.17510811270405735,3161,3.0
santander,680,24,18,0,0,0.13774811927632613,0.1039469781411146,0.17290423046172404,0.17510811270405735,3161,3.0
santander,680,25,0,0,0,0.13774811927632613,0.1039469781411146,0.17290423046172404,0.17510811270405735,3161,3.0
santander,680,26,0,0,0,0.13774811927632613,0.1039469781411146,0.17290423046172404,0.17510811270405735,3161,3.0
santander,680,27,0,0,0,0.13774811927632613,0.1039469781411146,0.17290423046172404,0.17510811270405735,3161,3.0
santander,680,28,0,0,0,0.13774811927632613,0.1039469781411146,0.17290423046172404,0.17510811270405735,3161,3.0
santander,680,29,0,0,0,0.13774811927632613,0.1039469781411146,0.17290423046172404,0.17510811270405735,3161,3.0
santander,680,30,0,0,0,0.13774811927632613,0.1039469781411146,0.17290423046172404,0.17510811270405735,3161,3.0
santander,680,31,0,0,0,0.13774811927632613,0.1039469781411146,0.17290423046172404,0.17510811270405735,3161,3.0
santander,680,32,0,0,0,0.13774811927632613,0.1039469781411146,0.17290423046172404,0.17510811270405735,3161,3.0
santander,680,33,0,0,0,0.13774811927632613,0.1039469781411146,0.17290423046172404,0.17510811270405735,3161,3.0
santander,680,34,0,0,0,0.13774811927632613,0.1039469781411146,0.17290423046172404,0.17510811270405735,3161,3.0
santander,680,35,0,0,0,0.13774811927632613,0.1039469781411146,0.17290423046172404,0.17510811270405735,3161,3.0
santander,680,36,0,0,0,0.13774811927632613,0.1039469781411146,0.17290423046172404,0.17510811270405735,3161,3.0
santander,700,0,0,0,0,0.0,0.0,0.0,0.0,2031,3.0
santander,700,1,225,0,5,0.0,0.0,0.0,0.0,2031,3.0
santander,700,2,844,0,6,0.0,0.0,0.0,0.0,2031,3.0
santander,700,3,1524,0,11,0.0,0.0,0.0,0.0,2031,3.0
santander,700,4,1902,0,21,0.0,0.0,0.0,0.0,2031,3.0
santander,700,5,1945,2,34,0.0009801315489153613,0.0,0.00246433746088417,0.0010282776349614942,2031,3.0
santander,700,6,1952,2,36,0.001938672085226542,0.0004781119967096708,0.0038828574073076806,0.0020518142357452973,2031,3.0
santander,700,7,1793,9,35,0.006543195029592519,0.003460830601337652,0.009543044515753147,0.007061035469363985,2031,3.0
santander,700,8,1539,8,33,0.011194590960396704,0.006443360401513307,0.015246619863626036,0.012222511568288685,2031,3.0
santander,700,9,1258,6,27,0.015348679456627629,0.010025181480213127,0.02141363211868283,0.016933691958265107,2031,3.0
santander,700,10,992,3,14,0.01791357784769763,0.011790783753218181,0.02518534244225225,0.019906674744681663,2031,3.0
santander,700,11,941,6,12,0.023228723291466497,0.01621250105677793,0.030231679481007665,0.026155941430688,2031,3.0
santander,700,12,906,9,20,0.031351039921596734,0.02215320207877078,0.04233851723214135,0.035829889032369944,2031,3.0
santander,700,13,877,2,19,0.03315599917273679,0.023834996027822193,0.04336377356990265,0.03802868061952536,2031,3.0
santander,700,14,856,5,23,0.03766839730058692,0.027890362903657224,0.04695421685915334,0.0436476719710468,2031,3.0
santander,700,15,828,11,14,0.047595673181857215,0.03560262132740034,0.05911193399543548,0.05635283574920913,2031,3.0
santander,700,16,803,9,18,0.05571798981198745,0.04075862252538913,0.0679913919217347,0.06692920496248078,2031,3.0
santander,700,17,776,6,15,0.06113286756540761,0.04783279878255099,0.07467647611725982,0.07414366987256471,2031,3.0
santander,700,18,755,5,15,0.06564526569325774,0.051572623179554564,0.07907389818596441,0.0802751687475809,2031,3.0
santander,700,19,735,5,10,0.07015766382110787,0.0557334713505985,0.08363543545964446,0.08653180025269935,2031,3.0
santander,700,20,664,3,14,0.07309344091633567,0.05966337567516153,0.08663380480650679,0.09065891561300332,2031,3.0
santander,700,21,395,3,7,0.07790216947484803,0.06339597707305261,0.09153894446271434,0.09756530359568938,2031,3.0
santander,700,22,125,2,4,0.08777609211499342,0.06809285726036332,0.11097497164636401,0.11200425873815834,2031,3.0
santander,700,23,30,0,0,0.08777609211499342,0.06809285726036332,0.11097497164636401,0.11200425873815834,2031,3.0
santander,700,24,12,0,0,0.08777609211499342,0.06809285726036332,0.11097497164636401,0.11200425873815834,2031,3.0
santander,700,25,0,0,0,0.08777609211499342,0.06809285726036332,0.11097497164636401,0.11200425873815834,2031,3.0
santander,700,26,0,0,0,0.08777609211499342,0.06809285726036332,0.11097497164636401,0.11200425873815834,2031,3.0
santander,700,27,0,0,0,0.08777609211499342,0.06809285726036332,0.11097497164636401,0.11200425873815834,2031,3.0
santander,700,28,0,0,0,0.08777609211499342,0.06809285726036332,0.11097497164636401,0.11200425873815834,2031,3.0
santander,700,29,0,0,0,0.08777609211499342,0.06809285726036332,0.11097497164636401,0.11200425873815834,2031,3.0
santander,700,30,0,0,0,0.08777609211499342,0.06809285726036332,0.11097497164636401,0.11200425873815834,2031,3.0
santander,700,31,0,0,0,0.08777609211499342,0.06809285726036332,0.11097497164636401,0.11200425873815834,2031,3.0
santander,700,32,0,0,0,0.08777609211499342,0.06809285726036332,0.11097497164636401,0.11200425873815834,2031,3.0
santander,700,33,0,0,0,0.08777609211499342,0.06809285726036332,0.11097497164636401,0.11200425873815834,2031,3.0
santander,700,34,0,0,0,0.08777609211499342,0.06809285726036332,0.11097497164636401,0.11200425873815834,2031,3.0
santander,700,35,0,0,0,0.08777609211499342,0.06809285726036332,0.11097497164636401,0.11200425873815834,2031,3.0
santander,700,36,0,0,0,0.08777609211499342,0.06809285726036332,0.11097497164636401,0.11200425873815834,2031,3.0
santander,720,0,0,0,0,0.0,0.0,0.0,0.0,1409,3.0
santander,720,1,145,0,3,0.0,0.0,0.0,0.0,1409,3.0
santander,720,2,599,0,12,0.0,0.0,0.0,0.0,1409,3.0
santander,720,3,1046,0,12,0.0,0.0,0.0,0.0,1409,3.0
santander,720,4,1294,0,14,0.0,0.0,0.0,0.0,1409,3.0
santander,720,5,1329,1,20,0.000706108090482521,0.0,0.002145452024006018,0.0007524454477050302,1409,3.0
santander,720,6,1347,0,23,0.000706108090482521,0.0,0.002145452024006018,0.0007524454477050302,1409,3.0
santander,720,7,1246,4,17,0.0036204551556160407,0.0007286818765860418,0.006602500667123712,0.003960302765689927,1409,3.0
santander,720,8,1052,5,18,0.007862464607598648,0.0037473058907498582,0.012548903961764352,0.008694331744940387,1409,3.0
santander,720,9,852,5,18,0.012985736586577642,0.006913755630382705,0.019649138705097484,0.01451185327225879,1409,3.0
santander,720,10,678,5,17,0.019250032265889713,0.011643457336917943,0.028416194749337723,0.021779464973790907,1409,3.0
santander,720,11,643,1,12,0.02052822136872913,0.01271617540198341,0.029733020002390878,0.023300803286428806,1409,3.0
santander,720,12,616,5,12,0.027064415644612504,0.01670516448231207,0.03720988796877796,0.031228556506506466,1409,3.0
santander,720,13,599,7,13,0.03621508763084923,0.02478428666266687,0.047887840716561506,0.042549758684226724,1409,3.0
santander,720,14,579,3,15,0.04013680419637925,0.028763470503020437,0.05286707568720634,0.047510640763583134,1409,3.0
santander,720,15,561,1,14,0.041444043051555926,0.029094569239482213,0.05430521114390693,0.04920848275865697,1409,3.0
santander,720,16,546,6,10,0.049287476182615975,0.03439417705477347,0.06281106539224753,0.05965674118988051,1409,3.0
santander,720,17,530,6,13,0.05713090931367602,0.04231090087014881,0.0722136340079733,0.07030213657263662,1409,3.0
santander,720,18,511,1,8,0.0584381481688527,0.04368987796516526,0.07310371232111258,0.07212150616838486,1409,3.0
santander,720,19,502,0,10,0.0584381481688527,0.04368987796516526,0.07310371232111258,0.07212150616838486,1409,3.0
santander,720,20,451,5,10,0.06556854192436183,0.04976032954747038,0.08090305741409777,0.08240840743037614,1409,3.0
santander,720,21,266,2,5,0.07024350685278587,0.05318652978230998,0.08673236021951969,0.08930759233691477,1409,3.0
santander,720,22,85,0,1,0.07024350685278587,0.05318652978230998,0.08673236021951969,0.08930759233691477,1409,3.0
santander,720,23,33,0,1,0.07024350685278587,0.05318652978230998,0.08673236021951969,0.08930759233691477,1409,3.0
santander,720,24,9,0,0,0.07024350685278587,0.05318652978230998,0.08673236021951969,0.08930759233691477,1409,3.0
santander,720,25,0,0,0,0.07024350685278587,0.05318652978230998,0.08673236021951969,0.08930759233691477,1409,3.0
santander,720,26,0,0,0,0.07024350685278587,0.05318652978230998,0.08673236021951969,0.08930759233691477,1409,3.0
santander,720,27,0,0,0,0.07024350685278587,0.05318652978230998,0.08673236021951969,0.08930759233691477,1409,3.0
santander,720,28,0,0,0,0.07024350685278587,0.05318652978230998,0.08673236021951969,0.08930759233691477,1409,3.0
santander,720,29,0,0,0,0.07024350685278587,0.05318652978230998,0.08673236021951969,0.08930759233691477,1409,3.0
santander,720,30,0,0,0,0.07024350685278587,0.05318652978230998,0.08673236021951969,0.08930759233691477,1409,3.0
santander,720,31,0,0,0,0.07024350685278587,0.05318652978230998,0.08673236021951969,0.08930759233691477,1409,3.0
santander,720,32,0,0,0,0.07024350685278587,0.05318652978230998,0.08673236021951969,0.08930759233691477,1409,3.0
santander,720,33,0,0,0,0.07024350685278587,0.05318652978230998,0.08673236021951969,0.08930759233691477,1409,3.0
santander,720,34,0,0,0,0.07024350685278587,0.05318652978230998,0.08673236021951969,0.08930759233691477,1409,3.0
santander,720,35,0,0,0,0.07024350685278587,0.05318652978230998,0.08673236021951969,0.08930759233691477,1409,3.0
santander,720,36,0,0,0,0.07024350685278587,0.05318652978230998,0.08673236021951969,0.08930759233691477,1409,3.0
santander,740,0,0,0,0,0.0,0.0,0.0,0.0,910,3.0
santander,740,1,111,0,2,0.0,0.0,0.0,0.0,910,3.0
santander,740,2,379,0,2,0.0,0.0,0.0,0.0,910,3.0
santander,740,3,688,0,7,0.0,0.0,0.0,0.0,910,3.0
santander,740,4,853,1,8,0.001133483759355069,0.0,0.00449481330775048,0.0011723329425556983,910,3.0
santander,740,5,871,1,16,0.0022318308235292116,0.0,0.005692880966686826,0.002319092606226647,910,3.0
santander,740,6,873,1,15,0.003306273426971042,0.0,0.008554769608841696,0.0034619115150397173,910,3.0
santander,740,7,790,3,12,0.006802972076906416,0.0021777958345331797,0.013630719526110802,0.007246233370045929,910,3.0
santander,740,8,680,4,13,0.01211658277043566,0.004811226955046487,0.020579860299373254,0.01308596140904561,910,3.0
santander,740,9,559,5,5,0.01999431955444704,0.011242695792345192,0.02941431858909039,0.021913457281952153,910,3.0
santander,740,10,450,4,10,0.02768299065564215,0.016910482027631235,0.03935977183500016,0.0306075598838903,910,3.0
santander,740,11,427,2,9,0.03160835435601811,0.019233684034774504,0.0450576501586828,0.03514803969708047,910,3.0
santander,740,12,408,5,9,0.04161418339619212,0.027679663354699048,0.05777384868434917,0.04697220587726325,910,3.0
santander,740,13,394,6,8,0.05362117824440093,0.03497045722605416,0.07597048195498793,0.06148531949334557,910,3.0
santander,740,14,380,2,7,0.05762350986047053,0.036897571621956005,0.08112681963009555,0.06642487044338063,910,3.0
santander,740,15,371,4,5,0.06562817309260974,0.04463448446196517,0.0874074323755507,0.07649037049250862,910,3.0
santander,740,16,362,5,4,0.07563400213278375,0.052967395823973966,0.09769381273146373,0.08924602835863416,910,3.0
santander,740,17,353,2,7,0.07963633374885334,0.055706149269394455,0.1031589582742058,0.09440610751807532,910,3.0
santander,740,18,344,2,1,0.08363866536492295,0.05895611474042154,0.10553866367195576,0.09967118828831911,910,3.0
santander,740,19,341,1,5,0.08563983117295776,0.06089684010623464,0.10952999984066336,0.1023114487332214,910,3.0
santander,740,20,313,0,6,0.08563983117295776,0.06089684010623464,0.10952999984066336,0.1023114487332214,910,3.0
santander,740,21,198,0,2,0.08563983117295776,0.06089684010623464,0.10952999984066336,0.1023114487332214,910,3.0
santander,740,22,64,0,2,0.08563983117295776,0.06089684010623464,0.10952999984066336,0.1023114487332214,910,3.0
santander,740,23,18,0,0,0.08563983117295776,0.06089684010623464,0.10952999984066336,0.1023114487332214,910,3.0
santander,740,24,6,0,0,0.08563983117295776,0.06089684010623464,0.10952999984066336,0.1023114487332214,910,3.0
santander,740,25,0,0,0,0.08563983117295776,0.06089684010623464,0.10952999984066336,0.1023114487332214,910,3.0
santander,740,26,0,0,0,0.08563983117295776,0.06089684010623464,0.10952999984066336,0.1023114487332214,910,3.0
santander,740,27,0,0,0,0.08563983117295776,0.06089684010623464,0.10952999984066336,0.1023114487332214,910,3.0
santander,740,28,0,0,0,0.08563983117295776,0.06089684010623464,0.10952999984066336,0.1023114487332214,910,3.0
santander,740,29,0,0,0,0.08563983117295776,0.06089684010623464,0.10952999984066336,0.1023114487332214,910,3.0
santander,740,30,0,0,0,0.08563983117295776,0.06089684010623464,0.10952999984066336,0.1023114487332214,910,3.0
santander,740,31,0,0,0,0.08563983117295776,0.06089684010623464,0.10952999984066336,0.1023114487332214,910,3.0
santander,740,32,0,0,0,0.08563983117295776,0.06089684010623464,0.10952999984066336,0.1023114487332214,910,3.0
santander,740,33,0,0,0,0.08563983117295776,0.06089684010623464,0.10952999984066336,0.1023114487332214,910,3.0
santander,740,34,0,0,0,0.08563983117295776,0.06089684010623464,0.10952999984066336,0.1023114487332214,910,3.0
santander,740,35,0,0,0,0.08563983117295776,0.06089684010623464,0.10952999984066336,0.1023114487332214,910,3.0
santander,740,36,0,0,0,0.08563983117295776,0.06089684010623464,0.10952999984066336,0.1023114487332214,910,3.0
santander,760,0,0,0,0,0.0,0.0,0.0,0.0,537,3.0
santander,760,1,49,0,2,0.0,0.0,0.0,0.0,537,3.0
santander,760,2,203,0,0,0.0,0.0,0.0,0.0,537,3.0
santander,760,3,381,0,0,0.0,0.0,0.0,0.0,537,3.0
santander,760,4,499,0,5,0.0,0.0,0.0,0.0,537,3.0
santander,760,5,517,1,10,0.0018366975137659362,0.0,0.005731558955733672,0.0019342359767892114,537,3.0
santander,760,6,519,0,11,0.0018366975137659362,0.0,0.005731558955733672,0.0019342359767892114,537,3.0
santander,760,7,483,0,8,0.0018366975137659362,0.0,0.005731558955733672,0.0019342359767892114,537,3.0
santander,760,8,419,0,8,0.0018366975137659362,0.0,0.005731558955733672,0.0019342359767892114,537,3.0
santander,760,9,350,3,8,0.009358328059517085,0.0018501312558401497,0.018172721144295613,0.010489085382702434,537,3.0
santander,760,10,275,1,4,0.012449034429225738,0.0025217224957642284,0.023415481277432558,0.014087306890401718,537,3.0
santander,760,11,261,2,3,0.018843599332071227,0.0056547022142579674,0.032047101178868456,0.021642193427639955,537,3.0
santander,760,12,253,1,2,0.02207879422362942,0.008286606066793748,0.03771662583557098,0.025509220331088045,537,3.0
santander,760,13,250,0,2,0.02207879422362942,0.008286606066793748,0.03771662583557098,0.025509220331088045,537,3.0
santander,760,14,248,1,4,0.02531398911518761,0.00894191850963979,0.0421133864758323,0.029438618636204672,537,3.0
santander,760,15,243,2,3,0.031784378898303996,0.012926708117320298,0.05309519047802077,0.03742677815360218,537,3.0
santander,760,16,238,1,4,0.03501957378986219,0.017540603471660126,0.056417807495962105,0.041471203455477834,537,3.0
santander,760,17,233,0,8,0.03501957378986219,0.017540603471660126,0.056417807495962105,0.041471203455477834,537,3.0
santander,760,18,225,1,5,0.03825476868142038,0.020290185152664373,0.05973742662863228,0.045731331440120204,537,3.0
santander,760,19,219,0,5,0.03825476868142038,0.020290185152664373,0.05973742662863228,0.045731331440120204,537,3.0
santander,760,20,201,1,3,0.04169920503362661,0.022191831083465105,0.06119368082899949,0.05047893675633852,537,3.0
santander,760,21,134,0,3,0.04169920503362661,0.022191831083465105,0.06119368082899949,0.05047893675633852,537,3.0
santander,760,22,52,0,1,0.04169920503362661,0.022191831083465105,0.06119368082899949,0.05047893675633852,537,3.0
santander,760,23,19,0,0,0.04169920503362661,0.022191831083465105,0.06119368082899949,0.05047893675633852,537,3.0
santander,760,24,8,0,1,0.04169920503362661,0.022191831083465105,0.06119368082899949,0.05047893675633852,537,3.0
santander,760,25,0,0,0,0.04169920503362661,0.022191831083465105,0.06119368082899949,0.05047893675633852,537,3.0
santander,760,26,0,0,0,0.04169920503362661,0.022191831083465105,0.06119368082899949,0.05047893675633852,537,3.0
santander,760,27,0,0,0,0.04169920503362661,0.022191831083465105,0.06119368082899949,0.05047893675633852,537,3.0
santander,760,28,0,0,0,0.04169920503362661,0.022191831083465105,0.06119368082899949,0.05047893675633852,537,3.0
santander,760,29,0,0,0,0.04169920503362661,0.022191831083465105,0.06119368082899949,0.05047893675633852,537,3.0
santander,760,30,0,0,0,0.04169920503362661,0.022191831083465105,0.06119368082899949,0.05047893675633852,537,3.0
santander,760,31,0,0,0,0.04169920503362661,0.022191831083465105,0.06119368082899949,0.05047893675633852,537,3.0
santander,760,32,0,0,0,0.04169920503362661,0.022191831083465105,0.06119368082899949,0.05047893675633852,537,3.0
santander,760,33,0,0,0,0.04169920503362661,0.022191831083465105,0.06119368082899949,0.05047893675633852,537,3.0
santander,760,34,0,0,0,0.04169920503362661,0.022191831083465105,0.06119368082899949,0.05047893675633852,537,3.0
santander,760,35,0,0,0,0.04169920503362661,0.022191831083465105,0.06119368082899949,0.05047893675633852,537,3.0
santander,760,36,0,0,0,0.04169920503362661,0.022191831083465105,0.06119368082899949,0.05047893675633852,537,3.0
santander,780,0,0,0,0,0.0,0.0,0.0,0.0,411,3.0
santander,780,1,47,0,3,0.0,0.0,0.0,0.0,411,3.0
santander,780,2,162,0,5,0.0,0.0,0.0,0.0,411,3.0
santander,780,3,294,0,9,0.0,0.0,0.0,0.0,411,3.0
santander,780,4,367,0,4,0.0,0.0,0.0,0.0,411,3.0
santander,780,5,382,0,8,0.0,0.0,0.0,0.0,411,3.0
santander,780,6,382,0,5,0.0,0.0,0.0,0.0,411,3.0
santander,780,7,347,1,6,0.002422335525988448,0.0,0.0075548296393743875,0.0028818443804035088,411,3.0
santander,780,8,291,1,9,0.005252555728174263,0.0,0.013002668262233001,0.006308367251948499,411,3.0
santander,780,9,238,0,5,0.005252555728174263,0.0,0.013002668262233001,0.006308367251948499,411,3.0
santander,780,10,187,1,3,0.009416106874035761,0.0,0.02169434963875343,0.011622226250601164,411,3.0
santander,780,11,180,1,6,0.013649050538994952,0.002244456276443153,0.02730235520220966,0.017113213882542277,411,3.0
santander,780,12,169,0,3,0.013649050538994952,0.002244456276443153,0.02730235520220966,0.017113213882542277,411,3.0
santander,780,13,166,0,3,0.013649050538994952,0.002244456276443153,0.02730235520220966,0.017113213882542277,411,3.0
santander,780,14,163,0,3,0.013649050538994952,0.002244456276443153,0.02730235520220966,0.017113213882542277,411,3.0
santander,780,15,160,1,1,0.017982182219692822,0.002933386657216226,0.03539101206760675,0.023256256295776323,411,3.0
santander,780,16,158,2,0,0.026648445581088562,0.010858210563263998,0.0527575951837401,0.035620101152791794,411,3.0
santander,780,17,156,0,1,0.026648445581088562,0.010858210563263998,0.0527575951837401,0.035620101152791794,411,3.0
santander,780,18,155,1,0,0.030981577261786433,0.011949743163744201,0.05894489813491483,0.04184190695180601,411,3.0
santander,780,19,154,1,2,0.0353147089424843,0.013202293549226194,0.06426283607932559,0.04806371275082022,411,3.0
santander,780,20,142,2,2,0.04453024251692625,0.02180002761707882,0.07357976412252323,0.06147126609235798,411,3.0
santander,780,21,101,1,0,0.05082600307768362,0.024201264190111375,0.08569211584495211,0.07076362979441386,411,3.0
santander,780,22,36,0,0,0.05082600307768362,0.024201264190111375,0.08569211584495211,0.07076362979441386,411,3.0
santander,780,23,14,0,1,0.05082600307768362,0.024201264190111375,0.08569211584495211,0.07076362979441386,411,3.0
santander,780,24,2,0,0,0.05082600307768362,0.024201264190111375,0.08569211584495211,0.07076362979441386,411,3.0
santander,780,25,0,0,0,0.05082600307768362,0.024201264190111375,0.08569211584495211,0.07076362979441386,411,3.0
santander,780,26,0,0,0,0.05082600307768362,0.024201264190111375,0.08569211584495211,0.07076362979441386,411,3.0
santander,780,27,0,0,0,0.05082600307768362,0.024201264190111375,0.08569211584495211,0.07076362979441386,411,3.0
santander,780,28,0,0,0,0.05082600307768362,0.024201264190111375,0.08569211584495211,0.07076362979441386,411,3.0
santander,780,29,0,0,0,0.05082600307768362,0.024201264190111375,0.08569211584495211,0.07076362979441386,411,3.0
santander,780,30,0,0,0,0.05082600307768362,0.024201264190111375,0.08569211584495211,0.07076362979441386,411,3.0
santander,780,31,0,0,0,0.05082600307768362,0.024201264190111375,0.08569211584495211,0.07076362979441386,411,3.0
santander,780,32,0,0,0,0.05082600307768362,0.024201264190111375,0.08569211584495211,0.07076362979441386,411,3.0
santander,780,33,0,0,0,0.05082600307768362,0.024201264190111375,0.08569211584495211,0.07076362979441386,411,3.0
santander,780,34,0,0,0,0.05082600307768362,0.024201264190111375,0.08569211584495211,0.07076362979441386,411,3.0
santander,780,35,0,0,0,0.05082600307768362,0.024201264190111375,0.08569211584495211,0.07076362979441386,411,3.0
santander,780,36,0,0,0,0.05082600307768362,0.024201264190111375,0.08569211584495211,0.07076362979441386,411,3.0
santander,800,0,0,0,0,0.0,0.0,0.0,0.0,323,3.0
santander,800,1,34,0,0,0.0,0.0,0.0,0.0,323,3.0
santander,800,2,137,0,4,0.0,0.0,0.0,0.0,323,3.0
santander,800,3,243,0,3,0.0,0.0,0.0,0.0,323,3.0
santander,800,4,298,0,3,0.0,0.0,0.0,0.0,323,3.0
santander,800,5,303,0,1,0.0,0.0,0.0,0.0,323,3.0
santander,800,6,312,0,1,0.0,0.0,0.0,0.0,323,3.0
santander,800,7,287,0,4,0.0,0.0,0.0,0.0,323,3.0
santander,800,8,235,1,6,0.003956840824104139,0.0,0.015939489119878848,0.004255319148936176,323,3.0
santander,800,9,186,0,3,0.003956840824104139,0.0,0.015939489119878848,0.004255319148936176,323,3.0
santander,800,10,154,1,0,0.00972053397257925,0.0,0.027574944513446345,0.010721193699917086,323,3.0
santander,800,11,152,0,2,0.00972053397257925,0.0,0.027574944513446345,0.010721193699917086,323,3.0
santander,800,12,145,0,3,0.00972053397257925,0.0,0.027574944513446345,0.010721193699917086,323,3.0
santander,800,13,142,0,3,0.00972053397257925,0.0,0.027574944513446345,0.010721193699917086,323,3.0
santander,800,14,139,1,0,0.015722201747420624,0.0,0.0397997672290793,0.017838307414306143,323,3.0
santander,800,15,138,0,5,0.015722201747420624,0.0,0.0397997672290793,0.017838307414306143,323,3.0
santander,800,16,133,0,0,0.015722201747420624,0.0,0.0397997672290793,0.017838307414306143,323,3.0
santander,800,17,133,0,2,0.015722201747420624,0.0,0.0397997672290793,0.017838307414306143,323,3.0
santander,800,18,131,0,2,0.015722201747420624,0.0,0.0397997672290793,0.017838307414306143,323,3.0
santander,800,19,129,0,3,0.015722201747420624,0.0,0.0397997672290793,0.017838307414306143,323,3.0
santander,800,20,122,0,5,0.015722201747420624,0.0,0.0397997672290793,0.017838307414306143,323,3.0
santander,800,21,79,0,3,0.015722201747420624,0.0,0.0397997672290793,0.017838307414306143,323,3.0
santander,800,22,26,1,1,0.04255597096857277,0.005617122168258687,0.10640062606177453,0.05561375712914052,323,3.0
santander,800,23,9,0,0,0.04255597096857277,0.005617122168258687,0.10640062606177453,0.05561375712914052,323,3.0
santander,800,24,4,0,0,0.04255597096857277,0.005617122168258687,0.10640062606177453,0.05561375712914052,323,3.0
santander,800,25,0,0,0,0.04255597096857277,0.005617122168258687,0.10640062606177453,0.05561375712914052,323,3.0
santander,800,26,0,0,0,0.04255597096857277,0.005617122168258687,0.10640062606177453,0.05561375712914052,323,3.0
santander,800,27,0,0,0,0.04255597096857277,0.005617122168258687,0.10640062606177453,0.05561375712914052,323,3.0
santander,800,28,0,0,0,0.04255597096857277,0.005617122168258687,0.10640062606177453,0.05561375712914052,323,3.0
santander,800,29,0,0,0,0.04255597096857277,0.005617122168258687,0.10640062606177453,0.05561375712914052,323,3.0
santander,800,30,0,0,0,0.04255597096857277,0.005617122168258687,0.10640062606177453,0.05561375712914052,323,3.0
santander,800,31,0,0,0,0.04255597096857277,0.005617122168258687,0.10640062606177453,0.05561375712914052,323,3.0
santander,800,32,0,0,0,0.04255597096857277,0.005617122168258687,0.10640062606177453,0.05561375712914052,323,3.0
santander,800,33,0,0,0,0.04255597096857277,0.005617122168258687,0.10640062606177453,0.05561375712914052,323,3.0
santander,800,34,0,0,0,0.04255597096857277,0.005617122168258687,0.10640062606177453,0.05561375712914052,323,3.0
santander,800,35,0,0,0,0.04255597096857277,0.005617122168258687,0.10640062606177453,0.05561375712914052,323,3.0
santander,800,36,0,0,0,0.04255597096857277,0.005617122168258687,0.10640062606177453,0.05561375712914052,323,3.0
santander,820,0,0,0,0,0.0,0.0,0.0,0.0,260,3.0
santander,820,1,30,0,1,0.0,0.0,0.0,0.0,260,3.0
santander,820,2,117,0,2,0.0,0.0,0.0,0.0,260,3.0
santander,820,3,195,0,4,0.0,0.0,0.0,0.0,260,3.0
santander,820,4,240,0,3,0.0,0.0,0.0,0.0,260,3.0
santander,820,5,246,0,8,0.0,0.0,0.0,0.0,260,3.0
santander,820,6,242,0,4,0.0,0.0,0.0,0.0,260,3.0
santander,820,7,217,0,4,0.0,0.0,0.0,0.0,260,3.0
santander,820,8,178,0,3,0.0,0.0,0.0,0.0,260,3.0
santander,820,9,151,0,1,0.0,0.0,0.0,0.0,260,3.0
santander,820,10,128,0,4,0.0,0.0,0.0,0.0,260,3.0
santander,820,11,121,0,1,0.0,0.0,0.0,0.0,260,3.0
santander,820,12,117,0,2,0.0,0.0,0.0,0.0,260,3.0
santander,820,13,115,1,2,0.006883383718262459,0.0,0.022677905349090397,0.008695652173912993,260,3.0
santander,820,14,112,1,2,0.013766767436524918,0.0,0.03404724822739728,0.017546583850931552,260,3.0
santander,820,15,109,0,1,0.013766767436524918,0.0,0.03404724822739728,0.017546583850931552,260,3.0
santander,820,16,108,0,1,0.013766767436524918,0.0,0.03404724822739728,0.017546583850931552,260,3.0
santander,820,17,107,0,2,0.013766767436524918,0.0,0.03404724822739728,0.017546583850931552,260,3.0
santander,820,18,105,0,4,0.013766767436524918,0.0,0.03404724822739728,0.017546583850931552,260,3.0
santander,820,19,101,2,0,0.027533534873049836,0.006926175298030781,0.05529787967833947,0.0370011069429923,260,3.0
santander,820,20,95,0,3,0.027533534873049836,0.006926175298030781,0.05529787967833947,0.0370011069429923,260,3.0
santander,820,21,55,0,1,0.027533534873049836,0.006926175298030781,0.05529787967833947,0.0370011069429923,260,3.0
santander,820,22,21,0,0,0.027533534873049836,0.006926175298030781,0.05529787967833947,0.0370011069429923,260,3.0
santander,820,23,3,0,1,0.027533534873049836,0.006926175298030781,0.05529787967833947,0.0370011069429923,260,3.0
santander,820,24,0,0,0,0.027533534873049836,0.006926175298030781,0.05529787967833947,0.0370011069429923,260,3.0
santander,820,25,0,0,0,0.027533534873049836,0.006926175298030781,0.05529787967833947,0.0370011069429923,260,3.0
santander,820,26,0,0,0,0.027533534873049836,0.006926175298030781,0.05529787967833947,0.0370011069429923,260,3.0
santander,820,27,0,0,0,0.027533534873049836,0.006926175298030781,0.05529787967833947,0.0370011069429923,260,3.0
santander,820,28,0,0,0,0.027533534873049836,0.006926175298030781,0.05529787967833947,0.0370011069429923,260,3.0
santander,820,29,0,0,0,0.027533534873049836,0.006926175298030781,0.05529787967833947,0.0370011069429923,260,3.0
santander,820,30,0,0,0,0.027533534873049836,0.006926175298030781,0.05529787967833947,0.0370011069429923,260,3.0
santander,820,31,0,0,0,0.027533534873049836,0.006926175298030781,0.05529787967833947,0.0370011069429923,260,3.0
santander,820,32,0,0,0,0.027533534873049836,0.006926175298030781,0.05529787967833947,0.0370011069429923,260,3.0
santander,820,33,0,0,0,0.027533534873049836,0.006926175298030781,0.05529787967833947,0.0370011069429923,260,3.0
santander,820,34,0,0,0,0.027533534873049836,0.006926175298030781,0.05529787967833947,0.0370011069429923,260,3.0
santander,820,35,0,0,0,0.027533534873049836,0.006926175298030781,0.05529787967833947,0.0370011069429923,260,3.0
santander,820,36,0,0,0,0.027533534873049836,0.006926175298030781,0.05529787967833947,0.0370011069429923,260,3.0
santander,840,0,0,0,0,0.0,0.0,0.0,0.0,194,3.0
santander,840,1,30,0,1,0.0,0.0,0.0,0.0,194,3.0
santander,840,2,87,0,3,0.0,0.0,0.0,0.0,194,3.0
santander,840,3,146,0,2,0.0,0.0,0.0,0.0,194,3.0
santander,840,4,177,0,5,0.0,0.0,0.0,0.0,194,3.0
santander,840,5,178,0,2,0.0,0.0,0.0,0.0,194,3.0
santander,840,6,181,0,1,0.0,0.0,0.0,0.0,194,3.0
santander,840,7,162,0,1,0.0,0.0,0.0,0.0,194,3.0
santander,840,8,138,0,2,0.0,0.0,0.0,0.0,194,3.0
santander,840,9,116,0,1,0.0,0.0,0.0,0.0,194,3.0
santander,840,10,92,0,0,0.0,0.0,0.0,0.0,194,3.0
santander,840,11,89,0,5,0.0,0.0,0.0,0.0,194,3.0
santander,840,12,81,1,0,0.009951830817464407,0.0,0.0415897693332853,0.012345679012345734,194,3.0
santander,840,13,80,0,3,0.009951830817464407,0.0,0.0415897693332853,0.012345679012345734,194,3.0
santander,840,14,77,0,1,0.009951830817464407,0.0,0.0415897693332853,0.012345679012345734,194,3.0
santander,840,15,76,0,2,0.009951830817464407,0.0,0.0415897693332853,0.012345679012345734,194,3.0
santander,840,16,74,0,1,0.009951830817464407,0.0,0.0415897693332853,0.012345679012345734,194,3.0
santander,840,17,73,0,3,0.009951830817464407,0.0,0.0415897693332853,0.012345679012345734,194,3.0
santander,840,18,70,1,2,0.019903661634928814,0.0,0.05635673010952874,0.02645502645502651,194,3.0
santander,840,19,67,0,1,0.019903661634928814,0.0,0.05635673010952874,0.02645502645502651,194,3.0
santander,840,20,59,0,2,0.019903661634928814,0.0,0.05635673010952874,0.02645502645502651,194,3.0
santander,840,21,35,0,0,0.019903661634928814,0.0,0.05635673010952874,0.02645502645502651,194,3.0
santander,840,22,9,0,0,0.019903661634928814,0.0,0.05635673010952874,0.02645502645502651,194,3.0
santander,840,23,5,0,0,0.019903661634928814,0.0,0.05635673010952874,0.02645502645502651,194,3.0
santander,840,24,2,0,0,0.019903661634928814,0.0,0.05635673010952874,0.02645502645502651,194,3.0
santander,840,25,0,0,0,0.019903661634928814,0.0,0.05635673010952874,0.02645502645502651,194,3.0
santander,840,26,0,0,0,0.019903661634928814,0.0,0.05635673010952874,0.02645502645502651,194,3.0
santander,840,27,0,0,0,0.019903661634928814,0.0,0.05635673010952874,0.02645502645502651,194,3.0
santander,840,28,0,0,0,0.019903661634928814,0.0,0.05635673010952874,0.02645502645502651,194,3.0
santander,840,29,0,0,0,0.019903661634928814,0.0,0.05635673010952874,0.02645502645502651,194,3.0
santander,840,30,0,0,0,0.019903661634928814,0.0,0.05635673010952874,0.02645502645502651,194,3.0
santander,840,31,0,0,0,0.019903661634928814,0.0,0.05635673010952874,0.02645502645502651,194,3.0
santander,840,32,0,0,0,0.019903661634928814,0.0,0.05635673010952874,0.02645502645502651,194,3.0
santander,840,33,0,0,0,0.019903661634928814,0.0,0.05635673010952874,0.02645502645502651,194,3.0
santander,840,34,0,0,0,0.019903661634928814,0.0,0.05635673010952874,0.02645502645502651,194,3.0
santander,840,35,0,0,0,0.019903661634928814,0.0,0.05635673010952874,0.02645502645502651,194,3.0
santander,840,36,0,0,0,0.019903661634928814,0.0,0.05635673010952874,0.02645502645502651,194,3.0
santander,860,0,0,0,0,0.0,0.0,0.0,0.0,117,3.0
santander,860,1,22,0,1,0.0,0.0,0.0,0.0,117,3.0
santander,860,2,57,0,3,0.0,0.0,0.0,0.0,117,3.0
santander,860,3,87,0,1,0.0,0.0,0.0,0.0,117,3.0
santander,860,4,108,0,0,0.0,0.0,0.0,0.0,117,3.0
santander,860,5,110,0,1,0.0,0.0,0.0,0.0,117,3.0
santander,860,6,111,0,2,0.0,0.0,0.0,0.0,117,3.0
santander,860,7,96,0,1,0.0,0.0,0.0,0.0,117,3.0
santander,860,8,79,0,1,0.0,0.0,0.0,0.0,117,3.0
santander,860,9,68,0,1,0.0,0.0,0.0,0.0,117,3.0
santander,860,10,52,1,2,0.016103284977027225,0.0,0.05602024017767905,0.019230769230769273,117,3.0
santander,860,11,49,1,2,0.03220656995405445,0.0,0.08358600196613512,0.039246467817896424,117,3.0
santander,860,12,46,0,0,0.03220656995405445,0.0,0.08358600196613512,0.039246467817896424,117,3.0
santander,860,13,46,0,2,0.03220656995405445,0.0,0.08358600196613512,0.039246467817896424,117,3.0
santander,860,14,44,0,0,0.03220656995405445,0.0,0.08358600196613512,0.039246467817896424,117,3.0
santander,860,15,44,0,1,0.03220656995405445,0.0,0.08358600196613512,0.039246467817896424,117,3.0
santander,860,16,43,0,0,0.03220656995405445,0.0,0.08358600196613512,0.039246467817896424,117,3.0
santander,860,17,43,0,0,0.03220656995405445,0.0,0.08358600196613512,0.039246467817896424,117,3.0
santander,860,18,43,0,0,0.03220656995405445,0.0,0.08358600196613512,0.039246467817896424,117,3.0
santander,860,19,43,0,1,0.03220656995405445,0.0,0.08358600196613512,0.039246467817896424,117,3.0
santander,860,20,38,0,1,0.03220656995405445,0.0,0.08358600196613512,0.039246467817896424,117,3.0
santander,860,21,24,0,0,0.03220656995405445,0.0,0.08358600196613512,0.039246467817896424,117,3.0
santander,860,22,8,0,0,0.03220656995405445,0.0,0.08358600196613512,0.039246467817896424,117,3.0
santander,860,23,3,0,0,0.03220656995405445,0.0,0.08358600196613512,0.039246467817896424,117,3.0
santander,860,24,1,0,0,0.03220656995405445,0.0,0.08358600196613512,0.039246467817896424,117,3.0
santander,860,25,0,0,0,0.03220656995405445,0.0,0.08358600196613512,0.039246467817896424,117,3.0
santander,860,26,0,0,0,0.03220656995405445,0.0,0.08358600196613512,0.039246467817896424,117,3.0
santander,860,27,0,0,0,0.03220656995405445,0.0,0.08358600196613512,0.039246467817896424,117,3.0
santander,860,28,0,0,0,0.03220656995405445,0.0,0.08358600196613512,0.039246467817896424,117,3.0
santander,860,29,0,0,0,0.03220656995405445,0.0,0.08358600196613512,0.039246467817896424,117,3.0
santander,860,30,0,0,0,0.03220656995405445,0.0,0.08358600196613512,0.039246467817896424,117,3.0
santander,860,31,0,0,0,0.03220656995405445,0.0,0.08358600196613512,0.039246467817896424,117,3.0
santander,860,32,0,0,0,0.03220656995405445,0.0,0.08358600196613512,0.039246467817896424,117,3.0
santander,860,33,0,0,0,0.03220656995405445,0.0,0.08358600196613512,0.039246467817896424,117,3.0
santander,860,34,0,0,0,0.03220656995405445,0.0,0.08358600196613512,0.039246467817896424,117,3.0
santander,860,35,0,0,0,0.03220656995405445,0.0,0.08358600196613512,0.039246467817896424,117,3.0
santander,860,36,0,0,0,0.03220656995405445,0.0,0.08358600196613512,0.039246467817896424,117,3.0
santander,880,0,0,0,0,0.0,0.0,0.0,0.0,37,3.0
santander,880,1,4,0,1,0.0,0.0,0.0,0.0,37,3.0
santander,880,2,12,0,0,0.0,0.0,0.0,0.0,37,3.0
santander,880,3,25,0,0,0.0,0.0,0.0,0.0,37,3.0
santander,880,4,34,0,0,0.0,0.0,0.0,0.0,37,3.0
santander,880,5,35,0,3,0.0,0.0,0.0,0.0,37,3.0
santander,880,6,33,0,0,0.0,0.0,0.0,0.0,37,3.0
santander,880,7,30,0,0,0.0,0.0,0.0,0.0,37,3.0
santander,880,8,25,0,1,0.0,0.0,0.0,0.0,37,3.0
santander,880,9,22,0,1,0.0,0.0,0.0,0.0,37,3.0
santander,880,10,16,0,0,0.0,0.0,0.0,0.0,37,3.0
santander,880,11,16,0,0,0.0,0.0,0.0,0.0,37,3.0
santander,880,12,15,0,0,0.0,0.0,0.0,0.0,37,3.0
santander,880,13,15,0,0,0.0,0.0,0.0,0.0,37,3.0
santander,880,14,15,0,0,0.0,0.0,0.0,0.0,37,3.0
santander,880,15,15,0,0,0.0,0.0,0.0,0.0,37,3.0
santander,880,16,15,0,0,0.0,0.0,0.0,0.0,37,3.0
santander,880,17,15,0,0,0.0,0.0,0.0,0.0,37,3.0
santander,880,18,15,0,0,0.0,0.0,0.0,0.0,37,3.0
santander,880,19,15,0,0,0.0,0.0,0.0,0.0,37,3.0
santander,880,20,15,0,0,0.0,0.0,0.0,0.0,37,3.0
santander,880,21,12,0,1,0.0,0.0,0.0,0.0,37,3.0
santander,880,22,4,0,0,0.0,0.0,0.0,0.0,37,3.0
santander,880,23,0,0,0,0.0,0.0,0.0,0.0,37,3.0
santander,880,24,0,0,0,0.0,0.0,0.0,0.0,37,3.0
santander,880,25,0,0,0,0.0,0.0,0.0,0.0,37,3.0
santander,880,26,0,0,0,0.0,0.0,0.0,0.0,37,3.0
santander,880,27,0,0,0,0.0,0.0,0.0,0.0,37,3.0
santander,880,28,0,0,0,0.0,0.0,0.0,0.0,37,3.0
santander,880,29,0,0,0,0.0,0.0,0.0,0.0,37,3.0
santander,880,30,0,0,0,0.0,0.0,0.0,0.0,37,3.0
santander,880,31,0,0,0,0.0,0.0,0.0,0.0,37,3.0
santander,880,32,0,0,0,0.0,0.0,0.0,0.0,37,3.0
santander,880,33,0,0,0,0.0,0.0,0.0,0.0,37,3.0
santander,880,34,0,0,0,0.0,0.0,0.0,0.0,37,3.0
santander,880,35,0,0,0,0.0,0.0,0.0,0.0,37,3.0
santander,880,36,0,0,0,0.0,0.0,0.0,0.0,37,3.0
santander,none,0,0,0,0,0.0,0.0,0.0,0.0,23969,3.0
santander,none,1,3229,0,53,0.0,0.0,0.0,0.0,23969,3.0
santander,none,2,10806,0,132,0.0,0.0,0.0,0.0,23969,3.0
santander,none,3,18467,0,168,0.0,0.0,0.0,0.0,23969,3.0
santander,none,4,22751,6,264,0.00025389634671126504,4.234163771312062e-05,0.0004648917237357645,0.0002637246714429775,23969,3.0
santander,none,5,23012,15,420,0.0008739906203962934,0.0004967703332516729,0.0012877519916773537,0.0009153865926114779,23969,3.0
santander,none,6,22911,22,574,0.0017702038081626108,0.0012772530167443421,0.002386111672434559,0.0018747450446634506,23969,3.0
santander,none,7,20512,103,504,0.006334930266190624,0.0053444429451103845,0.0072595299829462225,0.006886781962584632,23969,3.0
santander,none,8,16841,143,483,0.013825379695852175,0.01238499686491246,0.015239857594544222,0.015319487275769705,23969,3.0
santander,none,9,13006,114,370,0.021270125840570572,0.019381972192711552,0.02352727400495218,0.023950394430203303,23969,3.0
santander,none,10,9795,87,268,0.028533418673919352,0.026032723594277933,0.03126910284874617,0.03261974774154297,23969,3.0
santander,none,11,9244,102,267,0.03722955882742666,0.03442422310254155,0.04036160249613945,0.04329399976776138,23969,3.0
santander,none,12,8773,103,284,0.04611305287872137,0.04274094782396628,0.04948544617964765,0.05452627128536314,23969,3.0
santander,none,13,8386,102,265,0.05491029941495497,0.05154677631148653,0.058500133485256754,0.06602619023705558,23969,3.0
santander,none,14,8019,84,224,0.062155090680088516,0.05845798257440039,0.06582630263633171,0.07580967945267936,23969,3.0
santander,none,15,7711,78,215,0.06888239685485538,0.06465342222592031,0.0730232060246646,0.08515825227108043,23969,3.0
santander,none,16,7418,90,197,0.07664467321035562,0.07232299403017546,0.08102274152146334,0.09625770728531646,23969,3.0
santander,none,17,7131,76,186,0.08319948435500026,0.07926100130426697,0.08766575378290688,0.10588951407907832,23969,3.0
santander,none,18,6869,88,186,0.09078926568037826,0.08634895127294002,0.09550454653462093,0.11734412505025915,23969,3.0
santander,none,19,6595,58,161,0.09579162155392286,0.09119749419880364,0.10044105400547922,0.12510667861312275,23969,3.0
santander,none,20,5749,59,137,0.10143520047299574,0.09625947314956973,0.1063957578787723,0.1340854063852267,23969,3.0
santander,none,21,3323,38,91,0.10750932260089346,0.10185236766506335,0.1121361674977916,0.14398752933357495,23969,3.0
santander,none,22,944,10,21,0.11291764833586931,0.106982264606805,0.11886437726481229,0.1530554580482616,23969,3.0
santander,none,23,254,4,9,0.12069371352647237,0.11201231476524152,0.13123539990412758,0.16639316737033616,23969,3.0
santander,none,24,96,1,3,0.12557400444036648,0.1151992146859173,0.14227191081292662,0.17507657187689518,23969,3.0
santander,none,25,0,0,0,0.12557400444036648,0.1151992146859173,0.14227191081292662,0.17507657187689518,23969,3.0
santander,none,26,0,0,0,0.12557400444036648,0.1151992146859173,0.14227191081292662,0.17507657187689518,23969,3.0
santander,none,27,0,0,0,0.12557400444036648,0.1151992146859173,0.14227191081292662,0.17507657187689518,23969,3.0
santander,none,28,0,0,0,0.12557400444036648,0.1151992146859173,0.14227191081292662,0.17507657187689518,23969,3.0
santander,none,29,0,0,0,0.12557400444036648,0.1151992146859173,0.14227191081292662,0.17507657187689518,23969,3.0
santander,none,30,0,0,0,0.12557400444036648,0.1151992146859173,0.14227191081292662,0.17507657187689518,23969,3.0
santander,none,31,0,0,0,0.12557400444036648,0.1151992146859173,0.14227191081292662,0.17507657187689518,23969,3.0
santander,none,32,0,0,0,0.12557400444036648,0.1151992146859173,0.14227191081292662,0.17507657187689518,23969,3.0
santander,none,33,0,0,0,0.12557400444036648,0.1151992146859173,0.14227191081292662,0.17507657187689518,23969,3.0
santander,none,34,0,0,0,0.12557400444036648,0.1151992146859173,0.14227191081292662,0.17507657187689518,23969,3.0
santander,none,35,0,0,0,0.12557400444036648,0.1151992146859173,0.14227191081292662,0.17507657187689518,23969,3.0
santander,none,36,0,0,0,0.12557400444036648,0.1151992146859173,0.14227191081292662,0.17507657187689518,23969,3.0
toyota,620,0,0,0,0,0.0,0.0,0.0,0.0,12,6.0
toyota,620,1,0,0,0,0.0,0.0,0.0,0.0,12,6.0
toyota,620,2,0,0,0,0.0,0.0,0.0,0.0,12,6.0
toyota,620,3,0,0,0,0.0,0.0,0.0,0.0,12,6.0
toyota,620,4,0,0,0,0.0,0.0,0.0,0.0,12,6.0
toyota,620,5,0,0,0,0.0,0.0,0.0,0.0,12,6.0
toyota,620,6,12,0,0,0.0,0.0,0.0,0.0,12,6.0
toyota,620,7,12,0,0,0.0,0.0,0.0,0.0,12,6.0
toyota,620,8,12,0,0,0.0,0.0,0.0,0.0,12,6.0
toyota,620,9,12,0,1,0.0,0.0,0.0,0.0,12,6.0
toyota,620,10,11,0,0,0.0,0.0,0.0,0.0,12,6.0
toyota,620,11,11,0,1,0.0,0.0,0.0,0.0,12,6.0
toyota,620,12,10,0,0,0.0,0.0,0.0,0.0,12,6.0
toyota,620,13,10,0,1,0.0,0.0,0.0,0.0,12,6.0
toyota,620,14,9,0,0,0.0,0.0,0.0,0.0,12,6.0
toyota,620,15,9,0,0,0.0,0.0,0.0,0.0,12,6.0
toyota,620,16,9,0,0,0.0,0.0,0.0,0.0,12,6.0
toyota,620,17,9,0,0,0.0,0.0,0.0,0.0,12,6.0
toyota,620,18,9,0,0,0.0,0.0,0.0,0.0,12,6.0
toyota,620,19,9,0,1,0.0,0.0,0.0,0.0,12,6.0
toyota,620,20,8,0,1,0.0,0.0,0.0,0.0,12,6.0
toyota,620,21,7,0,0,0.0,0.0,0.0,0.0,12,6.0
toyota,620,22,7,0,0,0.0,0.0,0.0,0.0,12,6.0
toyota,620,23,7,0,1,0.0,0.0,0.0,0.0,12,6.0
toyota,620,24,6,0,0,0.0,0.0,0.0,0.0,12,6.0
toyota,620,25,0,0,0,0.0,0.0,0.0,0.0,12,6.0
toyota,620,26,0,0,0,0.0,0.0,0.0,0.0,12,6.0
toyota,620,27,0,0,0,0.0,0.0,0.0,0.0,12,6.0
toyota,620,28,0,0,0,0.0,0.0,0.0,0.0,12,6.0
toyota,620,29,0,0,0,0.0,0.0,0.0,0.0,12,6.0
toyota,620,30,0,0,0,0.0,0.0,0.0,0.0,12,6.0
toyota,620,31,0,0,0,0.0,0.0,0.0,0.0,12,6.0
toyota,620,32,0,0,0,0.0,0.0,0.0,0.0,12,6.0
toyota,620,33,0,0,0,0.0,0.0,0.0,0.0,12,6.0
toyota,620,34,0,0,0,0.0,0.0,0.0,0.0,12,6.0
toyota,620,35,0,0,0,0.0,0.0,0.0,0.0,12,6.0
toyota,620,36,0,0,0,0.0,0.0,0.0,0.0,12,6.0
toyota,640,0,0,0,0,0.0,0.0,0.0,0.0,26,6.0
toyota,640,1,0,0,0,0.0,0.0,0.0,0.0,26,6.0
toyota,640,2,0,0,0,0.0,0.0,0.0,0.0,26,6.0
toyota,640,3,0,0,0,0.0,0.0,0.0,0.0,26,6.0
toyota,640,4,0,0,0,0.0,0.0,0.0,0.0,26,6.0
toyota,640,5,0,0,0,0.0,0.0,0.0,0.0,26,6.0
toyota,640,6,26,0,1,0.0,0.0,0.0,0.0,26,6.0
toyota,640,7,25,0,1,0.0,0.0,0.0,0.0,26,6.0
toyota,640,8,24,0,1,0.0,0.0,0.0,0.0,26,6.0
toyota,640,9,23,0,0,0.0,0.0,0.0,0.0,26,6.0
toyota,640,10,23,0,1,0.0,0.0,0.0,0.0,26,6.0
toyota,640,11,22,0,1,0.0,0.0,0.0,0.0,26,6.0
toyota,640,12,21,0,0,0.0,0.0,0.0,0.0,26,6.0
toyota,640,13,21,0,0,0.0,0.0,0.0,0.0,26,6.0
toyota,640,14,21,0,2,0.0,0.0,0.0,0.0,26,6.0
toyota,640,15,19,1,1,0.038461538461538464,0.0,0.11538461538461539,0.05263157894736836,26,6.0
toyota,640,16,17,0,2,0.038461538461538464,0.0,0.11538461538461539,0.05263157894736836,26,6.0
toyota,640,17,15,0,1,0.038461538461538464,0.0,0.11538461538461539,0.05263157894736836,26,6.0
toyota,640,18,14,0,0,0.038461538461538464,0.0,0.11538461538461539,0.05263157894736836,26,6.0
toyota,640,19,14,0,0,0.038461538461538464,0.0,0.11538461538461539,0.05263157894736836,26,6.0
toyota,640,20,14,0,0,0.038461538461538464,0.0,0.11538461538461539,0.05263157894736836,26,6.0
toyota,640,21,14,0,0,0.038461538461538464,0.0,0.11538461538461539,0.05263157894736836,26,6.0
toyota,640,22,14,0,1,0.038461538461538464,0.0,0.11538461538461539,0.05263157894736836,26,6.0
toyota,640,23,13,0,1,0.038461538461538464,0.0,0.11538461538461539,0.05263157894736836,26,6.0
toyota,640,24,12,0,0,0.038461538461538464,0.0,0.11538461538461539,0.05263157894736836,26,6.0
toyota,640,25,0,0,0,0.038461538461538464,0.0,0.11538461538461539,0.05263157894736836,26,6.0
toyota,640,26,0,0,0,0.038461538461538464,0.0,0.11538461538461539,0.05263157894736836,26,6.0
toyota,640,27,0,0,0,0.038461538461538464,0.0,0.11538461538461539,0.05263157894736836,26,6.0
toyota,640,28,0,0,0,0.038461538461538464,0.0,0.11538461538461539,0.05263157894736836,26,6.0
toyota,640,29,0,0,0,0.038461538461538464,0.0,0.11538461538461539,0.05263157894736836,26,6.0
toyota,640,30,0,0,0,0.038461538461538464,0.0,0.11538461538461539,0.05263157894736836,26,6.0
toyota,640,31,0,0,0,0.038461538461538464,0.0,0.11538461538461539,0.05263157894736836,26,6.0
toyota,640,32,0,0,0,0.038461538461538464,0.0,0.11538461538461539,0.05263157894736836,26,6.0
toyota,640,33,0,0,0,0.038461538461538464,0.0,0.11538461538461539,0.05263157894736836,26,6.0
toyota,640,34,0,0,0,0.038461538461538464,0.0,0.11538461538461539,0.05263157894736836,26,6.0
toyota,640,35,0,0,0,0.038461538461538464,0.0,0.11538461538461539,0.05263157894736836,26,6.0
toyota,640,36,0,0,0,0.038461538461538464,0.0,0.11538461538461539,0.05263157894736836,26,6.0
toyota,660,0,0,0,0,0.0,0.0,0.0,0.0,40,6.0
toyota,660,1,0,0,0,0.0,0.0,0.0,0.0,40,6.0
toyota,660,2,0,0,0,0.0,0.0,0.0,0.0,40,6.0
toyota,660,3,0,0,0,0.0,0.0,0.0,0.0,40,6.0
toyota,660,4,0,0,0,0.0,0.0,0.0,0.0,40,6.0
toyota,660,5,0,0,0,0.0,0.0,0.0,0.0,40,6.0
toyota,660,6,40,0,1,0.0,0.0,0.0,0.0,40,6.0
toyota,660,7,39,0,0,0.0,0.0,0.0,0.0,40,6.0
toyota,660,8,39,0,1,0.0,0.0,0.0,0.0,40,6.0
toyota,660,9,38,0,2,0.0,0.0,0.0,0.0,40,6.0
toyota,660,10,36,0,0,0.0,0.0,0.0,0.0,40,6.0
toyota,660,11,36,0,0,0.0,0.0,0.0,0.0,40,6.0
toyota,660,12,36,0,0,0.0,0.0,0.0,0.0,40,6.0
toyota,660,13,36,0,0,0.0,0.0,0.0,0.0,40,6.0
toyota,660,14,36,0,1,0.0,0.0,0.0,0.0,40,6.0
toyota,660,15,35,0,0,0.0,0.0,0.0,0.0,40,6.0
toyota,660,16,35,0,0,0.0,0.0,0.0,0.0,40,6.0
toyota,660,17,35,0,1,0.0,0.0,0.0,0.0,40,6.0
toyota,660,18,34,0,1,0.0,0.0,0.0,0.0,40,6.0
toyota,660,19,33,0,1,0.0,0.0,0.0,0.0,40,6.0
toyota,660,20,32,0,1,0.0,0.0,0.0,0.0,40,6.0
toyota,660,21,31,0,1,0.0,0.0,0.0,0.0,40,6.0
toyota,660,22,30,0,1,0.0,0.0,0.0,0.0,40,6.0
toyota,660,23,29,0,3,0.0,0.0,0.0,0.0,40,6.0
toyota,660,24,26,0,0,0.0,0.0,0.0,0.0,40,6.0
toyota,660,25,0,0,0,0.0,0.0,0.0,0.0,40,6.0
toyota,660,26,0,0,0,0.0,0.0,0.0,0.0,40,6.0
toyota,660,27,0,0,0,0.0,0.0,0.0,0.0,40,6.0
toyota,660,28,0,0,0,0.0,0.0,0.0,0.0,40,6.0
toyota,660,29,0,0,0,0.0,0.0,0.0,0.0,40,6.0
toyota,660,30,0,0,0,0.0,0.0,0.0,0.0,40,6.0
toyota,660,31,0,0,0,0.0,0.0,0.0,0.0,40,6.0
toyota,660,32,0,0,0,0.0,0.0,0.0,0.0,40,6.0
toyota,660,33,0,0,0,0.0,0.0,0.0,0.0,40,6.0
toyota,660,34,0,0,0,0.0,0.0,0.0,0.0,40,6.0
toyota,660,35,0,0,0,0.0,0.0,0.0,0.0,40,6.0
toyota,660,36,0,0,0,0.0,0.0,0.0,0.0,40,6.0
toyota,680,0,0,0,0,0.0,0.0,0.0,0.0,108,6.0
toyota,680,1,0,0,0,0.0,0.0,0.0,0.0,108,6.0
toyota,680,2,0,0,0,0.0,0.0,0.0,0.0,108,6.0
toyota,680,3,0,0,0,0.0,0.0,0.0,0.0,108,6.0
toyota,680,4,0,0,0,0.0,0.0,0.0,0.0,108,6.0
toyota,680,5,0,0,0,0.0,0.0,0.0,0.0,108,6.0
toyota,680,6,108,0,4,0.0,0.0,0.0,0.0,108,6.0
toyota,680,7,104,0,3,0.0,0.0,0.0,0.0,108,6.0
toyota,680,8,101,0,2,0.0,0.0,0.0,0.0,108,6.0
toyota,680,9,99,0,2,0.0,0.0,0.0,0.0,108,6.0
toyota,680,10,97,0,1,0.0,0.0,0.0,0.0,108,6.0
toyota,680,11,96,0,2,0.0,0.0,0.0,0.0,108,6.0
toyota,680,12,94,0,4,0.0,0.0,0.0,0.0,108,6.0
toyota,680,13,90,0,1,0.0,0.0,0.0,0.0,108,6.0
toyota,680,14,89,0,3,0.0,0.0,0.0,0.0,108,6.0
toyota,680,15,86,0,3,0.0,0.0,0.0,0.0,108,6.0
toyota,680,16,83,0,0,0.0,0.0,0.0,0.0,108,6.0
toyota,680,17,83,2,1,0.018518518518518524,0.0,0.046296296296296294,0.02409638554216864,108,6.0
toyota,680,18,80,0,1,0.018518518518518524,0.0,0.046296296296296294,0.02409638554216864,108,6.0
toyota,680,19,79,0,2,0.018518518518518524,0.0,0.046296296296296294,0.02409638554216864,108,6.0
toyota,680,20,77,0,1,0.018518518518518524,0.0,0.046296296296296294,0.02409638554216864,108,6.0
toyota,680,21,76,0,3,0.018518518518518524,0.0,0.046296296296296294,0.02409638554216864,108,6.0
toyota,680,22,73,1,1,0.027777777777777787,0.0,0.07407407407407407,0.03746492820597458,108,6.0
toyota,680,23,71,0,1,0.027777777777777787,0.0,0.07407407407407407,0.03746492820597458,108,6.0
toyota,680,24,70,0,1,0.027777777777777787,0.0,0.07407407407407407,0.03746492820597458,108,6.0
toyota,680,25,0,0,0,0.027777777777777787,0.0,0.07407407407407407,0.03746492820597458,108,6.0
toyota,680,26,0,0,0,0.027777777777777787,0.0,0.07407407407407407,0.03746492820597458,108,6.0
toyota,680,27,0,0,0,0.027777777777777787,0.0,0.07407407407407407,0.03746492820597458,108,6.0
toyota,680,28,0,0,0,0.027777777777777787,0.0,0.07407407407407407,0.03746492820597458,108,6.0
toyota,680,29,0,0,0,0.027777777777777787,0.0,0.07407407407407407,0.03746492820597458,108,6.0
toyota,680,30,0,0,0,0.027777777777777787,0.0,0.07407407407407407,0.03746492820597458,108,6.0
toyota,680,31,0,0,0,0.027777777777777787,0.0,0.07407407407407407,0.03746492820597458,108,6.0
toyota,680,32,0,0,0,0.027777777777777787,0.0,0.07407407407407407,0.03746492820597458,108,6.0
toyota,680,33,0,0,0,0.027777777777777787,0.0,0.07407407407407407,0.03746492820597458,108,6.0
toyota,680,34,0,0,0,0.027777777777777787,0.0,0.07407407407407407,0.03746492820597458,108,6.0
toyota,680,35,0,0,0,0.027777777777777787,0.0,0.07407407407407407,0.03746492820597458,108,6.0
toyota,680,36,0,0,0,0.027777777777777787,0.0,0.07407407407407407,0.03746492820597458,108,6.0
toyota,700,0,0,0,0,0.0,0.0,0.0,0.0,153,6.0
toyota,700,1,0,0,0,0.0,0.0,0.0,0.0,153,6.0
toyota,700,2,0,0,0,0.0,0.0,0.0,0.0,153,6.0
toyota,700,3,0,0,0,0.0,0.0,0.0,0.0,153,6.0
toyota,700,4,0,0,0,0.0,0.0,0.0,0.0,153,6.0
toyota,700,5,0,0,0,0.0,0.0,0.0,0.0,153,6.0
toyota,700,6,153,0,3,0.0,0.0,0.0,0.0,153,6.0
toyota,700,7,150,0,4,0.0,0.0,0.0,0.0,153,6.0
toyota,700,8,146,0,3,0.0,0.0,0.0,0.0,153,6.0
toyota,700,9,143,0,3,0.0,0.0,0.0,0.0,153,6.0
toyota,700,10,140,0,3,0.0,0.0,0.0,0.0,153,6.0
toyota,700,11,137,0,1,0.0,0.0,0.0,0.0,153,6.0
toyota,700,12,136,0,3,0.0,0.0,0.0,0.0,153,6.0
toyota,700,13,133,0,1,0.0,0.0,0.0,0.0,153,6.0
toyota,700,14,132,0,3,0.0,0.0,0.0,0.0,153,6.0
toyota,700,15,129,0,1,0.0,0.0,0.0,0.0,153,6.0
toyota,700,16,128,0,1,0.0,0.0,0.0,0.0,153,6.0
toyota,700,17,127,0,1,0.0,0.0,0.0,0.0,153,6.0
toyota,700,18,126,0,2,0.0,0.0,0.0,0.0,153,6.0
toyota,700,19,124,0,2,0.0,0.0,0.0,0.0,153,6.0
toyota,700,20,122,0,1,0.0,0.0,0.0,0.0,153,6.0
toyota,700,21,121,0,2,0.0,0.0,0.0,0.0,153,6.0
toyota,700,22,119,0,1,0.0,0.0,0.0,0.0,153,6.0
toyota,700,23,118,0,0,0.0,0.0,0.0,0.0,153,6.0
toyota,700,24,118,0,6,0.0,0.0,0.0,0.0,153,6.0
toyota,700,25,0,0,0,0.0,0.0,0.0,0.0,153,6.0
toyota,700,26,0,0,0,0.0,0.0,0.0,0.0,153,6.0
toyota,700,27,0,0,0,0.0,0.0,0.0,0.0,153,6.0
toyota,700,28,0,0,0,0.0,0.0,0.0,0.0,153,6.0
toyota,700,29,0,0,0,0.0,0.0,0.0,0.0,153,6.0
toyota,700,30,0,0,0,0.0,0.0,0.0,0.0,153,6.0
toyota,700,31,0,0,0,0.0,0.0,0.0,0.0,153,6.0
toyota,700,32,0,0,0,0.0,0.0,0.0,0.0,153,6.0
toyota,700,33,0,0,0,0.0,0.0,0.0,0.0,153,6.0
toyota,700,34,0,0,0,0.0,0.0,0.0,0.0,153,6.0
toyota,700,35,0,0,0,0.0,0.0,0.0,0.0,153,6.0
toyota,700,36,0,0,0,0.0,0.0,0.0,0.0,153,6.0
toyota,720,0,0,0,0,0.0,0.0,0.0,0.0,215,6.0
toyota,720,1,0,0,0,0.0,0.0,0.0,0.0,215,6.0
toyota,720,2,0,0,0,0.0,0.0,0.0,0.0,215,6.0
toyota,720,3,0,0,0,0.0,0.0,0.0,0.0,215,6.0
toyota,720,4,0,0,0,0.0,0.0,0.0,0.0,215,6.0
toyota,720,5,0,0,0,0.0,0.0,0.0,0.0,215,6.0
toyota,720,6,215,0,5,0.0,0.0,0.0,0.0,215,6.0
toyota,720,7,210,0,6,0.0,0.0,0.0,0.0,215,6.0
toyota,720,8,204,0,4,0.0,0.0,0.0,0.0,215,6.0
toyota,720,9,200,0,3,0.0,0.0,0.0,0.0,215,6.0
toyota,720,10,197,0,2,0.0,0.0,0.0,0.0,215,6.0
toyota,720,11,195,0,6,0.0,0.0,0.0,0.0,215,6.0
toyota,720,12,189,0,2,0.0,0.0,0.0,0.0,215,6.0
toyota,720,13,187,0,1,0.0,0.0,0.0,0.0,215,6.0
toyota,720,14,186,0,3,0.0,0.0,0.0,0.0,215,6.0
toyota,720,15,183,0,6,0.0,0.0,0.0,0.0,215,6.0
toyota,720,16,177,0,3,0.0,0.0,0.0,0.0,215,6.0
toyota,720,17,174,0,4,0.0,0.0,0.0,0.0,215,6.0
toyota,720,18,170,0,1,0.0,0.0,0.0,0.0,215,6.0
toyota,720,19,169,0,0,0.0,0.0,0.0,0.0,215,6.0
toyota,720,20,169,0,2,0.0,0.0,0.0,0.0,215,6.0
toyota,720,21,167,0,3,0.0,0.0,0.0,0.0,215,6.0
toyota,720,22,164,0,5,0.0,0.0,0.0,0.0,215,6.0
toyota,720,23,159,0,5,0.0,0.0,0.0,0.0,215,6.0
toyota,720,24,154,1,6,0.004651162790697674,0.0,0.01860465116279069,0.00649350649350644,215,6.0
toyota,720,25,0,0,0,0.004651162790697674,0.0,0.01860465116279069,0.00649350649350644,215,6.0
toyota,720,26,0,0,0,0.004651162790697674,0.0,0.01860465116279069,0.00649350649350644,215,6.0
toyota,720,27,0,0,0,0.004651162790697674,0.0,0.01860465116279069,0.00649350649350644,215,6.0
toyota,720,28,0,0,0,0.004651162790697674,0.0,0.01860465116279069,0.00649350649350644,215,6.0
toyota,720,29,0,0,0,0.004651162790697674,0.0,0.01860465116279069,0.00649350649350644,215,6.0
toyota,720,30,0,0,0,0.004651162790697674,0.0,0.01860465116279069,0.00649350649350644,215,6.0
toyota,720,31,0,0,0,0.004651162790697674,0.0,0.01860465116279069,0.00649350649350644,215,6.0
toyota,720,32,0,0,0,0.004651162790697674,0.0,0.01860465116279069,0.00649350649350644,215,6.0
toyota,720,33,0,0,0,0.004651162790697674,0.0,0.01860465116279069,0.00649350649350644,215,6.0
toyota,720,34,0,0,0,0.004651162790697674,0.0,0.01860465116279069,0.00649350649350644,215,6.0
toyota,720,35,0,0,0,0.004651162790697674,0.0,0.01860465116279069,0.00649350649350644,215,6.0
toyota,720,36,0,0,0,0.004651162790697674,0.0,0.01860465116279069,0.00649350649350644,215,6.0
toyota,740,0,0,0,0,0.0,0.0,0.0,0.0,267,6.0
toyota,740,1,0,0,0,0.0,0.0,0.0,0.0,267,6.0
toyota,740,2,0,0,0,0.0,0.0,0.0,0.0,267,6.0
toyota,740,3,0,0,0,0.0,0.0,0.0,0.0,267,6.0
toyota,740,4,0,0,0,0.0,0.0,0.0,0.0,267,6.0
toyota,740,5,0,0,0,0.0,0.0,0.0,0.0,267,6.0
toyota,740,6,267,0,12,0.0,0.0,0.0,0.0,267,6.0
toyota,740,7,255,0,5,0.0,0.0,0.0,0.0,267,6.0
toyota,740,8,250,0,3,0.0,0.0,0.0,0.0,267,6.0
toyota,740,9,247,1,6,0.0037453183520599247,0.0,0.011235955056179777,0.004048582995951455,267,6.0
toyota,740,10,240,0,3,0.0037453183520599247,0.0,0.011235955056179777,0.004048582995951455,267,6.0
toyota,740,11,237,0,1,0.0037453183520599247,0.0,0.011235955056179777,0.004048582995951455,267,6.0
toyota,740,12,236,0,2,0.0037453183520599247,0.0,0.011235955056179777,0.004048582995951455,267,6.0
toyota,740,13,234,0,5,0.0037453183520599247,0.0,0.011235955056179777,0.004048582995951455,267,6.0
toyota,740,14,229,0,2,0.0037453183520599247,0.0,0.011235955056179777,0.004048582995951455,267,6.0
toyota,740,15,227,1,3,0.007490636704119849,0.0,0.014981273408239702,0.00843603417218075,267,6.0
toyota,740,16,223,0,1,0.007490636704119849,0.0,0.014981273408239702,0.00843603417218075,267,6.0
toyota,740,17,222,0,1,0.007490636704119849,0.0,0.014981273408239702,0.00843603417218075,267,6.0
toyota,740,18,221,0,5,0.007490636704119849,0.0,0.014981273408239702,0.00843603417218075,267,6.0
toyota,740,19,216,0,5,0.007490636704119849,0.0,0.014981273408239702,0.00843603417218075,267,6.0
toyota,740,20,211,0,8,0.007490636704119849,0.0,0.014981273408239702,0.00843603417218075,267,6.0
toyota,740,21,203,0,3,0.007490636704119849,0.0,0.014981273408239702,0.00843603417218075,267,6.0
toyota,740,22,200,1,5,0.011235955056179773,0.0,0.022565543071161077,0.013393854001319871,267,6.0
toyota,740,23,194,0,4,0.011235955056179773,0.0,0.022565543071161077,0.013393854001319871,267,6.0
toyota,740,24,190,0,0,0.011235955056179773,0.0,0.022565543071161077,0.013393854001319871,267,6.0
toyota,740,25,0,0,0,0.011235955056179773,0.0,0.022565543071161077,0.013393854001319871,267,6.0
toyota,740,26,0,0,0,0.011235955056179773,0.0,0.022565543071161077,0.013393854001319871,267,6.0
toyota,740,27,0,0,0,0.011235955056179773,0.0,0.022565543071161077,0.013393854001319871,267,6.0
toyota,740,28,0,0,0,0.011235955056179773,0.0,0.022565543071161077,0.013393854001319871,267,6.0
toyota,740,29,0,0,0,0.011235955056179773,0.0,0.022565543071161077,0.013393854001319871,267,6.0
toyota,740,30,0,0,0,0.011235955056179773,0.0,0.022565543071161077,0.013393854001319871,267,6.0
toyota,740,31,0,0,0,0.011235955056179773,0.0,0.022565543071161077,0.013393854001319871,267,6.0
toyota,740,32,0,0,0,0.011235955056179773,0.0,0.022565543071161077,0.013393854001319871,267,6.0
toyota,740,33,0,0,0,0.011235955056179773,0.0,0.022565543071161077,0.013393854001319871,267,6.0
toyota,740,34,0,0,0,0.011235955056179773,0.0,0.022565543071161077,0.013393854001319871,267,6.0
toyota,740,35,0,0,0,0.011235955056179773,0.0,0.022565543071161077,0.013393854001319871,267,6.0
toyota,740,36,0,0,0,0.011235955056179773,0.0,0.022565543071161077,0.013393854001319871,267,6.0
toyota,760,0,0,0,0,0.0,0.0,0.0,0.0,288,6.0
toyota,760,1,0,0,0,0.0,0.0,0.0,0.0,288,6.0
toyota,760,2,0,0,0,0.0,0.0,0.0,0.0,288,6.0
toyota,760,3,0,0,0,0.0,0.0,0.0,0.0,288,6.0
toyota,760,4,0,0,0,0.0,0.0,0.0,0.0,288,6.0
toyota,760,5,0,0,0,0.0,0.0,0.0,0.0,288,6.0
toyota,760,6,288,0,4,0.0,0.0,0.0,0.0,288,6.0
toyota,760,7,284,0,4,0.0,0.0,0.0,0.0,288,6.0
toyota,760,8,280,0,5,0.0,0.0,0.0,0.0,288,6.0
toyota,760,9,275,0,8,0.0,0.0,0.0,0.0,288,6.0
toyota,760,10,267,0,1,0.0,0.0,0.0,0.0,288,6.0
toyota,760,11,266,0,7,0.0,0.0,0.0,0.0,288,6.0
toyota,760,12,259,0,6,0.0,0.0,0.0,0.0,288,6.0
toyota,760,13,253,0,10,0.0,0.0,0.0,0.0,288,6.0
toyota,760,14,243,0,5,0.0,0.0,0.0,0.0,288,6.0
toyota,760,15,238,0,6,0.0,0.0,0.0,0.0,288,6.0
toyota,760,16,232,0,6,0.0,0.0,0.0,0.0,288,6.0
toyota,760,17,226,0,4,0.0,0.0,0.0,0.0,288,6.0
toyota,760,18,222,0,2,0.0,0.0,0.0,0.0,288,6.0
toyota,760,19,220,0,4,0.0,0.0,0.0,0.0,288,6.0
toyota,760,20,216,0,6,0.0,0.0,0.0,0.0,288,6.0
toyota,760,21,210,0,6,0.0,0.0,0.0,0.0,288,6.0
toyota,760,22,204,0,3,0.0,0.0,0.0,0.0,288,6.0
toyota,760,23,201,0,5,0.0,0.0,0.0,0.0,288,6.0
toyota,760,24,196,0,4,0.0,0.0,0.0,0.0,288,6.0
toyota,760,25,0,0,0,0.0,0.0,0.0,0.0,288,6.0
toyota,760,26,0,0,0,0.0,0.0,0.0,0.0,288,6.0
toyota,760,27,0,0,0,0.0,0.0,0.0,0.0,288,6.0
toyota,760,28,0,0,0,0.0,0.0,0.0,0.0,288,6.0
toyota,760,29,0,0,0,0.0,0.0,0.0,0.0,288,6.0
toyota,760,30,0,0,0,0.0,0.0,0.0,0.0,288,6.0
toyota,760,31,0,0,0,0.0,0.0,0.0,0.0,288,6.0
toyota,760,32,0,0,0,0.0,0.0,0.0,0.0,288,6.0
toyota,760,33,0,0,0,0.0,0.0,0.0,0.0,288,6.0
toyota,760,34,0,0,0,0.0,0.0,0.0,0.0,288,6.0
toyota,760,35,0,0,0,0.0,0.0,0.0,0.0,288,6.0
toyota,760,36,0,0,0,0.0,0.0,0.0,0.0,288,6.0
toyota,780,0,0,0,0,0.0,0.0,0.0,0.0,328,6.0
toyota,780,1,0,0,0,0.0,0.0,0.0,0.0,328,6.0
toyota,780,2,0,0,0,0.0,0.0,0.0,0.0,328,6.0
toyota,780,3,0,0,0,0.0,0.0,0.0,0.0,328,6.0
toyota,780,4,0,0,0,0.0,0.0,0.0,0.0,328,6.0
toyota,780,5,0,0,0,0.0,0.0,0.0,0.0,328,6.0
toyota,780,6,328,0,13,0.0,0.0,0.0,0.0,328,6.0
toyota,780,7,315,0,5,0.0,0.0,0.0,0.0,328,6.0
toyota,780,8,310,0,4,0.0,0.0,0.0,0.0,328,6.0
toyota,780,9,306,0,7,0.0,0.0,0.0,0.0,328,6.0
toyota,780,10,299,0,10,0.0,0.0,0.0,0.0,328,6.0
toyota,780,11,289,1,4,0.003048780487804878,0.0,0.009146341463414634,0.0034602076124568004,328,6.0
toyota,780,12,284,0,7,0.003048780487804878,0.0,0.009146341463414634,0.0034602076124568004,328,6.0
toyota,780,13,277,0,6,0.003048780487804878,0.0,0.009146341463414634,0.0034602076124568004,328,6.0
toyota,780,14,271,0,9,0.003048780487804878,0.0,0.009146341463414634,0.0034602076124568004,328,6.0
toyota,780,15,262,0,5,0.003048780487804878,0.0,0.009146341463414634,0.0034602076124568004,328,6.0
toyota,780,16,257,0,5,0.003048780487804878,0.0,0.009146341463414634,0.0034602076124568004,328,6.0
toyota,780,17,252,0,3,0.003048780487804878,0.0,0.009146341463414634,0.0034602076124568004,328,6.0
toyota,780,18,249,0,4,0.003048780487804878,0.0,0.009146341463414634,0.0034602076124568004,328,6.0
toyota,780,19,245,0,6,0.003048780487804878,0.0,0.009146341463414634,0.0034602076124568004,328,6.0
toyota,780,20,239,0,8,0.003048780487804878,0.0,0.009146341463414634,0.0034602076124568004,328,6.0
toyota,780,21,231,0,2,0.003048780487804878,0.0,0.009146341463414634,0.0034602076124568004,328,6.0
toyota,780,22,229,0,1,0.003048780487804878,0.0,0.009146341463414634,0.0034602076124568004,328,6.0
toyota,780,23,228,0,4,0.003048780487804878,0.0,0.009146341463414634,0.0034602076124568004,328,6.0
toyota,780,24,224,0,2,0.003048780487804878,0.0,0.009146341463414634,0.0034602076124568004,328,6.0
toyota,780,25,0,0,0,0.003048780487804878,0.0,0.009146341463414634,0.0034602076124568004,328,6.0
toyota,780,26,0,0,0,0.003048780487804878,0.0,0.009146341463414634,0.0034602076124568004,328,6.0
toyota,780,27,0,0,0,0.003048780487804878,0.0,0.009146341463414634,0.0034602076124568004,328,6.0
toyota,780,28,0,0,0,0.003048780487804878,0.0,0.009146341463414634,0.0034602076124568004,328,6.0
toyota,780,29,0,0,0,0.003048780487804878,0.0,0.009146341463414634,0.0034602076124568004,328,6.0
toyota,780,30,0,0,0,0.003048780487804878,0.0,0.009146341463414634,0.0034602076124568004,328,6.0
toyota,780,31,0,0,0,0.003048780487804878,0.0,0.009146341463414634,0.0034602076124568004,328,6.0
toyota,780,32,0,0,0,0.003048780487804878,0.0,0.009146341463414634,0.0034602076124568004,328,6.0
toyota,780,33,0,0,0,0.003048780487804878,0.0,0.009146341463414634,0.0034602076124568004,328,6.0
toyota,780,34,0,0,0,0.003048780487804878,0.0,0.009146341463414634,0.0034602076124568004,328,6.0
toyota,780,35,0,0,0,0.003048780487804878,0.0,0.009146341463414634,0.0034602076124568004,328,6.0
toyota,780,36,0,0,0,0.003048780487804878,0.0,0.009146341463414634,0.0034602076124568004,328,6.0
toyota,800,0,0,0,0,0.0,0.0,0.0,0.0,393,6.0
toyota,800,1,0,0,0,0.0,0.0,0.0,0.0,393,6.0
toyota,800,2,0,0,0,0.0,0.0,0.0,0.0,393,6.0
toyota,800,3,0,0,0,0.0,0.0,0.0,0.0,393,6.0
toyota,800,4,0,0,0,0.0,0.0,0.0,0.0,393,6.0
toyota,800,5,0,0,0,0.0,0.0,0.0,0.0,393,6.0
toyota,800,6,393,0,15,0.0,0.0,0.0,0.0,393,6.0
toyota,800,7,378,0,7,0.0,0.0,0.0,0.0,393,6.0
toyota,800,8,371,0,9,0.0,0.0,0.0,0.0,393,6.0
toyota,800,9,362,0,10,0.0,0.0,0.0,0.0,393,6.0
toyota,800,10,352,0,8,0.0,0.0,0.0,0.0,393,6.0
toyota,800,11,344,0,3,0.0,0.0,0.0,0.0,393,6.0
toyota,800,12,341,0,8,0.0,0.0,0.0,0.0,393,6.0
toyota,800,13,333,1,7,0.0025445292620865146,0.0,0.007697201017811722,0.0030030030030030463,393,6.0
toyota,800,14,325,0,8,0.0025445292620865146,0.0,0.007697201017811722,0.0030030030030030463,393,6.0
toyota,800,15,317,0,7,0.0025445292620865146,0.0,0.007697201017811722,0.0030030030030030463,393,6.0
toyota,800,16,310,0,1,0.0025445292620865146,0.0,0.007697201017811722,0.0030030030030030463,393,6.0
toyota,800,17,309,0,7,0.0025445292620865146,0.0,0.007697201017811722,0.0030030030030030463,393,6.0
toyota,800,18,302,0,8,0.0025445292620865146,0.0,0.007697201017811722,0.0030030030030030463,393,6.0
toyota,800,19,294,0,4,0.0025445292620865146,0.0,0.007697201017811722,0.0030030030030030463,393,6.0
toyota,800,20,290,0,9,0.0025445292620865146,0.0,0.007697201017811722,0.0030030030030030463,393,6.0
toyota,800,21,281,0,3,0.0025445292620865146,0.0,0.007697201017811722,0.0030030030030030463,393,6.0
toyota,800,22,278,0,7,0.0025445292620865146,0.0,0.007697201017811722,0.0030030030030030463,393,6.0
toyota,800,23,271,0,5,0.0025445292620865146,0.0,0.007697201017811722,0.0030030030030030463,393,6.0
toyota,800,24,266,0,2,0.0025445292620865146,0.0,0.007697201017811722,0.0030030030030030463,393,6.0
toyota,800,25,0,0,0,0.0025445292620865146,0.0,0.007697201017811722,0.0030030030030030463,393,6.0
toyota,800,26,0,0,0,0.0025445292620865146,0.0,0.007697201017811722,0.0030030030030030463,393,6.0
toyota,800,27,0,0,0,0.0025445292620865146,0.0,0.007697201017811722,0.0030030030030030463,393,6.0
toyota,800,28,0,0,0,0.0025445292620865146,0.0,0.007697201017811722,0.0030030030030030463,393,6.0
toyota,800,29,0,0,0,0.0025445292620865146,0.0,0.007697201017811722,0.0030030030030030463,393,6.0
toyota,800,30,0,0,0,0.0025445292620865146,0.0,0.007697201017811722,0.0030030030030030463,393,6.0
toyota,800,31,0,0,0,0.0025445292620865146,0.0,0.007697201017811722,0.0030030030030030463,393,6.0
toyota,800,32,0,0,0,0.0025445292620865146,0.0,0.007697201017811722,0.0030030030030030463,393,6.0
toyota,800,33,0,0,0,0.0025445292620865146,0.0,0.007697201017811722,0.0030030030030030463,393,6.0
toyota,800,34,0,0,0,0.0025445292620865146,0.0,0.007697201017811722,0.0030030030030030463,393,6.0
toyota,800,35,0,0,0,0.0025445292620865146,0.0,0.007697201017811722,0.0030030030030030463,393,6.0
toyota,800,36,0,0,0,0.0025445292620865146,0.0,0.007697201017811722,0.0030030030030030463,393,6.0
toyota,820,0,0,0,0,0.0,0.0,0.0,0.0,420,6.0
toyota,820,1,0,0,0,0.0,0.0,0.0,0.0,420,6.0
toyota,820,2,0,0,0,0.0,0.0,0.0,0.0,420,6.0
toyota,820,3,0,0,0,0.0,0.0,0.0,0.0,420,6.0
toyota,820,4,0,0,0,0.0,0.0,0.0,0.0,420,6.0
toyota,820,5,0,0,0,0.0,0.0,0.0,0.0,420,6.0
toyota,820,6,420,0,21,0.0,0.0,0.0,0.0,420,6.0
toyota,820,7,399,0,4,0.0,0.0,0.0,0.0,420,6.0
toyota,820,8,395,0,5,0.0,0.0,0.0,0.0,420,6.0
toyota,820,9,390,0,3,0.0,0.0,0.0,0.0,420,6.0
toyota,820,10,387,0,3,0.0,0.0,0.0,0.0,420,6.0
toyota,820,11,384,0,6,0.0,0.0,0.0,0.0,420,6.0
toyota,820,12,378,0,8,0.0,0.0,0.0,0.0,420,6.0
toyota,820,13,370,0,12,0.0,0.0,0.0,0.0,420,6.0
toyota,820,14,358,0,7,0.0,0.0,0.0,0.0,420,6.0
toyota,820,15,351,0,5,0.0,0.0,0.0,0.0,420,6.0
toyota,820,16,346,0,6,0.0,0.0,0.0,0.0,420,6.0
toyota,820,17,340,0,5,0.0,0.0,0.0,0.0,420,6.0
toyota,820,18,335,0,10,0.0,0.0,0.0,0.0,420,6.0
toyota,820,19,325,0,5,0.0,0.0,0.0,0.0,420,6.0
toyota,820,20,320,0,6,0.0,0.0,0.0,0.0,420,6.0
toyota,820,21,314,0,9,0.0,0.0,0.0,0.0,420,6.0
toyota,820,22,305,0,2,0.0,0.0,0.0,0.0,420,6.0
toyota,820,23,303,0,5,0.0,0.0,0.0,0.0,420,6.0
toyota,820,24,298,0,7,0.0,0.0,0.0,0.0,420,6.0
toyota,820,25,0,0,0,0.0,0.0,0.0,0.0,420,6.0
toyota,820,26,0,0,0,0.0,0.0,0.0,0.0,420,6.0
toyota,820,27,0,0,0,0.0,0.0,0.0,0.0,420,6.0
toyota,820,28,0,0,0,0.0,0.0,0.0,0.0,420,6.0
toyota,820,29,0,0,0,0.0,0.0,0.0,0.0,420,6.0
toyota,820,30,0,0,0,0.0,0.0,0.0,0.0,420,6.0
toyota,820,31,0,0,0,0.0,0.0,0.0,0.0,420,6.0
toyota,820,32,0,0,0,0.0,0.0,0.0,0.0,420,6.0
toyota,820,33,0,0,0,0.0,0.0,0.0,0.0,420,6.0
toyota,820,34,0,0,0,0.0,0.0,0.0,0.0,420,6.0
toyota,820,35,0,0,0,0.0,0.0,0.0,0.0,420,6.0
toyota,820,36,0,0,0,0.0,0.0,0.0,0.0,420,6.0
toyota,840,0,0,0,0,0.0,0.0,0.0,0.0,384,6.0
toyota,840,1,0,0,0,0.0,0.0,0.0,0.0,384,6.0
toyota,840,2,0,0,0,0.0,0.0,0.0,0.0,384,6.0
toyota,840,3,0,0,0,0.0,0.0,0.0,0.0,384,6.0
toyota,840,4,0,0,0,0.0,0.0,0.0,0.0,384,6.0
toyota,840,5,0,0,0,0.0,0.0,0.0,0.0,384,6.0
toyota,840,6,384,0,18,0.0,0.0,0.0,0.0,384,6.0
toyota,840,7,366,0,6,0.0,0.0,0.0,0.0,384,6.0
toyota,840,8,360,0,5,0.0,0.0,0.0,0.0,384,6.0
toyota,840,9,355,0,10,0.0,0.0,0.0,0.0,384,6.0
toyota,840,10,345,0,4,0.0,0.0,0.0,0.0,384,6.0
toyota,840,11,341,0,9,0.0,0.0,0.0,0.0,384,6.0
toyota,840,12,332,0,10,0.0,0.0,0.0,0.0,384,6.0
toyota,840,13,322,0,6,0.0,0.0,0.0,0.0,384,6.0
toyota,840,14,316,0,4,0.0,0.0,0.0,0.0,384,6.0
toyota,840,15,312,0,4,0.0,0.0,0.0,0.0,384,6.0
toyota,840,16,308,0,7,0.0,0.0,0.0,0.0,384,6.0
toyota,840,17,301,0,6,0.0,0.0,0.0,0.0,384,6.0
toyota,840,18,295,0,5,0.0,0.0,0.0,0.0,384,6.0
toyota,840,19,290,0,5,0.0,0.0,0.0,0.0,384,6.0
toyota,840,20,285,0,5,0.0,0.0,0.0,0.0,384,6.0
toyota,840,21,280,0,4,0.0,0.0,0.0,0.0,384,6.0
toyota,840,22,276,0,7,0.0,0.0,0.0,0.0,384,6.0
toyota,840,23,269,0,8,0.0,0.0,0.0,0.0,384,6.0
toyota,840,24,261,0,5,0.0,0.0,0.0,0.0,384,6.0
toyota,840,25,0,0,0,0.0,0.0,0.0,0.0,384,6.0
toyota,840,26,0,0,0,0.0,0.0,0.0,0.0,384,6.0
toyota,840,27,0,0,0,0.0,0.0,0.0,0.0,384,6.0
toyota,840,28,0,0,0,0.0,0.0,0.0,0.0,384,6.0
toyota,840,29,0,0,0,0.0,0.0,0.0,0.0,384,6.0
toyota,840,30,0,0,0,0.0,0.0,0.0,0.0,384,6.0
toyota,840,31,0,0,0,0.0,0.0,0.0,0.0,384,6.0
toyota,840,32,0,0,0,0.0,0.0,0.0,0.0,384,6.0
toyota,840,33,0,0,0,0.0,0.0,0.0,0.0,384,6.0
toyota,840,34,0,0,0,0.0,0.0,0.0,0.0,384,6.0
toyota,840,35,0,0,0,0.0,0.0,0.0,0.0,384,6.0
toyota,840,36,0,0,0,0.0,0.0,0.0,0.0,384,6.0
toyota,860,0,0,0,0,0.0,0.0,0.0,0.0,284,6.0
toyota,860,1,0,0,0,0.0,0.0,0.0,0.0,284,6.0
toyota,860,2,0,0,0,0.0,0.0,0.0,0.0,284,6.0
toyota,860,3,0,0,0,0.0,0.0,0.0,0.0,284,6.0
toyota,860,4,0,0,0,0.0,0.0,0.0,0.0,284,6.0
toyota,860,5,0,0,0,0.0,0.0,0.0,0.0,284,6.0
toyota,860,6,284,0,8,0.0,0.0,0.0,0.0,284,6.0
toyota,860,7,276,0,5,0.0,0.0,0.0,0.0,284,6.0
toyota,860,8,271,0,8,0.0,0.0,0.0,0.0,284,6.0
toyota,860,9,263,0,2,0.0,0.0,0.0,0.0,284,6.0
toyota,860,10,261,0,2,0.0,0.0,0.0,0.0,284,6.0
toyota,860,11,259,0,3,0.0,0.0,0.0,0.0,284,6.0
toyota,860,12,256,0,6,0.0,0.0,0.0,0.0,284,6.0
toyota,860,13,250,0,7,0.0,0.0,0.0,0.0,284,6.0
toyota,860,14,243,0,3,0.0,0.0,0.0,0.0,284,6.0
toyota,860,15,240,0,6,0.0,0.0,0.0,0.0,284,6.0
toyota,860,16,234,0,4,0.0,0.0,0.0,0.0,284,6.0
toyota,860,17,230,0,3,0.0,0.0,0.0,0.0,284,6.0
toyota,860,18,227,0,4,0.0,0.0,0.0,0.0,284,6.0
toyota,860,19,223,0,5,0.0,0.0,0.0,0.0,284,6.0
toyota,860,20,218,0,4,0.0,0.0,0.0,0.0,284,6.0
toyota,860,21,214,0,3,0.0,0.0,0.0,0.0,284,6.0
toyota,860,22,211,0,3,0.0,0.0,0.0,0.0,284,6.0
toyota,860,23,208,0,5,0.0,0.0,0.0,0.0,284,6.0
toyota,860,24,203,0,2,0.0,0.0,0.0,0.0,284,6.0
toyota,860,25,0,0,0,0.0,0.0,0.0,0.0,284,6.0
toyota,860,26,0,0,0,0.0,0.0,0.0,0.0,284,6.0
toyota,860,27,0,0,0,0.0,0.0,0.0,0.0,284,6.0
toyota,860,28,0,0,0,0.0,0.0,0.0,0.0,284,6.0
toyota,860,29,0,0,0,0.0,0.0,0.0,0.0,284,6.0
toyota,860,30,0,0,0,0.0,0.0,0.0,0.0,284,6.0
toyota,860,31,0,0,0,0.0,0.0,0.0,0.0,284,6.0
toyota,860,32,0,0,0,0.0,0.0,0.0,0.0,284,6.0
toyota,860,33,0,0,0,0.0,0.0,0.0,0.0,284,6.0
toyota,860,34,0,0,0,0.0,0.0,0.0,0.0,284,6.0
toyota,860,35,0,0,0,0.0,0.0,0.0,0.0,284,6.0
toyota,860,36,0,0,0,0.0,0.0,0.0,0.0,284,6.0
toyota,880,0,0,0,0,0.0,0.0,0.0,0.0,103,6.0
toyota,880,1,0,0,0,0.0,0.0,0.0,0.0,103,6.0
toyota,880,2,0,0,0,0.0,0.0,0.0,0.0,103,6.0
toyota,880,3,0,0,0,0.0,0.0,0.0,0.0,103,6.0
toyota,880,4,0,0,0,0.0,0.0,0.0,0.0,103,6.0
toyota,880,5,0,0,0,0.0,0.0,0.0,0.0,103,6.0
toyota,880,6,103,0,3,0.0,0.0,0.0,0.0,103,6.0
toyota,880,7,100,0,3,0.0,0.0,0.0,0.0,103,6.0
toyota,880,8,97,0,2,0.0,0.0,0.0,0.0,103,6.0
toyota,880,9,95,0,0,0.0,0.0,0.0,0.0,103,6.0
toyota,880,10,95,0,2,0.0,0.0,0.0,0.0,103,6.0
toyota,880,11,93,0,1,0.0,0.0,0.0,0.0,103,6.0
toyota,880,12,92,0,2,0.0,0.0,0.0,0.0,103,6.0
toyota,880,13,90,0,1,0.0,0.0,0.0,0.0,103,6.0
toyota,880,14,89,0,0,0.0,0.0,0.0,0.0,103,6.0
toyota,880,15,89,0,1,0.0,0.0,0.0,0.0,103,6.0
toyota,880,16,88,0,0,0.0,0.0,0.0,0.0,103,6.0
toyota,880,17,88,0,2,0.0,0.0,0.0,0.0,103,6.0
toyota,880,18,86,0,2,0.0,0.0,0.0,0.0,103,6.0
toyota,880,19,84,0,4,0.0,0.0,0.0,0.0,103,6.0
toyota,880,20,80,0,3,0.0,0.0,0.0,0.0,103,6.0
toyota,880,21,77,0,1,0.0,0.0,0.0,0.0,103,6.0
toyota,880,22,76,0,0,0.0,0.0,0.0,0.0,103,6.0
toyota,880,23,76,0,2,0.0,0.0,0.0,0.0,103,6.0
toyota,880,24,74,0,3,0.0,0.0,0.0,0.0,103,6.0
toyota,880,25,0,0,0,0.0,0.0,0.0,0.0,103,6.0
toyota,880,26,0,0,0,0.0,0.0,0.0,0.0,103,6.0
toyota,880,27,0,0,0,0.0,0.0,0.0,0.0,103,6.0
toyota,880,28,0,0,0,0.0,0.0,0.0,0.0,103,6.0
toyota,880,29,0,0,0,0.0,0.0,0.0,0.0,103,6.0
toyota,880,30,0,0,0,0.0,0.0,0.0,0.0,103,6.0
toyota,880,31,0,0,0,0.0,0.0,0.0,0.0,103,6.0
toyota,880,32,0,0,0,0.0,0.0,0.0,0.0,103,6.0
toyota,880,33,0,0,0,0.0,0.0,0.0,0.0,103,6.0
toyota,880,34,0,0,0,0.0,0.0,0.0,0.0,103,6.0
toyota,880,35,0,0,0,0.0,0.0,0.0,0.0,103,6.0
toyota,880,36,0,0,0,0.0,0.0,0.0,0.0,103,6.0
toyota,900,0,0,0,0,0.0,0.0,0.0,0.0,7,6.0
toyota,900,1,0,0,0,0.0,0.0,0.0,0.0,7,6.0
toyota,900,2,0,0,0,0.0,0.0,0.0,0.0,7,6.0
toyota,900,3,0,0,0,0.0,0.0,0.0,0.0,7,6.0
toyota,900,4,0,0,0,0.0,0.0,0.0,0.0,7,6.0
toyota,900,5,0,0,0,0.0,0.0,0.0,0.0,7,6.0
toyota,900,6,7,0,0,0.0,0.0,0.0,0.0,7,6.0
toyota,900,7,7,0,0,0.0,0.0,0.0,0.0,7,6.0
toyota,900,8,7,0,0,0.0,0.0,0.0,0.0,7,6.0
toyota,900,9,7,0,0,0.0,0.0,0.0,0.0,7,6.0
toyota,900,10,7,0,0,0.0,0.0,0.0,0.0,7,6.0
toyota,900,11,7,0,0,0.0,0.0,0.0,0.0,7,6.0
toyota,900,12,7,0,0,0.0,0.0,0.0,0.0,7,6.0
toyota,900,13,7,0,0,0.0,0.0,0.0,0.0,7,6.0
toyota,900,14,7,0,0,0.0,0.0,0.0,0.0,7,6.0
toyota,900,15,7,0,0,0.0,0.0,0.0,0.0,7,6.0
toyota,900,16,7,0,0,0.0,0.0,0.0,0.0,7,6.0
toyota,900,17,7,0,0,0.0,0.0,0.0,0.0,7,6.0
toyota,900,18,7,0,0,0.0,0.0,0.0,0.0,7,6.0
toyota,900,19,7,0,1,0.0,0.0,0.0,0.0,7,6.0
toyota,900,20,6,0,0,0.0,0.0,0.0,0.0,7,6.0
toyota,900,21,6,0,0,0.0,0.0,0.0,0.0,7,6.0
toyota,900,22,6,0,1,0.0,0.0,0.0,0.0,7,6.0
toyota,900,23,5,0,0,0.0,0.0,0.0,0.0,7,6.0
toyota,900,24,5,0,2,0.0,0.0,0.0,0.0,7,6.0
toyota,900,25,0,0,0,0.0,0.0,0.0,0.0,7,6.0
toyota,900,26,0,0,0,0.0,0.0,0.0,0.0,7,6.0
toyota,900,27,0,0,0,0.0,0.0,0.0,0.0,7,6.0
toyota,900,28,0,0,0,0.0,0.0,0.0,0.0,7,6.0
toyota,900,29,0,0,0,0.0,0.0,0.0,0.0,7,6.0
toyota,900,30,0,0,0,0.0,0.0,0.0,0.0,7,6.0
toyota,900,31,0,0,0,0.0,0.0,0.0,0.0,7,6.0
toyota,900,32,0,0,0,0.0,0.0,0.0,0.0,7,6.0
toyota,900,33,0,0,0,0.0,0.0,0.0,0.0,7,6.0
toyota,900,34,0,0,0,0.0,0.0,0.0,0.0,7,6.0
toyota,900,35,0,0,0,0.0,0.0,0.0,0.0,7,6.0
toyota,900,36,0,0,0,0.0,0.0,0.0,0.0,7,6.0
